=== PHASE 3 START 2026-08-31T09:14:27Z ===
[config] experiment=CD (default)  output=/home/chan/Research/Monomer_screening_in_Bio/results  unconsumed_keys=4
[config] experiment=CD (default)  output=/home/chan/Research/Monomer_screening_in_Bio/results  unconsumed_keys=4
--fresh: archived /home/chan/Research/Monomer_screening_in_Bio/results/phase3 → /home/chan/Research/Monomer_screening_in_Bio/results.archive_20260831_091428Z/phase3
--fresh: archived 1 director(ies) to /home/chan/Research/Monomer_screening_in_Bio/results.archive_20260831_091428Z
2026-08-31 18:14:28,174 [Pipeline] Targets: ['CD9', 'CD63', 'CD81']
2026-08-31 18:14:28,174 [Pipeline] Output: /home/chan/Research/Monomer_screening_in_Bio/results
2026-08-31 18:14:28,180 [Pipeline] Fresh run: phases [3] cleared, downstream [4, 5, 6] also dropped from manifest (they depend on the re-run phases)
2026-08-31 18:14:28,181 [Pipeline] Phase 1: LOADED as an input to [3]
2026-08-31 18:14:28,181 [Pipeline] --skip-verify: Phase 1 NOT verified. A failed phase will not stop this run.
2026-08-31 18:14:28,186 [Pipeline] Phase 2: LOADED as an input to [3]
2026-08-31 18:14:28,186 [Pipeline] --skip-verify: Phase 2 NOT verified. A failed phase will not stop this run.
2026-08-31 18:14:28,187 [Pipeline] 
==================== PHASE 3 ====================
2026-08-31 18:14:28,299 [Pipeline]   Phase 3: CD63 receptor is GLYCOSYLATED (CD63_receptor_glyco.pdbqt); it will be used as own target AND as cross-target for CD9/CD81 combos.
2026-08-31 18:14:28,301 [Pipeline] 
==================== Phase 3 Greedy+MMSD: CD9 ====================
2026-08-31 18:14:28,301 [Pipeline]   Selectivity-aware MMSD enabled: cross-docking vs ['CD63', 'CD81']
2026-08-31 18:14:28,303 [Pipeline] 
  Using NSGA-II 3-objective optimization (Affinity + Selectivity + Synthesizability)
2026-08-31 18:14:28,687 [Pipeline] 
  NSGA-II Multi-Objective Optimization:
2026-08-31 18:14:28,687 [Pipeline]     Pop size=20, Generations=15, Total evals ≤ 300
2026-08-31 18:14:28,766 [Pipeline] Custom AD4 parameters (B, Si) written: /home/chan/Research/Monomer_screening_in_Bio/results/phase3/CD9/NSGA_1_CETES/step0_APBA/AD4_parameters_custom.dat
2026-08-31 18:14:28,766 [Pipeline] GPF written → /home/chan/Research/Monomer_screening_in_Bio/results/phase3/CD9/NSGA_1_CETES/step0_APBA/CD9_receptor_APBA.gpf
2026-08-31 18:14:28,933 [Pipeline] DPF written → /home/chan/Research/Monomer_screening_in_Bio/results/phase3/CD9/NSGA_1_CETES/step0_APBA/CD9_receptor_APBA.dpf
2026-08-31 18:14:28,933 [Pipeline] AutoDock-GPU settings not transferable from DPF: parameter_file: AD-GPU ignores it. Receptor-side Si/B parameters reach the run only through the AutoGrid maps; ligand-internal ones only through --modpair (applied) | ls_search_freq / set_psw1 / sw_*: AD-GPU uses ADADELTA local search at 100% rate; the DPF's Solis-Wets block does not apply and the GPU search protocol is NOT identical to AD4 CPU | ga_num_evals is a CEILING on the GPU: --autostop 1 ends a run on convergence, so the DLG's 'evaluations performed' is normally well below the configured budget
2026-08-31 18:14:30,090 [Pipeline] AutoDock-GPU completed: CD9_receptor_APBA.dlg (seed (20260812, 147247180, 187244364))
2026-08-31 18:14:30,091 [Pipeline] Parsed 25 clusters from CD9_receptor_APBA.dlg
2026-08-31 18:14:30,091 [Pipeline] Parsed 25 clusters from CD9_receptor_APBA.dlg
2026-08-31 18:14:30,092 [Pipeline] Parsed 25 clusters from CD9_receptor_APBA.dlg
2026-08-31 18:14:30,093 [Pipeline] Merged receptor+ligand → /home/chan/Research/Monomer_screening_in_Bio/results/phase3/CD9/NSGA_1_CETES/receptor_step0.pdb
2026-08-31 18:14:30,401 [Pipeline] Receptor PDBQT [ADFR prepare_receptor4 (python2.7)] → /home/chan/Research/Monomer_screening_in_Bio/results/phase3/CD9/NSGA_1_CETES/receptor_step0.pdbqt
2026-08-31 18:14:30,402 [Pipeline]   charge check skipped (indeterminate: non-standard residues ['UNL']); net=-0.970 e
2026-08-31 18:14:30,406 [Pipeline] Custom AD4 parameters (B, Si) written: /home/chan/Research/Monomer_screening_in_Bio/results/phase3/CD9/NSGA_1_CETES/step1_PTES/AD4_parameters_custom.dat
2026-08-31 18:14:30,406 [Pipeline] GPF written → /home/chan/Research/Monomer_screening_in_Bio/results/phase3/CD9/NSGA_1_CETES/step1_PTES/receptor_step0_PTES.gpf
2026-08-31 18:14:31,820 [Pipeline] DPF written → /home/chan/Research/Monomer_screening_in_Bio/results/phase3/CD9/NSGA_1_CETES/step1_PTES/receptor_step0_PTES.dpf
2026-08-31 18:14:31,820 [Pipeline] AutoDock-GPU settings not transferable from DPF: parameter_file: AD-GPU ignores it. Receptor-side Si/B parameters reach the run only through the AutoGrid maps; ligand-internal ones only through --modpair (applied) | ls_search_freq / set_psw1 / sw_*: AD-GPU uses ADADELTA local search at 100% rate; the DPF's Solis-Wets block does not apply and the GPU search protocol is NOT identical to AD4 CPU | ga_num_evals is a CEILING on the GPU: --autostop 1 ends a run on convergence, so the DLG's 'evaluations performed' is normally well below the configured budget
2026-08-31 18:14:32,964 [Pipeline] AutoDock-GPU completed: receptor_step0_PTES.dlg (seed (20260812, 1549021872, 1586904392))
2026-08-31 18:14:32,964 [Pipeline] Parsed 25 clusters from receptor_step0_PTES.dlg
2026-08-31 18:14:32,965 [Pipeline] Parsed 25 clusters from receptor_step0_PTES.dlg
2026-08-31 18:14:32,966 [Pipeline] Parsed 25 clusters from receptor_step0_PTES.dlg
2026-08-31 18:14:32,967 [Pipeline] Merged receptor+ligand → /home/chan/Research/Monomer_screening_in_Bio/results/phase3/CD9/NSGA_1_CETES/receptor_step1.pdb
2026-08-31 18:14:33,174 [Pipeline] Receptor PDBQT [ADFR prepare_receptor4 (python2.7)] → /home/chan/Research/Monomer_screening_in_Bio/results/phase3/CD9/NSGA_1_CETES/receptor_step1.pdbqt
2026-08-31 18:14:33,175 [Pipeline]   charge check skipped (indeterminate: non-standard residues ['UNL']); net=-0.970 e
2026-08-31 18:14:33,212 [Pipeline] Custom AD4 parameters (B, Si) written: /home/chan/Research/Monomer_screening_in_Bio/results/phase3/CD9/NSGA_1_CETES/step2_CETES/AD4_parameters_custom.dat
2026-08-31 18:14:33,212 [Pipeline] GPF written → /home/chan/Research/Monomer_screening_in_Bio/results/phase3/CD9/NSGA_1_CETES/step2_CETES/receptor_step1_CETES.gpf
2026-08-31 18:14:34,660 [Pipeline] DPF written → /home/chan/Research/Monomer_screening_in_Bio/results/phase3/CD9/NSGA_1_CETES/step2_CETES/receptor_step1_CETES.dpf
2026-08-31 18:14:34,661 [Pipeline] AutoDock-GPU settings not transferable from DPF: parameter_file: AD-GPU ignores it. Receptor-side Si/B parameters reach the run only through the AutoGrid maps; ligand-internal ones only through --modpair (applied) | ls_search_freq / set_psw1 / sw_*: AD-GPU uses ADADELTA local search at 100% rate; the DPF's Solis-Wets block does not apply and the GPU search protocol is NOT identical to AD4 CPU | ga_num_evals is a CEILING on the GPU: --autostop 1 ends a run on convergence, so the DLG's 'evaluations performed' is normally well below the configured budget
2026-08-31 18:14:35,848 [Pipeline] AutoDock-GPU completed: receptor_step1_CETES.dlg (seed (20260812, 1049973783, 1087740839))
2026-08-31 18:14:35,849 [Pipeline] Parsed 25 clusters from receptor_step1_CETES.dlg
2026-08-31 18:14:35,849 [Pipeline] Parsed 25 clusters from receptor_step1_CETES.dlg
2026-08-31 18:14:35,850 [Pipeline] Parsed 25 clusters from receptor_step1_CETES.dlg
2026-08-31 18:14:35,851 [Pipeline] Merged receptor+ligand → /home/chan/Research/Monomer_screening_in_Bio/results/phase3/CD9/NSGA_1_CETES/receptor_step2.pdb
2026-08-31 18:14:36,048 [Pipeline] Receptor PDBQT [ADFR prepare_receptor4 (python2.7)] → /home/chan/Research/Monomer_screening_in_Bio/results/phase3/CD9/NSGA_1_CETES/receptor_step2.pdbqt
2026-08-31 18:14:36,048 [Pipeline]   charge check skipped (indeterminate: non-standard residues ['UNL']); net=-0.969 e
2026-08-31 18:14:36,055 [Pipeline] Custom AD4 parameters (B, Si) written: /home/chan/Research/Monomer_screening_in_Bio/results/phase3/CD9/NSGA_1_CETES/step3_TTMS/AD4_parameters_custom.dat
2026-08-31 18:14:36,055 [Pipeline] GPF written → /home/chan/Research/Monomer_screening_in_Bio/results/phase3/CD9/NSGA_1_CETES/step3_TTMS/receptor_step2_TTMS.gpf
2026-08-31 18:14:37,549 [Pipeline] DPF written → /home/chan/Research/Monomer_screening_in_Bio/results/phase3/CD9/NSGA_1_CETES/step3_TTMS/receptor_step2_TTMS.dpf
2026-08-31 18:14:37,549 [Pipeline] AutoDock-GPU settings not transferable from DPF: parameter_file: AD-GPU ignores it. Receptor-side Si/B parameters reach the run only through the AutoGrid maps; ligand-internal ones only through --modpair (applied) | ls_search_freq / set_psw1 / sw_*: AD-GPU uses ADADELTA local search at 100% rate; the DPF's Solis-Wets block does not apply and the GPU search protocol is NOT identical to AD4 CPU | ga_num_evals is a CEILING on the GPU: --autostop 1 ends a run on convergence, so the DLG's 'evaluations performed' is normally well below the configured budget
2026-08-31 18:14:38,428 [Pipeline] AutoDock-GPU completed: receptor_step2_TTMS.dlg (seed (20260812, 1821052748, 1861439564))
2026-08-31 18:14:38,429 [Pipeline] Parsed 25 clusters from receptor_step2_TTMS.dlg
2026-08-31 18:14:38,429 [Pipeline] Parsed 25 clusters from receptor_step2_TTMS.dlg
2026-08-31 18:14:38,430 [Pipeline] Parsed 25 clusters from receptor_step2_TTMS.dlg
2026-08-31 18:14:38,431 [Pipeline] Merged receptor+ligand → /home/chan/Research/Monomer_screening_in_Bio/results/phase3/CD9/NSGA_1_CETES/receptor_step3.pdb
2026-08-31 18:14:38,641 [Pipeline] Receptor PDBQT [ADFR prepare_receptor4 (python2.7)] → /home/chan/Research/Monomer_screening_in_Bio/results/phase3/CD9/NSGA_1_CETES/receptor_step3.pdbqt
2026-08-31 18:14:38,641 [Pipeline]   charge check skipped (indeterminate: non-standard residues ['UNL']); net=-0.969 e
2026-08-31 18:14:38,648 [Pipeline] Custom AD4 parameters (B, Si) written: /home/chan/Research/Monomer_screening_in_Bio/results/phase3/CD9/NSGA_1_CETES/step4_IBTES/AD4_parameters_custom.dat
2026-08-31 18:14:38,648 [Pipeline] GPF written → /home/chan/Research/Monomer_screening_in_Bio/results/phase3/CD9/NSGA_1_CETES/step4_IBTES/receptor_step3_IBTES.gpf
2026-08-31 18:14:40,093 [Pipeline] DPF written → /home/chan/Research/Monomer_screening_in_Bio/results/phase3/CD9/NSGA_1_CETES/step4_IBTES/receptor_step3_IBTES.dpf
2026-08-31 18:14:40,093 [Pipeline] AutoDock-GPU settings not transferable from DPF: parameter_file: AD-GPU ignores it. Receptor-side Si/B parameters reach the run only through the AutoGrid maps; ligand-internal ones only through --modpair (applied) | ls_search_freq / set_psw1 / sw_*: AD-GPU uses ADADELTA local search at 100% rate; the DPF's Solis-Wets block does not apply and the GPU search protocol is NOT identical to AD4 CPU | ga_num_evals is a CEILING on the GPU: --autostop 1 ends a run on convergence, so the DLG's 'evaluations performed' is normally well below the configured budget
2026-08-31 18:14:41,000 [Pipeline] AutoDock-GPU completed: receptor_step3_IBTES.dlg (seed (20260812, 872205429, 872354693))
2026-08-31 18:14:41,001 [Pipeline] Parsed 25 clusters from receptor_step3_IBTES.dlg
2026-08-31 18:14:41,002 [Pipeline] Parsed 25 clusters from receptor_step3_IBTES.dlg
2026-08-31 18:14:41,002 [Pipeline] Parsed 25 clusters from receptor_step3_IBTES.dlg
2026-08-31 18:14:41,003 [Pipeline] Merged receptor+ligand → /home/chan/Research/Monomer_screening_in_Bio/results/phase3/CD9/NSGA_1_CETES/receptor_step4.pdb
2026-08-31 18:14:41,222 [Pipeline] Receptor PDBQT [ADFR prepare_receptor4 (python2.7)] → /home/chan/Research/Monomer_screening_in_Bio/results/phase3/CD9/NSGA_1_CETES/receptor_step4.pdbqt
2026-08-31 18:14:41,223 [Pipeline]   charge check skipped (indeterminate: non-standard residues ['UNL']); net=-0.970 e
2026-08-31 18:14:41,223 [Pipeline]     Generating PDBQT for TEOS from current library SMILES
2026-08-31 18:14:41,286 [Pipeline]   TEOS: proxy substitution for PDBQT: Si(1)
2026-08-31 18:14:41,433 [Pipeline] NumExpr defaulting to 12 threads.
2026-08-31 18:14:41,604 [Pipeline]   Restored 1 Si atom(s) in PDBQT (coordinate-matched)
2026-08-31 18:14:41,605 [Pipeline] Monomer TEOS → /home/chan/Research/Monomer_screening_in_Bio/results/phase3/monomers/TEOS.pdbqt
2026-08-31 18:14:41,607 [Pipeline] Custom AD4 parameters (B, Si) written: /home/chan/Research/Monomer_screening_in_Bio/results/phase3/CD9/NSGA_1_CETES/step5_TEOS/AD4_parameters_custom.dat
2026-08-31 18:14:41,607 [Pipeline] GPF written → /home/chan/Research/Monomer_screening_in_Bio/results/phase3/CD9/NSGA_1_CETES/step5_TEOS/receptor_step4_TEOS.gpf
2026-08-31 18:14:43,347 [Pipeline] DPF written → /home/chan/Research/Monomer_screening_in_Bio/results/phase3/CD9/NSGA_1_CETES/step5_TEOS/receptor_step4_TEOS.dpf
2026-08-31 18:14:43,347 [Pipeline] AutoDock-GPU settings not transferable from DPF: parameter_file: AD-GPU ignores it. Receptor-side Si/B parameters reach the run only through the AutoGrid maps; ligand-internal ones only through --modpair (applied) | ls_search_freq / set_psw1 / sw_*: AD-GPU uses ADADELTA local search at 100% rate; the DPF's Solis-Wets block does not apply and the GPU search protocol is NOT identical to AD4 CPU | ga_num_evals is a CEILING on the GPU: --autostop 1 ends a run on convergence, so the DLG's 'evaluations performed' is normally well below the configured budget
2026-08-31 18:14:44,333 [Pipeline] AutoDock-GPU completed: receptor_step4_TEOS.dlg (seed (20260812, 1270892758, 1277859558))
2026-08-31 18:14:44,334 [Pipeline] Parsed 25 clusters from receptor_step4_TEOS.dlg
2026-08-31 18:14:44,335 [Pipeline] Parsed 25 clusters from receptor_step4_TEOS.dlg
2026-08-31 18:14:44,336 [Pipeline] Parsed 25 clusters from receptor_step4_TEOS.dlg
2026-08-31 18:14:44,336 [Pipeline]     XL TEOS: BE=-2.63
2026-08-31 18:14:44,337 [Pipeline]     Generating PDBQT for TMOS from current library SMILES
2026-08-31 18:14:44,341 [Pipeline]   TMOS: proxy substitution for PDBQT: Si(1)
2026-08-31 18:14:44,342 [Pipeline]   Restored 1 Si atom(s) in PDBQT (coordinate-matched)
2026-08-31 18:14:44,364 [Pipeline] Monomer TMOS → /home/chan/Research/Monomer_screening_in_Bio/results/phase3/monomers/TMOS.pdbqt
2026-08-31 18:14:44,365 [Pipeline] Custom AD4 parameters (B, Si) written: /home/chan/Research/Monomer_screening_in_Bio/results/phase3/CD9/NSGA_1_CETES/step5_TMOS/AD4_parameters_custom.dat
2026-08-31 18:14:44,366 [Pipeline] GPF written → /home/chan/Research/Monomer_screening_in_Bio/results/phase3/CD9/NSGA_1_CETES/step5_TMOS/receptor_step4_TMOS.gpf
2026-08-31 18:14:45,856 [Pipeline] DPF written → /home/chan/Research/Monomer_screening_in_Bio/results/phase3/CD9/NSGA_1_CETES/step5_TMOS/receptor_step4_TMOS.dpf
2026-08-31 18:14:45,856 [Pipeline] AutoDock-GPU settings not transferable from DPF: parameter_file: AD-GPU ignores it. Receptor-side Si/B parameters reach the run only through the AutoGrid maps; ligand-internal ones only through --modpair (applied) | ls_search_freq / set_psw1 / sw_*: AD-GPU uses ADADELTA local search at 100% rate; the DPF's Solis-Wets block does not apply and the GPU search protocol is NOT identical to AD4 CPU | ga_num_evals is a CEILING on the GPU: --autostop 1 ends a run on convergence, so the DLG's 'evaluations performed' is normally well below the configured budget
2026-08-31 18:14:46,698 [Pipeline] AutoDock-GPU completed: receptor_step4_TMOS.dlg (seed (20260812, 594624773, 595168917))
2026-08-31 18:14:46,699 [Pipeline] Parsed 25 clusters from receptor_step4_TMOS.dlg
2026-08-31 18:14:46,699 [Pipeline] Parsed 25 clusters from receptor_step4_TMOS.dlg
2026-08-31 18:14:46,700 [Pipeline] Parsed 25 clusters from receptor_step4_TMOS.dlg
2026-08-31 18:14:46,700 [Pipeline]     XL TMOS: BE=-2.63
2026-08-31 18:14:46,700 [Pipeline]     Best XL: TEOS (BE=-2.63)
2026-08-31 18:14:46,703 [Pipeline] Custom AD4 parameters (B, Si) written: /home/chan/Research/Monomer_screening_in_Bio/results/phase3/CD9/NSGA_1_CETES/cross_CD63/step0_APBA/AD4_parameters_custom.dat
2026-08-31 18:14:46,704 [Pipeline] GPF written → /home/chan/Research/Monomer_screening_in_Bio/results/phase3/CD9/NSGA_1_CETES/cross_CD63/step0_APBA/CD63_receptor_glyco_APBA.gpf
2026-08-31 18:14:53,795 [Pipeline] DPF written → /home/chan/Research/Monomer_screening_in_Bio/results/phase3/CD9/NSGA_1_CETES/cross_CD63/step0_APBA/CD63_receptor_glyco_APBA.dpf
2026-08-31 18:14:53,795 [Pipeline] AutoDock-GPU settings not transferable from DPF: parameter_file: AD-GPU ignores it. Receptor-side Si/B parameters reach the run only through the AutoGrid maps; ligand-internal ones only through --modpair (applied) | ls_search_freq / set_psw1 / sw_*: AD-GPU uses ADADELTA local search at 100% rate; the DPF's Solis-Wets block does not apply and the GPU search protocol is NOT identical to AD4 CPU | ga_num_evals is a CEILING on the GPU: --autostop 1 ends a run on convergence, so the DLG's 'evaluations performed' is normally well below the configured budget
2026-08-31 18:14:56,003 [Pipeline] AutoDock-GPU completed: CD63_receptor_glyco_APBA.dlg (seed (20260812, 1866055401, 1866580209))
2026-08-31 18:14:56,003 [Pipeline] Parsed 25 clusters from CD63_receptor_glyco_APBA.dlg
2026-08-31 18:14:56,004 [Pipeline] Parsed 25 clusters from CD63_receptor_glyco_APBA.dlg
2026-08-31 18:14:56,005 [Pipeline] Parsed 25 clusters from CD63_receptor_glyco_APBA.dlg
2026-08-31 18:14:56,010 [Pipeline] Merged receptor+ligand → /home/chan/Research/Monomer_screening_in_Bio/results/phase3/CD9/NSGA_1_CETES/cross_CD63/receptor_step0.pdb
2026-08-31 18:14:56,259 [Pipeline] Receptor PDBQT [ADFR prepare_receptor4 (python2.7)] → /home/chan/Research/Monomer_screening_in_Bio/results/phase3/CD9/NSGA_1_CETES/cross_CD63/receptor_step0.pdbqt
2026-08-31 18:14:56,259 [Pipeline]   charge check skipped (indeterminate: non-standard residues ['UNL']); net=+2.024 e
2026-08-31 18:14:56,262 [Pipeline] Custom AD4 parameters (B, Si) written: /home/chan/Research/Monomer_screening_in_Bio/results/phase3/CD9/NSGA_1_CETES/cross_CD63/step1_PTES/AD4_parameters_custom.dat
2026-08-31 18:14:56,262 [Pipeline] GPF written → /home/chan/Research/Monomer_screening_in_Bio/results/phase3/CD9/NSGA_1_CETES/cross_CD63/step1_PTES/receptor_step0_PTES.gpf
2026-08-31 18:15:00,709 [Pipeline] DPF written → /home/chan/Research/Monomer_screening_in_Bio/results/phase3/CD9/NSGA_1_CETES/cross_CD63/step1_PTES/receptor_step0_PTES.dpf
2026-08-31 18:15:00,709 [Pipeline] AutoDock-GPU settings not transferable from DPF: parameter_file: AD-GPU ignores it. Receptor-side Si/B parameters reach the run only through the AutoGrid maps; ligand-internal ones only through --modpair (applied) | ls_search_freq / set_psw1 / sw_*: AD-GPU uses ADADELTA local search at 100% rate; the DPF's Solis-Wets block does not apply and the GPU search protocol is NOT identical to AD4 CPU | ga_num_evals is a CEILING on the GPU: --autostop 1 ends a run on convergence, so the DLG's 'evaluations performed' is normally well below the configured budget
2026-08-31 18:15:02,840 [Pipeline] AutoDock-GPU completed: receptor_step0_PTES.dlg (seed (20260812, 1549021872, 1586904392))
2026-08-31 18:15:02,841 [Pipeline] Parsed 25 clusters from receptor_step0_PTES.dlg
2026-08-31 18:15:02,841 [Pipeline] Parsed 25 clusters from receptor_step0_PTES.dlg
2026-08-31 18:15:02,842 [Pipeline] Parsed 25 clusters from receptor_step0_PTES.dlg
2026-08-31 18:15:02,843 [Pipeline] Merged receptor+ligand → /home/chan/Research/Monomer_screening_in_Bio/results/phase3/CD9/NSGA_1_CETES/cross_CD63/receptor_step1.pdb
2026-08-31 18:15:03,078 [Pipeline] Receptor PDBQT [ADFR prepare_receptor4 (python2.7)] → /home/chan/Research/Monomer_screening_in_Bio/results/phase3/CD9/NSGA_1_CETES/cross_CD63/receptor_step1.pdbqt
2026-08-31 18:15:03,079 [Pipeline]   charge check skipped (indeterminate: non-standard residues ['UNL']); net=+2.024 e
2026-08-31 18:15:03,081 [Pipeline] Custom AD4 parameters (B, Si) written: /home/chan/Research/Monomer_screening_in_Bio/results/phase3/CD9/NSGA_1_CETES/cross_CD63/step2_CETES/AD4_parameters_custom.dat
2026-08-31 18:15:03,082 [Pipeline] GPF written → /home/chan/Research/Monomer_screening_in_Bio/results/phase3/CD9/NSGA_1_CETES/cross_CD63/step2_CETES/receptor_step1_CETES.gpf
2026-08-31 18:15:08,833 [Pipeline] DPF written → /home/chan/Research/Monomer_screening_in_Bio/results/phase3/CD9/NSGA_1_CETES/cross_CD63/step2_CETES/receptor_step1_CETES.dpf
2026-08-31 18:15:08,834 [Pipeline] AutoDock-GPU settings not transferable from DPF: parameter_file: AD-GPU ignores it. Receptor-side Si/B parameters reach the run only through the AutoGrid maps; ligand-internal ones only through --modpair (applied) | ls_search_freq / set_psw1 / sw_*: AD-GPU uses ADADELTA local search at 100% rate; the DPF's Solis-Wets block does not apply and the GPU search protocol is NOT identical to AD4 CPU | ga_num_evals is a CEILING on the GPU: --autostop 1 ends a run on convergence, so the DLG's 'evaluations performed' is normally well below the configured budget
2026-08-31 18:15:11,414 [Pipeline] AutoDock-GPU completed: receptor_step1_CETES.dlg (seed (20260812, 1049973783, 1087740839))
2026-08-31 18:15:11,415 [Pipeline] Parsed 25 clusters from receptor_step1_CETES.dlg
2026-08-31 18:15:11,416 [Pipeline] Parsed 25 clusters from receptor_step1_CETES.dlg
2026-08-31 18:15:11,416 [Pipeline] Parsed 25 clusters from receptor_step1_CETES.dlg
2026-08-31 18:15:11,417 [Pipeline] Merged receptor+ligand → /home/chan/Research/Monomer_screening_in_Bio/results/phase3/CD9/NSGA_1_CETES/cross_CD63/receptor_step2.pdb
2026-08-31 18:15:11,672 [Pipeline] Receptor PDBQT [ADFR prepare_receptor4 (python2.7)] → /home/chan/Research/Monomer_screening_in_Bio/results/phase3/CD9/NSGA_1_CETES/cross_CD63/receptor_step2.pdbqt
2026-08-31 18:15:11,673 [Pipeline]   charge check skipped (indeterminate: non-standard residues ['UNL']); net=+2.025 e
2026-08-31 18:15:11,675 [Pipeline] Custom AD4 parameters (B, Si) written: /home/chan/Research/Monomer_screening_in_Bio/results/phase3/CD9/NSGA_1_CETES/cross_CD63/step3_TTMS/AD4_parameters_custom.dat
2026-08-31 18:15:11,675 [Pipeline] GPF written → /home/chan/Research/Monomer_screening_in_Bio/results/phase3/CD9/NSGA_1_CETES/cross_CD63/step3_TTMS/receptor_step2_TTMS.gpf
2026-08-31 18:15:17,582 [Pipeline] DPF written → /home/chan/Research/Monomer_screening_in_Bio/results/phase3/CD9/NSGA_1_CETES/cross_CD63/step3_TTMS/receptor_step2_TTMS.dpf
2026-08-31 18:15:17,582 [Pipeline] AutoDock-GPU settings not transferable from DPF: parameter_file: AD-GPU ignores it. Receptor-side Si/B parameters reach the run only through the AutoGrid maps; ligand-internal ones only through --modpair (applied) | ls_search_freq / set_psw1 / sw_*: AD-GPU uses ADADELTA local search at 100% rate; the DPF's Solis-Wets block does not apply and the GPU search protocol is NOT identical to AD4 CPU | ga_num_evals is a CEILING on the GPU: --autostop 1 ends a run on convergence, so the DLG's 'evaluations performed' is normally well below the configured budget
2026-08-31 18:15:19,429 [Pipeline] AutoDock-GPU completed: receptor_step2_TTMS.dlg (seed (20260812, 1821052748, 1861439564))
2026-08-31 18:15:19,430 [Pipeline] Parsed 25 clusters from receptor_step2_TTMS.dlg
2026-08-31 18:15:19,431 [Pipeline] Parsed 25 clusters from receptor_step2_TTMS.dlg
2026-08-31 18:15:19,431 [Pipeline] Parsed 25 clusters from receptor_step2_TTMS.dlg
2026-08-31 18:15:19,432 [Pipeline] Merged receptor+ligand → /home/chan/Research/Monomer_screening_in_Bio/results/phase3/CD9/NSGA_1_CETES/cross_CD63/receptor_step3.pdb
2026-08-31 18:15:19,703 [Pipeline] Receptor PDBQT [ADFR prepare_receptor4 (python2.7)] → /home/chan/Research/Monomer_screening_in_Bio/results/phase3/CD9/NSGA_1_CETES/cross_CD63/receptor_step3.pdbqt
2026-08-31 18:15:19,705 [Pipeline]   charge check skipped (indeterminate: non-standard residues ['UNL']); net=+2.025 e
2026-08-31 18:15:19,712 [Pipeline] Custom AD4 parameters (B, Si) written: /home/chan/Research/Monomer_screening_in_Bio/results/phase3/CD9/NSGA_1_CETES/cross_CD63/step4_IBTES/AD4_parameters_custom.dat
2026-08-31 18:15:19,712 [Pipeline] GPF written → /home/chan/Research/Monomer_screening_in_Bio/results/phase3/CD9/NSGA_1_CETES/cross_CD63/step4_IBTES/receptor_step3_IBTES.gpf
2026-08-31 18:15:25,738 [Pipeline] DPF written → /home/chan/Research/Monomer_screening_in_Bio/results/phase3/CD9/NSGA_1_CETES/cross_CD63/step4_IBTES/receptor_step3_IBTES.dpf
2026-08-31 18:15:25,738 [Pipeline] AutoDock-GPU settings not transferable from DPF: parameter_file: AD-GPU ignores it. Receptor-side Si/B parameters reach the run only through the AutoGrid maps; ligand-internal ones only through --modpair (applied) | ls_search_freq / set_psw1 / sw_*: AD-GPU uses ADADELTA local search at 100% rate; the DPF's Solis-Wets block does not apply and the GPU search protocol is NOT identical to AD4 CPU | ga_num_evals is a CEILING on the GPU: --autostop 1 ends a run on convergence, so the DLG's 'evaluations performed' is normally well below the configured budget
2026-08-31 18:15:27,769 [Pipeline] AutoDock-GPU completed: receptor_step3_IBTES.dlg (seed (20260812, 872205429, 872354693))
2026-08-31 18:15:27,770 [Pipeline] Parsed 25 clusters from receptor_step3_IBTES.dlg
2026-08-31 18:15:27,771 [Pipeline] Parsed 25 clusters from receptor_step3_IBTES.dlg
2026-08-31 18:15:27,772 [Pipeline] Parsed 25 clusters from receptor_step3_IBTES.dlg
2026-08-31 18:15:27,772 [Pipeline] Merged receptor+ligand → /home/chan/Research/Monomer_screening_in_Bio/results/phase3/CD9/NSGA_1_CETES/cross_CD63/receptor_step4.pdb
2026-08-31 18:15:28,031 [Pipeline] Receptor PDBQT [ADFR prepare_receptor4 (python2.7)] → /home/chan/Research/Monomer_screening_in_Bio/results/phase3/CD9/NSGA_1_CETES/cross_CD63/receptor_step4.pdbqt
2026-08-31 18:15:28,032 [Pipeline]   charge check skipped (indeterminate: non-standard residues ['UNL']); net=+2.024 e
2026-08-31 18:15:28,034 [Pipeline] Custom AD4 parameters (B, Si) written: /home/chan/Research/Monomer_screening_in_Bio/results/phase3/CD9/NSGA_1_CETES/cross_CD63/step5_TEOS/AD4_parameters_custom.dat
2026-08-31 18:15:28,034 [Pipeline] GPF written → /home/chan/Research/Monomer_screening_in_Bio/results/phase3/CD9/NSGA_1_CETES/cross_CD63/step5_TEOS/receptor_step4_TEOS.gpf
2026-08-31 18:15:32,666 [Pipeline] DPF written → /home/chan/Research/Monomer_screening_in_Bio/results/phase3/CD9/NSGA_1_CETES/cross_CD63/step5_TEOS/receptor_step4_TEOS.dpf
2026-08-31 18:15:32,666 [Pipeline] AutoDock-GPU settings not transferable from DPF: parameter_file: AD-GPU ignores it. Receptor-side Si/B parameters reach the run only through the AutoGrid maps; ligand-internal ones only through --modpair (applied) | ls_search_freq / set_psw1 / sw_*: AD-GPU uses ADADELTA local search at 100% rate; the DPF's Solis-Wets block does not apply and the GPU search protocol is NOT identical to AD4 CPU | ga_num_evals is a CEILING on the GPU: --autostop 1 ends a run on convergence, so the DLG's 'evaluations performed' is normally well below the configured budget
2026-08-31 18:15:34,354 [Pipeline] AutoDock-GPU completed: receptor_step4_TEOS.dlg (seed (20260812, 1270892758, 1277859558))
2026-08-31 18:15:34,355 [Pipeline] Parsed 25 clusters from receptor_step4_TEOS.dlg
2026-08-31 18:15:34,355 [Pipeline] Parsed 25 clusters from receptor_step4_TEOS.dlg
2026-08-31 18:15:34,356 [Pipeline] Parsed 25 clusters from receptor_step4_TEOS.dlg
2026-08-31 18:15:34,356 [Pipeline]     XL TEOS: BE=-3.06
2026-08-31 18:15:34,359 [Pipeline] Custom AD4 parameters (B, Si) written: /home/chan/Research/Monomer_screening_in_Bio/results/phase3/CD9/NSGA_1_CETES/cross_CD63/step5_TMOS/AD4_parameters_custom.dat
2026-08-31 18:15:34,359 [Pipeline] GPF written → /home/chan/Research/Monomer_screening_in_Bio/results/phase3/CD9/NSGA_1_CETES/cross_CD63/step5_TMOS/receptor_step4_TMOS.gpf
2026-08-31 18:15:40,227 [Pipeline] DPF written → /home/chan/Research/Monomer_screening_in_Bio/results/phase3/CD9/NSGA_1_CETES/cross_CD63/step5_TMOS/receptor_step4_TMOS.dpf
2026-08-31 18:15:40,228 [Pipeline] AutoDock-GPU settings not transferable from DPF: parameter_file: AD-GPU ignores it. Receptor-side Si/B parameters reach the run only through the AutoGrid maps; ligand-internal ones only through --modpair (applied) | ls_search_freq / set_psw1 / sw_*: AD-GPU uses ADADELTA local search at 100% rate; the DPF's Solis-Wets block does not apply and the GPU search protocol is NOT identical to AD4 CPU | ga_num_evals is a CEILING on the GPU: --autostop 1 ends a run on convergence, so the DLG's 'evaluations performed' is normally well below the configured budget
2026-08-31 18:15:41,846 [Pipeline] AutoDock-GPU completed: receptor_step4_TMOS.dlg (seed (20260812, 594624773, 595168917))
2026-08-31 18:15:41,847 [Pipeline] Parsed 25 clusters from receptor_step4_TMOS.dlg
2026-08-31 18:15:41,847 [Pipeline] Parsed 25 clusters from receptor_step4_TMOS.dlg
2026-08-31 18:15:41,848 [Pipeline] Parsed 25 clusters from receptor_step4_TMOS.dlg
2026-08-31 18:15:41,848 [Pipeline]     XL TMOS: BE=-2.89
2026-08-31 18:15:41,848 [Pipeline]     Best XL: TEOS (BE=-3.06)
2026-08-31 18:15:41,850 [Pipeline] Custom AD4 parameters (B, Si) written: /home/chan/Research/Monomer_screening_in_Bio/results/phase3/CD9/NSGA_1_CETES/cross_CD81/step0_APBA/AD4_parameters_custom.dat
2026-08-31 18:15:41,851 [Pipeline] GPF written → /home/chan/Research/Monomer_screening_in_Bio/results/phase3/CD9/NSGA_1_CETES/cross_CD81/step0_APBA/CD81_receptor_APBA.gpf
2026-08-31 18:15:43,397 [Pipeline] DPF written → /home/chan/Research/Monomer_screening_in_Bio/results/phase3/CD9/NSGA_1_CETES/cross_CD81/step0_APBA/CD81_receptor_APBA.dpf
2026-08-31 18:15:43,398 [Pipeline] AutoDock-GPU settings not transferable from DPF: parameter_file: AD-GPU ignores it. Receptor-side Si/B parameters reach the run only through the AutoGrid maps; ligand-internal ones only through --modpair (applied) | ls_search_freq / set_psw1 / sw_*: AD-GPU uses ADADELTA local search at 100% rate; the DPF's Solis-Wets block does not apply and the GPU search protocol is NOT identical to AD4 CPU | ga_num_evals is a CEILING on the GPU: --autostop 1 ends a run on convergence, so the DLG's 'evaluations performed' is normally well below the configured budget
2026-08-31 18:15:44,395 [Pipeline] AutoDock-GPU completed: CD81_receptor_APBA.dlg (seed (20260812, 2100230507, 2102462067))
2026-08-31 18:15:44,396 [Pipeline] Parsed 25 clusters from CD81_receptor_APBA.dlg
2026-08-31 18:15:44,396 [Pipeline] Parsed 25 clusters from CD81_receptor_APBA.dlg
2026-08-31 18:15:44,397 [Pipeline] Parsed 25 clusters from CD81_receptor_APBA.dlg
2026-08-31 18:15:44,402 [Pipeline] Merged receptor+ligand → /home/chan/Research/Monomer_screening_in_Bio/results/phase3/CD9/NSGA_1_CETES/cross_CD81/receptor_step0.pdb
2026-08-31 18:15:44,592 [Pipeline] Receptor PDBQT [ADFR prepare_receptor4 (python2.7)] → /home/chan/Research/Monomer_screening_in_Bio/results/phase3/CD9/NSGA_1_CETES/cross_CD81/receptor_step0.pdbqt
2026-08-31 18:15:44,593 [Pipeline]   charge check skipped (indeterminate: non-standard residues ['UNL']); net=-1.963 e
2026-08-31 18:15:44,595 [Pipeline] Custom AD4 parameters (B, Si) written: /home/chan/Research/Monomer_screening_in_Bio/results/phase3/CD9/NSGA_1_CETES/cross_CD81/step1_PTES/AD4_parameters_custom.dat
2026-08-31 18:15:44,595 [Pipeline] GPF written → /home/chan/Research/Monomer_screening_in_Bio/results/phase3/CD9/NSGA_1_CETES/cross_CD81/step1_PTES/receptor_step0_PTES.gpf
2026-08-31 18:15:46,197 [Pipeline] DPF written → /home/chan/Research/Monomer_screening_in_Bio/results/phase3/CD9/NSGA_1_CETES/cross_CD81/step1_PTES/receptor_step0_PTES.dpf
2026-08-31 18:15:46,198 [Pipeline] AutoDock-GPU settings not transferable from DPF: parameter_file: AD-GPU ignores it. Receptor-side Si/B parameters reach the run only through the AutoGrid maps; ligand-internal ones only through --modpair (applied) | ls_search_freq / set_psw1 / sw_*: AD-GPU uses ADADELTA local search at 100% rate; the DPF's Solis-Wets block does not apply and the GPU search protocol is NOT identical to AD4 CPU | ga_num_evals is a CEILING on the GPU: --autostop 1 ends a run on convergence, so the DLG's 'evaluations performed' is normally well below the configured budget
2026-08-31 18:15:47,346 [Pipeline] AutoDock-GPU completed: receptor_step0_PTES.dlg (seed (20260812, 1549021872, 1586904392))
2026-08-31 18:15:47,347 [Pipeline] Parsed 25 clusters from receptor_step0_PTES.dlg
2026-08-31 18:15:47,347 [Pipeline] Parsed 25 clusters from receptor_step0_PTES.dlg
2026-08-31 18:15:47,348 [Pipeline] Parsed 25 clusters from receptor_step0_PTES.dlg
2026-08-31 18:15:47,349 [Pipeline] Merged receptor+ligand → /home/chan/Research/Monomer_screening_in_Bio/results/phase3/CD9/NSGA_1_CETES/cross_CD81/receptor_step1.pdb
2026-08-31 18:15:47,545 [Pipeline] Receptor PDBQT [ADFR prepare_receptor4 (python2.7)] → /home/chan/Research/Monomer_screening_in_Bio/results/phase3/CD9/NSGA_1_CETES/cross_CD81/receptor_step1.pdbqt
2026-08-31 18:15:47,546 [Pipeline]   charge check skipped (indeterminate: non-standard residues ['UNL']); net=-1.963 e
2026-08-31 18:15:47,548 [Pipeline] Custom AD4 parameters (B, Si) written: /home/chan/Research/Monomer_screening_in_Bio/results/phase3/CD9/NSGA_1_CETES/cross_CD81/step2_CETES/AD4_parameters_custom.dat
2026-08-31 18:15:47,548 [Pipeline] GPF written → /home/chan/Research/Monomer_screening_in_Bio/results/phase3/CD9/NSGA_1_CETES/cross_CD81/step2_CETES/receptor_step1_CETES.gpf
2026-08-31 18:15:49,088 [Pipeline] DPF written → /home/chan/Research/Monomer_screening_in_Bio/results/phase3/CD9/NSGA_1_CETES/cross_CD81/step2_CETES/receptor_step1_CETES.dpf
2026-08-31 18:15:49,088 [Pipeline] AutoDock-GPU settings not transferable from DPF: parameter_file: AD-GPU ignores it. Receptor-side Si/B parameters reach the run only through the AutoGrid maps; ligand-internal ones only through --modpair (applied) | ls_search_freq / set_psw1 / sw_*: AD-GPU uses ADADELTA local search at 100% rate; the DPF's Solis-Wets block does not apply and the GPU search protocol is NOT identical to AD4 CPU | ga_num_evals is a CEILING on the GPU: --autostop 1 ends a run on convergence, so the DLG's 'evaluations performed' is normally well below the configured budget
2026-08-31 18:15:50,437 [Pipeline] AutoDock-GPU completed: receptor_step1_CETES.dlg (seed (20260812, 1049973783, 1087740839))
2026-08-31 18:15:50,438 [Pipeline] Parsed 25 clusters from receptor_step1_CETES.dlg
2026-08-31 18:15:50,439 [Pipeline] Parsed 25 clusters from receptor_step1_CETES.dlg
2026-08-31 18:15:50,440 [Pipeline] Parsed 25 clusters from receptor_step1_CETES.dlg
2026-08-31 18:15:50,441 [Pipeline] Merged receptor+ligand → /home/chan/Research/Monomer_screening_in_Bio/results/phase3/CD9/NSGA_1_CETES/cross_CD81/receptor_step2.pdb
2026-08-31 18:15:50,650 [Pipeline] Receptor PDBQT [ADFR prepare_receptor4 (python2.7)] → /home/chan/Research/Monomer_screening_in_Bio/results/phase3/CD9/NSGA_1_CETES/cross_CD81/receptor_step2.pdbqt
2026-08-31 18:15:50,650 [Pipeline]   charge check skipped (indeterminate: non-standard residues ['UNL']); net=-1.962 e
2026-08-31 18:15:50,652 [Pipeline] Custom AD4 parameters (B, Si) written: /home/chan/Research/Monomer_screening_in_Bio/results/phase3/CD9/NSGA_1_CETES/cross_CD81/step3_TTMS/AD4_parameters_custom.dat
2026-08-31 18:15:50,652 [Pipeline] GPF written → /home/chan/Research/Monomer_screening_in_Bio/results/phase3/CD9/NSGA_1_CETES/cross_CD81/step3_TTMS/receptor_step2_TTMS.gpf
2026-08-31 18:15:52,331 [Pipeline] DPF written → /home/chan/Research/Monomer_screening_in_Bio/results/phase3/CD9/NSGA_1_CETES/cross_CD81/step3_TTMS/receptor_step2_TTMS.dpf
2026-08-31 18:15:52,332 [Pipeline] AutoDock-GPU settings not transferable from DPF: parameter_file: AD-GPU ignores it. Receptor-side Si/B parameters reach the run only through the AutoGrid maps; ligand-internal ones only through --modpair (applied) | ls_search_freq / set_psw1 / sw_*: AD-GPU uses ADADELTA local search at 100% rate; the DPF's Solis-Wets block does not apply and the GPU search protocol is NOT identical to AD4 CPU | ga_num_evals is a CEILING on the GPU: --autostop 1 ends a run on convergence, so the DLG's 'evaluations performed' is normally well below the configured budget
2026-08-31 18:15:53,264 [Pipeline] AutoDock-GPU completed: receptor_step2_TTMS.dlg (seed (20260812, 1821052748, 1861439564))
2026-08-31 18:15:53,265 [Pipeline] Parsed 25 clusters from receptor_step2_TTMS.dlg
2026-08-31 18:15:53,266 [Pipeline] Parsed 25 clusters from receptor_step2_TTMS.dlg
2026-08-31 18:15:53,267 [Pipeline] Parsed 25 clusters from receptor_step2_TTMS.dlg
2026-08-31 18:15:53,267 [Pipeline] Merged receptor+ligand → /home/chan/Research/Monomer_screening_in_Bio/results/phase3/CD9/NSGA_1_CETES/cross_CD81/receptor_step3.pdb
2026-08-31 18:15:53,476 [Pipeline] Receptor PDBQT [ADFR prepare_receptor4 (python2.7)] → /home/chan/Research/Monomer_screening_in_Bio/results/phase3/CD9/NSGA_1_CETES/cross_CD81/receptor_step3.pdbqt
2026-08-31 18:15:53,476 [Pipeline]   charge check skipped (indeterminate: non-standard residues ['UNL']); net=-1.962 e
2026-08-31 18:15:53,478 [Pipeline] Custom AD4 parameters (B, Si) written: /home/chan/Research/Monomer_screening_in_Bio/results/phase3/CD9/NSGA_1_CETES/cross_CD81/step4_IBTES/AD4_parameters_custom.dat
2026-08-31 18:15:53,479 [Pipeline] GPF written → /home/chan/Research/Monomer_screening_in_Bio/results/phase3/CD9/NSGA_1_CETES/cross_CD81/step4_IBTES/receptor_step3_IBTES.gpf
2026-08-31 18:15:55,021 [Pipeline] DPF written → /home/chan/Research/Monomer_screening_in_Bio/results/phase3/CD9/NSGA_1_CETES/cross_CD81/step4_IBTES/receptor_step3_IBTES.dpf
2026-08-31 18:15:55,022 [Pipeline] AutoDock-GPU settings not transferable from DPF: parameter_file: AD-GPU ignores it. Receptor-side Si/B parameters reach the run only through the AutoGrid maps; ligand-internal ones only through --modpair (applied) | ls_search_freq / set_psw1 / sw_*: AD-GPU uses ADADELTA local search at 100% rate; the DPF's Solis-Wets block does not apply and the GPU search protocol is NOT identical to AD4 CPU | ga_num_evals is a CEILING on the GPU: --autostop 1 ends a run on convergence, so the DLG's 'evaluations performed' is normally well below the configured budget
2026-08-31 18:15:56,090 [Pipeline] AutoDock-GPU completed: receptor_step3_IBTES.dlg (seed (20260812, 872205429, 872354693))
2026-08-31 18:15:56,091 [Pipeline] Parsed 25 clusters from receptor_step3_IBTES.dlg
2026-08-31 18:15:56,092 [Pipeline] Parsed 25 clusters from receptor_step3_IBTES.dlg
2026-08-31 18:15:56,093 [Pipeline] Parsed 25 clusters from receptor_step3_IBTES.dlg
2026-08-31 18:15:56,093 [Pipeline] Merged receptor+ligand → /home/chan/Research/Monomer_screening_in_Bio/results/phase3/CD9/NSGA_1_CETES/cross_CD81/receptor_step4.pdb
2026-08-31 18:15:56,302 [Pipeline] Receptor PDBQT [ADFR prepare_receptor4 (python2.7)] → /home/chan/Research/Monomer_screening_in_Bio/results/phase3/CD9/NSGA_1_CETES/cross_CD81/receptor_step4.pdbqt
2026-08-31 18:15:56,303 [Pipeline]   charge check skipped (indeterminate: non-standard residues ['UNL']); net=-1.963 e
2026-08-31 18:15:56,306 [Pipeline] Custom AD4 parameters (B, Si) written: /home/chan/Research/Monomer_screening_in_Bio/results/phase3/CD9/NSGA_1_CETES/cross_CD81/step5_TEOS/AD4_parameters_custom.dat
2026-08-31 18:15:56,306 [Pipeline] GPF written → /home/chan/Research/Monomer_screening_in_Bio/results/phase3/CD9/NSGA_1_CETES/cross_CD81/step5_TEOS/receptor_step4_TEOS.gpf
2026-08-31 18:15:57,798 [Pipeline] DPF written → /home/chan/Research/Monomer_screening_in_Bio/results/phase3/CD9/NSGA_1_CETES/cross_CD81/step5_TEOS/receptor_step4_TEOS.dpf
2026-08-31 18:15:57,798 [Pipeline] AutoDock-GPU settings not transferable from DPF: parameter_file: AD-GPU ignores it. Receptor-side Si/B parameters reach the run only through the AutoGrid maps; ligand-internal ones only through --modpair (applied) | ls_search_freq / set_psw1 / sw_*: AD-GPU uses ADADELTA local search at 100% rate; the DPF's Solis-Wets block does not apply and the GPU search protocol is NOT identical to AD4 CPU | ga_num_evals is a CEILING on the GPU: --autostop 1 ends a run on convergence, so the DLG's 'evaluations performed' is normally well below the configured budget
2026-08-31 18:15:58,738 [Pipeline] AutoDock-GPU completed: receptor_step4_TEOS.dlg (seed (20260812, 1270892758, 1277859558))
2026-08-31 18:15:58,739 [Pipeline] Parsed 25 clusters from receptor_step4_TEOS.dlg
2026-08-31 18:15:58,740 [Pipeline] Parsed 25 clusters from receptor_step4_TEOS.dlg
2026-08-31 18:15:58,740 [Pipeline] Parsed 25 clusters from receptor_step4_TEOS.dlg
2026-08-31 18:15:58,741 [Pipeline]     XL TEOS: BE=-3.40
2026-08-31 18:15:58,742 [Pipeline] Custom AD4 parameters (B, Si) written: /home/chan/Research/Monomer_screening_in_Bio/results/phase3/CD9/NSGA_1_CETES/cross_CD81/step5_TMOS/AD4_parameters_custom.dat
2026-08-31 18:15:58,743 [Pipeline] GPF written → /home/chan/Research/Monomer_screening_in_Bio/results/phase3/CD9/NSGA_1_CETES/cross_CD81/step5_TMOS/receptor_step4_TMOS.gpf
2026-08-31 18:16:00,273 [Pipeline] DPF written → /home/chan/Research/Monomer_screening_in_Bio/results/phase3/CD9/NSGA_1_CETES/cross_CD81/step5_TMOS/receptor_step4_TMOS.dpf
2026-08-31 18:16:00,273 [Pipeline] AutoDock-GPU settings not transferable from DPF: parameter_file: AD-GPU ignores it. Receptor-side Si/B parameters reach the run only through the AutoGrid maps; ligand-internal ones only through --modpair (applied) | ls_search_freq / set_psw1 / sw_*: AD-GPU uses ADADELTA local search at 100% rate; the DPF's Solis-Wets block does not apply and the GPU search protocol is NOT identical to AD4 CPU | ga_num_evals is a CEILING on the GPU: --autostop 1 ends a run on convergence, so the DLG's 'evaluations performed' is normally well below the configured budget
2026-08-31 18:16:01,339 [Pipeline] AutoDock-GPU completed: receptor_step4_TMOS.dlg (seed (20260812, 594624773, 595168917))
2026-08-31 18:16:01,340 [Pipeline] Parsed 25 clusters from receptor_step4_TMOS.dlg
2026-08-31 18:16:01,340 [Pipeline] Parsed 25 clusters from receptor_step4_TMOS.dlg
2026-08-31 18:16:01,341 [Pipeline] Parsed 25 clusters from receptor_step4_TMOS.dlg
2026-08-31 18:16:01,341 [Pipeline]     XL TMOS: BE=-3.13
2026-08-31 18:16:01,342 [Pipeline]     Best XL: TEOS (BE=-3.40)
2026-08-31 18:16:01,342 [Pipeline]     NSGA_1_CETES ΔΔG=+1.28 kcal/mol, penalty=1.14 → obj=-1.973
2026-08-31 18:16:01,342 [Pipeline]   NSGA[1]: ['CETES', 'APBA', 'TTMS', 'IBTES', 'PTES'] → aff=-4.02, sel=0.29, synth=9.2/10, ΔΔG=+1.28
2026-08-31 18:16:01,349 [Pipeline] Custom AD4 parameters (B, Si) written: /home/chan/Research/Monomer_screening_in_Bio/results/phase3/CD9/NSGA_2_FPBA/step0_FPBA/AD4_parameters_custom.dat
2026-08-31 18:16:01,350 [Pipeline] GPF written → /home/chan/Research/Monomer_screening_in_Bio/results/phase3/CD9/NSGA_2_FPBA/step0_FPBA/CD9_receptor_FPBA.gpf
2026-08-31 18:16:01,585 [Pipeline] DPF written → /home/chan/Research/Monomer_screening_in_Bio/results/phase3/CD9/NSGA_2_FPBA/step0_FPBA/CD9_receptor_FPBA.dpf
2026-08-31 18:16:01,585 [Pipeline] AutoDock-GPU settings not transferable from DPF: parameter_file: AD-GPU ignores it. Receptor-side Si/B parameters reach the run only through the AutoGrid maps; ligand-internal ones only through --modpair (applied) | ls_search_freq / set_psw1 / sw_*: AD-GPU uses ADADELTA local search at 100% rate; the DPF's Solis-Wets block does not apply and the GPU search protocol is NOT identical to AD4 CPU | ga_num_evals is a CEILING on the GPU: --autostop 1 ends a run on convergence, so the DLG's 'evaluations performed' is normally well below the configured budget
2026-08-31 18:16:02,552 [Pipeline] AutoDock-GPU completed: CD9_receptor_FPBA.dlg (seed (20260812, 1964201909, 1968937029))
2026-08-31 18:16:02,553 [Pipeline] Parsed 25 clusters from CD9_receptor_FPBA.dlg
2026-08-31 18:16:02,554 [Pipeline] Parsed 25 clusters from CD9_receptor_FPBA.dlg
2026-08-31 18:16:02,554 [Pipeline] Parsed 25 clusters from CD9_receptor_FPBA.dlg
2026-08-31 18:16:02,555 [Pipeline] Merged receptor+ligand → /home/chan/Research/Monomer_screening_in_Bio/results/phase3/CD9/NSGA_2_FPBA/receptor_step0.pdb
2026-08-31 18:16:02,754 [Pipeline] Receptor PDBQT [ADFR prepare_receptor4 (python2.7)] → /home/chan/Research/Monomer_screening_in_Bio/results/phase3/CD9/NSGA_2_FPBA/receptor_step0.pdbqt
2026-08-31 18:16:02,755 [Pipeline]   charge check skipped (indeterminate: non-standard residues ['UNL']); net=-0.971 e
2026-08-31 18:16:02,757 [Pipeline] Custom AD4 parameters (B, Si) written: /home/chan/Research/Monomer_screening_in_Bio/results/phase3/CD9/NSGA_2_FPBA/step1_IBTES/AD4_parameters_custom.dat
2026-08-31 18:16:02,757 [Pipeline] GPF written → /home/chan/Research/Monomer_screening_in_Bio/results/phase3/CD9/NSGA_2_FPBA/step1_IBTES/receptor_step0_IBTES.gpf
2026-08-31 18:16:04,192 [Pipeline] DPF written → /home/chan/Research/Monomer_screening_in_Bio/results/phase3/CD9/NSGA_2_FPBA/step1_IBTES/receptor_step0_IBTES.dpf
2026-08-31 18:16:04,192 [Pipeline] AutoDock-GPU settings not transferable from DPF: parameter_file: AD-GPU ignores it. Receptor-side Si/B parameters reach the run only through the AutoGrid maps; ligand-internal ones only through --modpair (applied) | ls_search_freq / set_psw1 / sw_*: AD-GPU uses ADADELTA local search at 100% rate; the DPF's Solis-Wets block does not apply and the GPU search protocol is NOT identical to AD4 CPU | ga_num_evals is a CEILING on the GPU: --autostop 1 ends a run on convergence, so the DLG's 'evaluations performed' is normally well below the configured budget
2026-08-31 18:16:05,355 [Pipeline] AutoDock-GPU completed: receptor_step0_IBTES.dlg (seed (20260812, 559108663, 563846599))
2026-08-31 18:16:05,356 [Pipeline] Parsed 25 clusters from receptor_step0_IBTES.dlg
2026-08-31 18:16:05,357 [Pipeline] Parsed 25 clusters from receptor_step0_IBTES.dlg
2026-08-31 18:16:05,358 [Pipeline] Parsed 25 clusters from receptor_step0_IBTES.dlg
2026-08-31 18:16:05,359 [Pipeline] Merged receptor+ligand → /home/chan/Research/Monomer_screening_in_Bio/results/phase3/CD9/NSGA_2_FPBA/receptor_step1.pdb
2026-08-31 18:16:05,561 [Pipeline] Receptor PDBQT [ADFR prepare_receptor4 (python2.7)] → /home/chan/Research/Monomer_screening_in_Bio/results/phase3/CD9/NSGA_2_FPBA/receptor_step1.pdbqt
2026-08-31 18:16:05,562 [Pipeline]   charge check skipped (indeterminate: non-standard residues ['UNL']); net=-0.972 e
2026-08-31 18:16:05,564 [Pipeline] Custom AD4 parameters (B, Si) written: /home/chan/Research/Monomer_screening_in_Bio/results/phase3/CD9/NSGA_2_FPBA/step2_TEOS/AD4_parameters_custom.dat
2026-08-31 18:16:05,564 [Pipeline] GPF written → /home/chan/Research/Monomer_screening_in_Bio/results/phase3/CD9/NSGA_2_FPBA/step2_TEOS/receptor_step1_TEOS.gpf
2026-08-31 18:16:07,207 [Pipeline] DPF written → /home/chan/Research/Monomer_screening_in_Bio/results/phase3/CD9/NSGA_2_FPBA/step2_TEOS/receptor_step1_TEOS.dpf
2026-08-31 18:16:07,208 [Pipeline] AutoDock-GPU settings not transferable from DPF: parameter_file: AD-GPU ignores it. Receptor-side Si/B parameters reach the run only through the AutoGrid maps; ligand-internal ones only through --modpair (applied) | ls_search_freq / set_psw1 / sw_*: AD-GPU uses ADADELTA local search at 100% rate; the DPF's Solis-Wets block does not apply and the GPU search protocol is NOT identical to AD4 CPU | ga_num_evals is a CEILING on the GPU: --autostop 1 ends a run on convergence, so the DLG's 'evaluations performed' is normally well below the configured budget
2026-08-31 18:16:08,104 [Pipeline] AutoDock-GPU completed: receptor_step1_TEOS.dlg (seed (20260812, 2085961281, 2123710809))
2026-08-31 18:16:08,104 [Pipeline] Parsed 25 clusters from receptor_step1_TEOS.dlg
2026-08-31 18:16:08,105 [Pipeline] Parsed 25 clusters from receptor_step1_TEOS.dlg
2026-08-31 18:16:08,106 [Pipeline] Parsed 25 clusters from receptor_step1_TEOS.dlg
2026-08-31 18:16:08,106 [Pipeline]     XL TEOS: BE=-3.42
2026-08-31 18:16:08,108 [Pipeline] Custom AD4 parameters (B, Si) written: /home/chan/Research/Monomer_screening_in_Bio/results/phase3/CD9/NSGA_2_FPBA/step2_TMOS/AD4_parameters_custom.dat
2026-08-31 18:16:08,108 [Pipeline] GPF written → /home/chan/Research/Monomer_screening_in_Bio/results/phase3/CD9/NSGA_2_FPBA/step2_TMOS/receptor_step1_TMOS.gpf
2026-08-31 18:16:09,549 [Pipeline] DPF written → /home/chan/Research/Monomer_screening_in_Bio/results/phase3/CD9/NSGA_2_FPBA/step2_TMOS/receptor_step1_TMOS.dpf
2026-08-31 18:16:09,549 [Pipeline] AutoDock-GPU settings not transferable from DPF: parameter_file: AD-GPU ignores it. Receptor-side Si/B parameters reach the run only through the AutoGrid maps; ligand-internal ones only through --modpair (applied) | ls_search_freq / set_psw1 / sw_*: AD-GPU uses ADADELTA local search at 100% rate; the DPF's Solis-Wets block does not apply and the GPU search protocol is NOT identical to AD4 CPU | ga_num_evals is a CEILING on the GPU: --autostop 1 ends a run on convergence, so the DLG's 'evaluations performed' is normally well below the configured budget
2026-08-31 18:16:10,387 [Pipeline] AutoDock-GPU completed: receptor_step1_TMOS.dlg (seed (20260812, 703698410, 704240114))
2026-08-31 18:16:10,387 [Pipeline] Parsed 25 clusters from receptor_step1_TMOS.dlg
2026-08-31 18:16:10,388 [Pipeline] Parsed 25 clusters from receptor_step1_TMOS.dlg
2026-08-31 18:16:10,389 [Pipeline] Parsed 25 clusters from receptor_step1_TMOS.dlg
2026-08-31 18:16:10,389 [Pipeline]     XL TMOS: BE=-3.36
2026-08-31 18:16:10,389 [Pipeline]     Best XL: TEOS (BE=-3.42)
2026-08-31 18:16:10,392 [Pipeline] Custom AD4 parameters (B, Si) written: /home/chan/Research/Monomer_screening_in_Bio/results/phase3/CD9/NSGA_2_FPBA/cross_CD63/step0_FPBA/AD4_parameters_custom.dat
2026-08-31 18:16:10,392 [Pipeline] GPF written → /home/chan/Research/Monomer_screening_in_Bio/results/phase3/CD9/NSGA_2_FPBA/cross_CD63/step0_FPBA/CD63_receptor_glyco_FPBA.gpf
2026-08-31 18:16:17,539 [Pipeline] DPF written → /home/chan/Research/Monomer_screening_in_Bio/results/phase3/CD9/NSGA_2_FPBA/cross_CD63/step0_FPBA/CD63_receptor_glyco_FPBA.dpf
2026-08-31 18:16:17,539 [Pipeline] AutoDock-GPU settings not transferable from DPF: parameter_file: AD-GPU ignores it. Receptor-side Si/B parameters reach the run only through the AutoGrid maps; ligand-internal ones only through --modpair (applied) | ls_search_freq / set_psw1 / sw_*: AD-GPU uses ADADELTA local search at 100% rate; the DPF's Solis-Wets block does not apply and the GPU search protocol is NOT identical to AD4 CPU | ga_num_evals is a CEILING on the GPU: --autostop 1 ends a run on convergence, so the DLG's 'evaluations performed' is normally well below the configured budget
2026-08-31 18:16:19,704 [Pipeline] AutoDock-GPU completed: CD63_receptor_glyco_FPBA.dlg (seed (20260812, 329769312, 331869792))
2026-08-31 18:16:19,704 [Pipeline] Parsed 25 clusters from CD63_receptor_glyco_FPBA.dlg
2026-08-31 18:16:19,705 [Pipeline] Parsed 25 clusters from CD63_receptor_glyco_FPBA.dlg
2026-08-31 18:16:19,706 [Pipeline] Parsed 25 clusters from CD63_receptor_glyco_FPBA.dlg
2026-08-31 18:16:19,706 [Pipeline] Merged receptor+ligand → /home/chan/Research/Monomer_screening_in_Bio/results/phase3/CD9/NSGA_2_FPBA/cross_CD63/receptor_step0.pdb
2026-08-31 18:16:19,946 [Pipeline] Receptor PDBQT [ADFR prepare_receptor4 (python2.7)] → /home/chan/Research/Monomer_screening_in_Bio/results/phase3/CD9/NSGA_2_FPBA/cross_CD63/receptor_step0.pdbqt
2026-08-31 18:16:19,947 [Pipeline]   charge check skipped (indeterminate: non-standard residues ['UNL']); net=+2.023 e
2026-08-31 18:16:19,949 [Pipeline] Custom AD4 parameters (B, Si) written: /home/chan/Research/Monomer_screening_in_Bio/results/phase3/CD9/NSGA_2_FPBA/cross_CD63/step1_IBTES/AD4_parameters_custom.dat
2026-08-31 18:16:19,949 [Pipeline] GPF written → /home/chan/Research/Monomer_screening_in_Bio/results/phase3/CD9/NSGA_2_FPBA/cross_CD63/step1_IBTES/receptor_step0_IBTES.gpf
2026-08-31 18:16:25,809 [Pipeline] DPF written → /home/chan/Research/Monomer_screening_in_Bio/results/phase3/CD9/NSGA_2_FPBA/cross_CD63/step1_IBTES/receptor_step0_IBTES.dpf
2026-08-31 18:16:25,810 [Pipeline] AutoDock-GPU settings not transferable from DPF: parameter_file: AD-GPU ignores it. Receptor-side Si/B parameters reach the run only through the AutoGrid maps; ligand-internal ones only through --modpair (applied) | ls_search_freq / set_psw1 / sw_*: AD-GPU uses ADADELTA local search at 100% rate; the DPF's Solis-Wets block does not apply and the GPU search protocol is NOT identical to AD4 CPU | ga_num_evals is a CEILING on the GPU: --autostop 1 ends a run on convergence, so the DLG's 'evaluations performed' is normally well below the configured budget
2026-08-31 18:16:27,644 [Pipeline] AutoDock-GPU completed: receptor_step0_IBTES.dlg (seed (20260812, 559108663, 563846599))
2026-08-31 18:16:27,645 [Pipeline] Parsed 25 clusters from receptor_step0_IBTES.dlg
2026-08-31 18:16:27,645 [Pipeline] Parsed 25 clusters from receptor_step0_IBTES.dlg
2026-08-31 18:16:27,646 [Pipeline] Parsed 25 clusters from receptor_step0_IBTES.dlg
2026-08-31 18:16:27,647 [Pipeline] Merged receptor+ligand → /home/chan/Research/Monomer_screening_in_Bio/results/phase3/CD9/NSGA_2_FPBA/cross_CD63/receptor_step1.pdb
2026-08-31 18:16:27,928 [Pipeline] Receptor PDBQT [ADFR prepare_receptor4 (python2.7)] → /home/chan/Research/Monomer_screening_in_Bio/results/phase3/CD9/NSGA_2_FPBA/cross_CD63/receptor_step1.pdbqt
2026-08-31 18:16:27,929 [Pipeline]   charge check skipped (indeterminate: non-standard residues ['UNL']); net=+2.022 e
2026-08-31 18:16:27,931 [Pipeline] Custom AD4 parameters (B, Si) written: /home/chan/Research/Monomer_screening_in_Bio/results/phase3/CD9/NSGA_2_FPBA/cross_CD63/step2_TEOS/AD4_parameters_custom.dat
2026-08-31 18:16:27,932 [Pipeline] GPF written → /home/chan/Research/Monomer_screening_in_Bio/results/phase3/CD9/NSGA_2_FPBA/cross_CD63/step2_TEOS/receptor_step1_TEOS.gpf
2026-08-31 18:16:33,680 [Pipeline] DPF written → /home/chan/Research/Monomer_screening_in_Bio/results/phase3/CD9/NSGA_2_FPBA/cross_CD63/step2_TEOS/receptor_step1_TEOS.dpf
2026-08-31 18:16:33,680 [Pipeline] AutoDock-GPU settings not transferable from DPF: parameter_file: AD-GPU ignores it. Receptor-side Si/B parameters reach the run only through the AutoGrid maps; ligand-internal ones only through --modpair (applied) | ls_search_freq / set_psw1 / sw_*: AD-GPU uses ADADELTA local search at 100% rate; the DPF's Solis-Wets block does not apply and the GPU search protocol is NOT identical to AD4 CPU | ga_num_evals is a CEILING on the GPU: --autostop 1 ends a run on convergence, so the DLG's 'evaluations performed' is normally well below the configured budget
2026-08-31 18:16:34,133 [Pipeline] AutoDock-GPU completed: receptor_step1_TEOS.dlg (seed (20260812, 2085961281, 2123710809))
2026-08-31 18:16:34,134 [Pipeline] Parsed 25 clusters from receptor_step1_TEOS.dlg
2026-08-31 18:16:34,134 [Pipeline] Parsed 25 clusters from receptor_step1_TEOS.dlg
2026-08-31 18:16:34,135 [Pipeline] Parsed 25 clusters from receptor_step1_TEOS.dlg
2026-08-31 18:16:34,136 [Pipeline]     XL TEOS: BE=-3.02
2026-08-31 18:16:34,138 [Pipeline] Custom AD4 parameters (B, Si) written: /home/chan/Research/Monomer_screening_in_Bio/results/phase3/CD9/NSGA_2_FPBA/cross_CD63/step2_TMOS/AD4_parameters_custom.dat
2026-08-31 18:16:34,138 [Pipeline] GPF written → /home/chan/Research/Monomer_screening_in_Bio/results/phase3/CD9/NSGA_2_FPBA/cross_CD63/step2_TMOS/receptor_step1_TMOS.gpf
2026-08-31 18:16:39,914 [Pipeline] DPF written → /home/chan/Research/Monomer_screening_in_Bio/results/phase3/CD9/NSGA_2_FPBA/cross_CD63/step2_TMOS/receptor_step1_TMOS.dpf
2026-08-31 18:16:39,914 [Pipeline] AutoDock-GPU settings not transferable from DPF: parameter_file: AD-GPU ignores it. Receptor-side Si/B parameters reach the run only through the AutoGrid maps; ligand-internal ones only through --modpair (applied) | ls_search_freq / set_psw1 / sw_*: AD-GPU uses ADADELTA local search at 100% rate; the DPF's Solis-Wets block does not apply and the GPU search protocol is NOT identical to AD4 CPU | ga_num_evals is a CEILING on the GPU: --autostop 1 ends a run on convergence, so the DLG's 'evaluations performed' is normally well below the configured budget
2026-08-31 18:16:41,494 [Pipeline] AutoDock-GPU completed: receptor_step1_TMOS.dlg (seed (20260812, 703698410, 704240114))
2026-08-31 18:16:41,494 [Pipeline] Parsed 25 clusters from receptor_step1_TMOS.dlg
2026-08-31 18:16:41,495 [Pipeline] Parsed 25 clusters from receptor_step1_TMOS.dlg
2026-08-31 18:16:41,496 [Pipeline] Parsed 25 clusters from receptor_step1_TMOS.dlg
2026-08-31 18:16:41,496 [Pipeline]     XL TMOS: BE=-2.90
2026-08-31 18:16:41,496 [Pipeline]     Best XL: TEOS (BE=-3.02)
2026-08-31 18:16:41,498 [Pipeline] Custom AD4 parameters (B, Si) written: /home/chan/Research/Monomer_screening_in_Bio/results/phase3/CD9/NSGA_2_FPBA/cross_CD81/step0_FPBA/AD4_parameters_custom.dat
2026-08-31 18:16:41,498 [Pipeline] GPF written → /home/chan/Research/Monomer_screening_in_Bio/results/phase3/CD9/NSGA_2_FPBA/cross_CD81/step0_FPBA/CD81_receptor_FPBA.gpf
2026-08-31 18:16:43,009 [Pipeline] DPF written → /home/chan/Research/Monomer_screening_in_Bio/results/phase3/CD9/NSGA_2_FPBA/cross_CD81/step0_FPBA/CD81_receptor_FPBA.dpf
2026-08-31 18:16:43,010 [Pipeline] AutoDock-GPU settings not transferable from DPF: parameter_file: AD-GPU ignores it. Receptor-side Si/B parameters reach the run only through the AutoGrid maps; ligand-internal ones only through --modpair (applied) | ls_search_freq / set_psw1 / sw_*: AD-GPU uses ADADELTA local search at 100% rate; the DPF's Solis-Wets block does not apply and the GPU search protocol is NOT identical to AD4 CPU | ga_num_evals is a CEILING on the GPU: --autostop 1 ends a run on convergence, so the DLG's 'evaluations performed' is normally well below the configured budget
2026-08-31 18:16:44,017 [Pipeline] AutoDock-GPU completed: CD81_receptor_FPBA.dlg (seed (20260812, 1063573366, 1065818246))
2026-08-31 18:16:44,018 [Pipeline] Parsed 25 clusters from CD81_receptor_FPBA.dlg
2026-08-31 18:16:44,019 [Pipeline] Parsed 25 clusters from CD81_receptor_FPBA.dlg
2026-08-31 18:16:44,019 [Pipeline] Parsed 25 clusters from CD81_receptor_FPBA.dlg
2026-08-31 18:16:44,020 [Pipeline] Merged receptor+ligand → /home/chan/Research/Monomer_screening_in_Bio/results/phase3/CD9/NSGA_2_FPBA/cross_CD81/receptor_step0.pdb
2026-08-31 18:16:44,214 [Pipeline] Receptor PDBQT [ADFR prepare_receptor4 (python2.7)] → /home/chan/Research/Monomer_screening_in_Bio/results/phase3/CD9/NSGA_2_FPBA/cross_CD81/receptor_step0.pdbqt
2026-08-31 18:16:44,215 [Pipeline]   charge check skipped (indeterminate: non-standard residues ['UNL']); net=-1.964 e
2026-08-31 18:16:44,216 [Pipeline] Custom AD4 parameters (B, Si) written: /home/chan/Research/Monomer_screening_in_Bio/results/phase3/CD9/NSGA_2_FPBA/cross_CD81/step1_IBTES/AD4_parameters_custom.dat
2026-08-31 18:16:44,217 [Pipeline] GPF written → /home/chan/Research/Monomer_screening_in_Bio/results/phase3/CD9/NSGA_2_FPBA/cross_CD81/step1_IBTES/receptor_step0_IBTES.gpf
2026-08-31 18:16:45,714 [Pipeline] DPF written → /home/chan/Research/Monomer_screening_in_Bio/results/phase3/CD9/NSGA_2_FPBA/cross_CD81/step1_IBTES/receptor_step0_IBTES.dpf
2026-08-31 18:16:45,715 [Pipeline] AutoDock-GPU settings not transferable from DPF: parameter_file: AD-GPU ignores it. Receptor-side Si/B parameters reach the run only through the AutoGrid maps; ligand-internal ones only through --modpair (applied) | ls_search_freq / set_psw1 / sw_*: AD-GPU uses ADADELTA local search at 100% rate; the DPF's Solis-Wets block does not apply and the GPU search protocol is NOT identical to AD4 CPU | ga_num_evals is a CEILING on the GPU: --autostop 1 ends a run on convergence, so the DLG's 'evaluations performed' is normally well below the configured budget
2026-08-31 18:16:46,993 [Pipeline] AutoDock-GPU completed: receptor_step0_IBTES.dlg (seed (20260812, 559108663, 563846599))
2026-08-31 18:16:46,994 [Pipeline] Parsed 25 clusters from receptor_step0_IBTES.dlg
2026-08-31 18:16:46,995 [Pipeline] Parsed 25 clusters from receptor_step0_IBTES.dlg
2026-08-31 18:16:46,996 [Pipeline] Parsed 25 clusters from receptor_step0_IBTES.dlg
2026-08-31 18:16:46,996 [Pipeline] Merged receptor+ligand → /home/chan/Research/Monomer_screening_in_Bio/results/phase3/CD9/NSGA_2_FPBA/cross_CD81/receptor_step1.pdb
2026-08-31 18:16:47,195 [Pipeline] Receptor PDBQT [ADFR prepare_receptor4 (python2.7)] → /home/chan/Research/Monomer_screening_in_Bio/results/phase3/CD9/NSGA_2_FPBA/cross_CD81/receptor_step1.pdbqt
2026-08-31 18:16:47,196 [Pipeline]   charge check skipped (indeterminate: non-standard residues ['UNL']); net=-1.965 e
2026-08-31 18:16:47,198 [Pipeline] Custom AD4 parameters (B, Si) written: /home/chan/Research/Monomer_screening_in_Bio/results/phase3/CD9/NSGA_2_FPBA/cross_CD81/step2_TEOS/AD4_parameters_custom.dat
2026-08-31 18:16:47,198 [Pipeline] GPF written → /home/chan/Research/Monomer_screening_in_Bio/results/phase3/CD9/NSGA_2_FPBA/cross_CD81/step2_TEOS/receptor_step1_TEOS.gpf
2026-08-31 18:16:48,671 [Pipeline] DPF written → /home/chan/Research/Monomer_screening_in_Bio/results/phase3/CD9/NSGA_2_FPBA/cross_CD81/step2_TEOS/receptor_step1_TEOS.dpf
2026-08-31 18:16:48,671 [Pipeline] AutoDock-GPU settings not transferable from DPF: parameter_file: AD-GPU ignores it. Receptor-side Si/B parameters reach the run only through the AutoGrid maps; ligand-internal ones only through --modpair (applied) | ls_search_freq / set_psw1 / sw_*: AD-GPU uses ADADELTA local search at 100% rate; the DPF's Solis-Wets block does not apply and the GPU search protocol is NOT identical to AD4 CPU | ga_num_evals is a CEILING on the GPU: --autostop 1 ends a run on convergence, so the DLG's 'evaluations performed' is normally well below the configured budget
2026-08-31 18:16:49,726 [Pipeline] AutoDock-GPU completed: receptor_step1_TEOS.dlg (seed (20260812, 2085961281, 2123710809))
2026-08-31 18:16:49,727 [Pipeline] Parsed 25 clusters from receptor_step1_TEOS.dlg
2026-08-31 18:16:49,727 [Pipeline] Parsed 25 clusters from receptor_step1_TEOS.dlg
2026-08-31 18:16:49,728 [Pipeline] Parsed 25 clusters from receptor_step1_TEOS.dlg
2026-08-31 18:16:49,729 [Pipeline]     XL TEOS: BE=-3.33
2026-08-31 18:16:49,730 [Pipeline] Custom AD4 parameters (B, Si) written: /home/chan/Research/Monomer_screening_in_Bio/results/phase3/CD9/NSGA_2_FPBA/cross_CD81/step2_TMOS/AD4_parameters_custom.dat
2026-08-31 18:16:49,731 [Pipeline] GPF written → /home/chan/Research/Monomer_screening_in_Bio/results/phase3/CD9/NSGA_2_FPBA/cross_CD81/step2_TMOS/receptor_step1_TMOS.gpf
2026-08-31 18:16:51,229 [Pipeline] DPF written → /home/chan/Research/Monomer_screening_in_Bio/results/phase3/CD9/NSGA_2_FPBA/cross_CD81/step2_TMOS/receptor_step1_TMOS.dpf
2026-08-31 18:16:51,229 [Pipeline] AutoDock-GPU settings not transferable from DPF: parameter_file: AD-GPU ignores it. Receptor-side Si/B parameters reach the run only through the AutoGrid maps; ligand-internal ones only through --modpair (applied) | ls_search_freq / set_psw1 / sw_*: AD-GPU uses ADADELTA local search at 100% rate; the DPF's Solis-Wets block does not apply and the GPU search protocol is NOT identical to AD4 CPU | ga_num_evals is a CEILING on the GPU: --autostop 1 ends a run on convergence, so the DLG's 'evaluations performed' is normally well below the configured budget
2026-08-31 18:16:52,122 [Pipeline] AutoDock-GPU completed: receptor_step1_TMOS.dlg (seed (20260812, 703698410, 704240114))
2026-08-31 18:16:52,123 [Pipeline] Parsed 25 clusters from receptor_step1_TMOS.dlg
2026-08-31 18:16:52,123 [Pipeline] Parsed 25 clusters from receptor_step1_TMOS.dlg
2026-08-31 18:16:52,124 [Pipeline] Parsed 25 clusters from receptor_step1_TMOS.dlg
2026-08-31 18:16:52,124 [Pipeline]     XL TMOS: BE=-3.18
2026-08-31 18:16:52,124 [Pipeline]     Best XL: TEOS (BE=-3.33)
2026-08-31 18:16:52,124 [Pipeline]     NSGA_2_FPBA ΔΔG=-1.04 kcal/mol, penalty=0.00 → obj=-4.523
2026-08-31 18:16:52,125 [Pipeline]   NSGA[2]: ['FPBA', 'IBTES'] → aff=-4.52, sel=1.33, synth=9.2/10, ΔΔG=-1.03
2026-08-31 18:16:52,133 [Pipeline] Custom AD4 parameters (B, Si) written: /home/chan/Research/Monomer_screening_in_Bio/results/phase3/CD9/NSGA_3_CETES/step0_APBA/AD4_parameters_custom.dat
2026-08-31 18:16:52,133 [Pipeline] GPF written → /home/chan/Research/Monomer_screening_in_Bio/results/phase3/CD9/NSGA_3_CETES/step0_APBA/CD9_receptor_APBA.gpf
2026-08-31 18:16:53,558 [Pipeline] DPF written → /home/chan/Research/Monomer_screening_in_Bio/results/phase3/CD9/NSGA_3_CETES/step0_APBA/CD9_receptor_APBA.dpf
2026-08-31 18:16:53,558 [Pipeline] AutoDock-GPU settings not transferable from DPF: parameter_file: AD-GPU ignores it. Receptor-side Si/B parameters reach the run only through the AutoGrid maps; ligand-internal ones only through --modpair (applied) | ls_search_freq / set_psw1 / sw_*: AD-GPU uses ADADELTA local search at 100% rate; the DPF's Solis-Wets block does not apply and the GPU search protocol is NOT identical to AD4 CPU | ga_num_evals is a CEILING on the GPU: --autostop 1 ends a run on convergence, so the DLG's 'evaluations performed' is normally well below the configured budget
2026-08-31 18:16:54,547 [Pipeline] AutoDock-GPU completed: CD9_receptor_APBA.dlg (seed (20260812, 147247180, 187244364))
2026-08-31 18:16:54,548 [Pipeline] Parsed 25 clusters from CD9_receptor_APBA.dlg
2026-08-31 18:16:54,549 [Pipeline] Parsed 25 clusters from CD9_receptor_APBA.dlg
2026-08-31 18:16:54,550 [Pipeline] Parsed 25 clusters from CD9_receptor_APBA.dlg
2026-08-31 18:16:54,550 [Pipeline] Merged receptor+ligand → /home/chan/Research/Monomer_screening_in_Bio/results/phase3/CD9/NSGA_3_CETES/receptor_step0.pdb
2026-08-31 18:16:54,755 [Pipeline] Receptor PDBQT [ADFR prepare_receptor4 (python2.7)] → /home/chan/Research/Monomer_screening_in_Bio/results/phase3/CD9/NSGA_3_CETES/receptor_step0.pdbqt
2026-08-31 18:16:54,755 [Pipeline]   charge check skipped (indeterminate: non-standard residues ['UNL']); net=-0.970 e
2026-08-31 18:16:54,757 [Pipeline] Custom AD4 parameters (B, Si) written: /home/chan/Research/Monomer_screening_in_Bio/results/phase3/CD9/NSGA_3_CETES/step1_PTES/AD4_parameters_custom.dat
2026-08-31 18:16:54,757 [Pipeline] GPF written → /home/chan/Research/Monomer_screening_in_Bio/results/phase3/CD9/NSGA_3_CETES/step1_PTES/receptor_step0_PTES.gpf
2026-08-31 18:16:56,209 [Pipeline] DPF written → /home/chan/Research/Monomer_screening_in_Bio/results/phase3/CD9/NSGA_3_CETES/step1_PTES/receptor_step0_PTES.dpf
2026-08-31 18:16:56,209 [Pipeline] AutoDock-GPU settings not transferable from DPF: parameter_file: AD-GPU ignores it. Receptor-side Si/B parameters reach the run only through the AutoGrid maps; ligand-internal ones only through --modpair (applied) | ls_search_freq / set_psw1 / sw_*: AD-GPU uses ADADELTA local search at 100% rate; the DPF's Solis-Wets block does not apply and the GPU search protocol is NOT identical to AD4 CPU | ga_num_evals is a CEILING on the GPU: --autostop 1 ends a run on convergence, so the DLG's 'evaluations performed' is normally well below the configured budget
2026-08-31 18:16:57,373 [Pipeline] AutoDock-GPU completed: receptor_step0_PTES.dlg (seed (20260812, 1549021872, 1586904392))
2026-08-31 18:16:57,374 [Pipeline] Parsed 25 clusters from receptor_step0_PTES.dlg
2026-08-31 18:16:57,375 [Pipeline] Parsed 25 clusters from receptor_step0_PTES.dlg
2026-08-31 18:16:57,376 [Pipeline] Parsed 25 clusters from receptor_step0_PTES.dlg
2026-08-31 18:16:57,376 [Pipeline] Merged receptor+ligand → /home/chan/Research/Monomer_screening_in_Bio/results/phase3/CD9/NSGA_3_CETES/receptor_step1.pdb
2026-08-31 18:16:57,571 [Pipeline] Receptor PDBQT [ADFR prepare_receptor4 (python2.7)] → /home/chan/Research/Monomer_screening_in_Bio/results/phase3/CD9/NSGA_3_CETES/receptor_step1.pdbqt
2026-08-31 18:16:57,571 [Pipeline]   charge check skipped (indeterminate: non-standard residues ['UNL']); net=-0.970 e
2026-08-31 18:16:57,573 [Pipeline] Custom AD4 parameters (B, Si) written: /home/chan/Research/Monomer_screening_in_Bio/results/phase3/CD9/NSGA_3_CETES/step2_CETES/AD4_parameters_custom.dat
2026-08-31 18:16:57,573 [Pipeline] GPF written → /home/chan/Research/Monomer_screening_in_Bio/results/phase3/CD9/NSGA_3_CETES/step2_CETES/receptor_step1_CETES.gpf
2026-08-31 18:16:59,048 [Pipeline] DPF written → /home/chan/Research/Monomer_screening_in_Bio/results/phase3/CD9/NSGA_3_CETES/step2_CETES/receptor_step1_CETES.dpf
2026-08-31 18:16:59,048 [Pipeline] AutoDock-GPU settings not transferable from DPF: parameter_file: AD-GPU ignores it. Receptor-side Si/B parameters reach the run only through the AutoGrid maps; ligand-internal ones only through --modpair (applied) | ls_search_freq / set_psw1 / sw_*: AD-GPU uses ADADELTA local search at 100% rate; the DPF's Solis-Wets block does not apply and the GPU search protocol is NOT identical to AD4 CPU | ga_num_evals is a CEILING on the GPU: --autostop 1 ends a run on convergence, so the DLG's 'evaluations performed' is normally well below the configured budget
2026-08-31 18:17:00,284 [Pipeline] AutoDock-GPU completed: receptor_step1_CETES.dlg (seed (20260812, 1049973783, 1087740839))
2026-08-31 18:17:00,285 [Pipeline] Parsed 25 clusters from receptor_step1_CETES.dlg
2026-08-31 18:17:00,285 [Pipeline] Parsed 25 clusters from receptor_step1_CETES.dlg
2026-08-31 18:17:00,286 [Pipeline] Parsed 25 clusters from receptor_step1_CETES.dlg
2026-08-31 18:17:00,287 [Pipeline] Merged receptor+ligand → /home/chan/Research/Monomer_screening_in_Bio/results/phase3/CD9/NSGA_3_CETES/receptor_step2.pdb
2026-08-31 18:17:00,494 [Pipeline] Receptor PDBQT [ADFR prepare_receptor4 (python2.7)] → /home/chan/Research/Monomer_screening_in_Bio/results/phase3/CD9/NSGA_3_CETES/receptor_step2.pdbqt
2026-08-31 18:17:00,495 [Pipeline]   charge check skipped (indeterminate: non-standard residues ['UNL']); net=-0.969 e
2026-08-31 18:17:00,498 [Pipeline] Custom AD4 parameters (B, Si) written: /home/chan/Research/Monomer_screening_in_Bio/results/phase3/CD9/NSGA_3_CETES/step3_ICTES/AD4_parameters_custom.dat
2026-08-31 18:17:00,498 [Pipeline] GPF written → /home/chan/Research/Monomer_screening_in_Bio/results/phase3/CD9/NSGA_3_CETES/step3_ICTES/receptor_step2_ICTES.gpf
2026-08-31 18:17:01,960 [Pipeline] DPF written → /home/chan/Research/Monomer_screening_in_Bio/results/phase3/CD9/NSGA_3_CETES/step3_ICTES/receptor_step2_ICTES.dpf
2026-08-31 18:17:01,960 [Pipeline] AutoDock-GPU settings not transferable from DPF: parameter_file: AD-GPU ignores it. Receptor-side Si/B parameters reach the run only through the AutoGrid maps; ligand-internal ones only through --modpair (applied) | ls_search_freq / set_psw1 / sw_*: AD-GPU uses ADADELTA local search at 100% rate; the DPF's Solis-Wets block does not apply and the GPU search protocol is NOT identical to AD4 CPU | ga_num_evals is a CEILING on the GPU: --autostop 1 ends a run on convergence, so the DLG's 'evaluations performed' is normally well below the configured budget
2026-08-31 18:17:03,342 [Pipeline] AutoDock-GPU completed: receptor_step2_ICTES.dlg (seed (20260812, 1870729861, 1877564693))
2026-08-31 18:17:03,343 [Pipeline] Parsed 25 clusters from receptor_step2_ICTES.dlg
2026-08-31 18:17:03,344 [Pipeline] Parsed 25 clusters from receptor_step2_ICTES.dlg
2026-08-31 18:17:03,345 [Pipeline] Parsed 25 clusters from receptor_step2_ICTES.dlg
2026-08-31 18:17:03,346 [Pipeline] Merged receptor+ligand → /home/chan/Research/Monomer_screening_in_Bio/results/phase3/CD9/NSGA_3_CETES/receptor_step3.pdb
2026-08-31 18:17:03,551 [Pipeline] Receptor PDBQT [ADFR prepare_receptor4 (python2.7)] → /home/chan/Research/Monomer_screening_in_Bio/results/phase3/CD9/NSGA_3_CETES/receptor_step3.pdbqt
2026-08-31 18:17:03,551 [Pipeline]   charge check skipped (indeterminate: non-standard residues ['UNL']); net=-0.968 e
2026-08-31 18:17:03,553 [Pipeline] Custom AD4 parameters (B, Si) written: /home/chan/Research/Monomer_screening_in_Bio/results/phase3/CD9/NSGA_3_CETES/step4_IBTES/AD4_parameters_custom.dat
2026-08-31 18:17:03,554 [Pipeline] GPF written → /home/chan/Research/Monomer_screening_in_Bio/results/phase3/CD9/NSGA_3_CETES/step4_IBTES/receptor_step3_IBTES.gpf
2026-08-31 18:17:03,593 [Pipeline] DPF written → /home/chan/Research/Monomer_screening_in_Bio/results/phase3/CD9/NSGA_3_CETES/step4_IBTES/receptor_step3_IBTES.dpf
2026-08-31 18:17:03,593 [Pipeline] AutoDock-GPU settings not transferable from DPF: parameter_file: AD-GPU ignores it. Receptor-side Si/B parameters reach the run only through the AutoGrid maps; ligand-internal ones only through --modpair (applied) | ls_search_freq / set_psw1 / sw_*: AD-GPU uses ADADELTA local search at 100% rate; the DPF's Solis-Wets block does not apply and the GPU search protocol is NOT identical to AD4 CPU | ga_num_evals is a CEILING on the GPU: --autostop 1 ends a run on convergence, so the DLG's 'evaluations performed' is normally well below the configured budget
2026-08-31 18:17:04,724 [Pipeline] AutoDock-GPU completed: receptor_step3_IBTES.dlg (seed (20260812, 872205429, 872354693))
2026-08-31 18:17:04,725 [Pipeline] Parsed 25 clusters from receptor_step3_IBTES.dlg
2026-08-31 18:17:04,725 [Pipeline] Parsed 25 clusters from receptor_step3_IBTES.dlg
2026-08-31 18:17:04,726 [Pipeline] Parsed 25 clusters from receptor_step3_IBTES.dlg
2026-08-31 18:17:04,727 [Pipeline] Merged receptor+ligand → /home/chan/Research/Monomer_screening_in_Bio/results/phase3/CD9/NSGA_3_CETES/receptor_step4.pdb
2026-08-31 18:17:04,969 [Pipeline] Receptor PDBQT [ADFR prepare_receptor4 (python2.7)] → /home/chan/Research/Monomer_screening_in_Bio/results/phase3/CD9/NSGA_3_CETES/receptor_step4.pdbqt
2026-08-31 18:17:04,970 [Pipeline]   charge check skipped (indeterminate: non-standard residues ['UNL']); net=-0.969 e
2026-08-31 18:17:04,972 [Pipeline] Custom AD4 parameters (B, Si) written: /home/chan/Research/Monomer_screening_in_Bio/results/phase3/CD9/NSGA_3_CETES/step5_TEOS/AD4_parameters_custom.dat
2026-08-31 18:17:04,972 [Pipeline] GPF written → /home/chan/Research/Monomer_screening_in_Bio/results/phase3/CD9/NSGA_3_CETES/step5_TEOS/receptor_step4_TEOS.gpf
2026-08-31 18:17:06,446 [Pipeline] DPF written → /home/chan/Research/Monomer_screening_in_Bio/results/phase3/CD9/NSGA_3_CETES/step5_TEOS/receptor_step4_TEOS.dpf
2026-08-31 18:17:06,447 [Pipeline] AutoDock-GPU settings not transferable from DPF: parameter_file: AD-GPU ignores it. Receptor-side Si/B parameters reach the run only through the AutoGrid maps; ligand-internal ones only through --modpair (applied) | ls_search_freq / set_psw1 / sw_*: AD-GPU uses ADADELTA local search at 100% rate; the DPF's Solis-Wets block does not apply and the GPU search protocol is NOT identical to AD4 CPU | ga_num_evals is a CEILING on the GPU: --autostop 1 ends a run on convergence, so the DLG's 'evaluations performed' is normally well below the configured budget
2026-08-31 18:17:07,338 [Pipeline] AutoDock-GPU completed: receptor_step4_TEOS.dlg (seed (20260812, 1270892758, 1277859558))
2026-08-31 18:17:07,339 [Pipeline] Parsed 25 clusters from receptor_step4_TEOS.dlg
2026-08-31 18:17:07,340 [Pipeline] Parsed 25 clusters from receptor_step4_TEOS.dlg
2026-08-31 18:17:07,340 [Pipeline] Parsed 25 clusters from receptor_step4_TEOS.dlg
2026-08-31 18:17:07,341 [Pipeline]     XL TEOS: BE=-2.60
2026-08-31 18:17:07,343 [Pipeline] Custom AD4 parameters (B, Si) written: /home/chan/Research/Monomer_screening_in_Bio/results/phase3/CD9/NSGA_3_CETES/step5_TMOS/AD4_parameters_custom.dat
2026-08-31 18:17:07,343 [Pipeline] GPF written → /home/chan/Research/Monomer_screening_in_Bio/results/phase3/CD9/NSGA_3_CETES/step5_TMOS/receptor_step4_TMOS.gpf
2026-08-31 18:17:08,772 [Pipeline] DPF written → /home/chan/Research/Monomer_screening_in_Bio/results/phase3/CD9/NSGA_3_CETES/step5_TMOS/receptor_step4_TMOS.dpf
2026-08-31 18:17:08,773 [Pipeline] AutoDock-GPU settings not transferable from DPF: parameter_file: AD-GPU ignores it. Receptor-side Si/B parameters reach the run only through the AutoGrid maps; ligand-internal ones only through --modpair (applied) | ls_search_freq / set_psw1 / sw_*: AD-GPU uses ADADELTA local search at 100% rate; the DPF's Solis-Wets block does not apply and the GPU search protocol is NOT identical to AD4 CPU | ga_num_evals is a CEILING on the GPU: --autostop 1 ends a run on convergence, so the DLG's 'evaluations performed' is normally well below the configured budget
2026-08-31 18:17:09,551 [Pipeline] AutoDock-GPU completed: receptor_step4_TMOS.dlg (seed (20260812, 594624773, 595168917))
2026-08-31 18:17:09,551 [Pipeline] Parsed 25 clusters from receptor_step4_TMOS.dlg
2026-08-31 18:17:09,552 [Pipeline] Parsed 25 clusters from receptor_step4_TMOS.dlg
2026-08-31 18:17:09,553 [Pipeline] Parsed 25 clusters from receptor_step4_TMOS.dlg
2026-08-31 18:17:09,553 [Pipeline]     XL TMOS: BE=-2.70
2026-08-31 18:17:09,553 [Pipeline]     Best XL: TMOS (BE=-2.70)
2026-08-31 18:17:09,556 [Pipeline] Custom AD4 parameters (B, Si) written: /home/chan/Research/Monomer_screening_in_Bio/results/phase3/CD9/NSGA_3_CETES/cross_CD63/step0_APBA/AD4_parameters_custom.dat
2026-08-31 18:17:09,556 [Pipeline] GPF written → /home/chan/Research/Monomer_screening_in_Bio/results/phase3/CD9/NSGA_3_CETES/cross_CD63/step0_APBA/CD63_receptor_glyco_APBA.gpf
2026-08-31 18:17:16,357 [Pipeline] DPF written → /home/chan/Research/Monomer_screening_in_Bio/results/phase3/CD9/NSGA_3_CETES/cross_CD63/step0_APBA/CD63_receptor_glyco_APBA.dpf
2026-08-31 18:17:16,357 [Pipeline] AutoDock-GPU settings not transferable from DPF: parameter_file: AD-GPU ignores it. Receptor-side Si/B parameters reach the run only through the AutoGrid maps; ligand-internal ones only through --modpair (applied) | ls_search_freq / set_psw1 / sw_*: AD-GPU uses ADADELTA local search at 100% rate; the DPF's Solis-Wets block does not apply and the GPU search protocol is NOT identical to AD4 CPU | ga_num_evals is a CEILING on the GPU: --autostop 1 ends a run on convergence, so the DLG's 'evaluations performed' is normally well below the configured budget
2026-08-31 18:17:18,538 [Pipeline] AutoDock-GPU completed: CD63_receptor_glyco_APBA.dlg (seed (20260812, 1866055401, 1866580209))
2026-08-31 18:17:18,539 [Pipeline] Parsed 25 clusters from CD63_receptor_glyco_APBA.dlg
2026-08-31 18:17:18,540 [Pipeline] Parsed 25 clusters from CD63_receptor_glyco_APBA.dlg
2026-08-31 18:17:18,541 [Pipeline] Parsed 25 clusters from CD63_receptor_glyco_APBA.dlg
2026-08-31 18:17:18,541 [Pipeline] Merged receptor+ligand → /home/chan/Research/Monomer_screening_in_Bio/results/phase3/CD9/NSGA_3_CETES/cross_CD63/receptor_step0.pdb
2026-08-31 18:17:18,785 [Pipeline] Receptor PDBQT [ADFR prepare_receptor4 (python2.7)] → /home/chan/Research/Monomer_screening_in_Bio/results/phase3/CD9/NSGA_3_CETES/cross_CD63/receptor_step0.pdbqt
2026-08-31 18:17:18,786 [Pipeline]   charge check skipped (indeterminate: non-standard residues ['UNL']); net=+2.024 e
2026-08-31 18:17:18,789 [Pipeline] Custom AD4 parameters (B, Si) written: /home/chan/Research/Monomer_screening_in_Bio/results/phase3/CD9/NSGA_3_CETES/cross_CD63/step1_PTES/AD4_parameters_custom.dat
2026-08-31 18:17:18,789 [Pipeline] GPF written → /home/chan/Research/Monomer_screening_in_Bio/results/phase3/CD9/NSGA_3_CETES/cross_CD63/step1_PTES/receptor_step0_PTES.gpf
2026-08-31 18:17:24,572 [Pipeline] DPF written → /home/chan/Research/Monomer_screening_in_Bio/results/phase3/CD9/NSGA_3_CETES/cross_CD63/step1_PTES/receptor_step0_PTES.dpf
2026-08-31 18:17:24,572 [Pipeline] AutoDock-GPU settings not transferable from DPF: parameter_file: AD-GPU ignores it. Receptor-side Si/B parameters reach the run only through the AutoGrid maps; ligand-internal ones only through --modpair (applied) | ls_search_freq / set_psw1 / sw_*: AD-GPU uses ADADELTA local search at 100% rate; the DPF's Solis-Wets block does not apply and the GPU search protocol is NOT identical to AD4 CPU | ga_num_evals is a CEILING on the GPU: --autostop 1 ends a run on convergence, so the DLG's 'evaluations performed' is normally well below the configured budget
2026-08-31 18:17:26,925 [Pipeline] AutoDock-GPU completed: receptor_step0_PTES.dlg (seed (20260812, 1549021872, 1586904392))
2026-08-31 18:17:26,926 [Pipeline] Parsed 25 clusters from receptor_step0_PTES.dlg
2026-08-31 18:17:26,927 [Pipeline] Parsed 25 clusters from receptor_step0_PTES.dlg
2026-08-31 18:17:26,928 [Pipeline] Parsed 25 clusters from receptor_step0_PTES.dlg
2026-08-31 18:17:26,928 [Pipeline] Merged receptor+ligand → /home/chan/Research/Monomer_screening_in_Bio/results/phase3/CD9/NSGA_3_CETES/cross_CD63/receptor_step1.pdb
2026-08-31 18:17:27,175 [Pipeline] Receptor PDBQT [ADFR prepare_receptor4 (python2.7)] → /home/chan/Research/Monomer_screening_in_Bio/results/phase3/CD9/NSGA_3_CETES/cross_CD63/receptor_step1.pdbqt
2026-08-31 18:17:27,176 [Pipeline]   charge check skipped (indeterminate: non-standard residues ['UNL']); net=+2.024 e
2026-08-31 18:17:27,179 [Pipeline] Custom AD4 parameters (B, Si) written: /home/chan/Research/Monomer_screening_in_Bio/results/phase3/CD9/NSGA_3_CETES/cross_CD63/step2_CETES/AD4_parameters_custom.dat
2026-08-31 18:17:27,179 [Pipeline] GPF written → /home/chan/Research/Monomer_screening_in_Bio/results/phase3/CD9/NSGA_3_CETES/cross_CD63/step2_CETES/receptor_step1_CETES.gpf
2026-08-31 18:17:32,974 [Pipeline] DPF written → /home/chan/Research/Monomer_screening_in_Bio/results/phase3/CD9/NSGA_3_CETES/cross_CD63/step2_CETES/receptor_step1_CETES.dpf
2026-08-31 18:17:32,975 [Pipeline] AutoDock-GPU settings not transferable from DPF: parameter_file: AD-GPU ignores it. Receptor-side Si/B parameters reach the run only through the AutoGrid maps; ligand-internal ones only through --modpair (applied) | ls_search_freq / set_psw1 / sw_*: AD-GPU uses ADADELTA local search at 100% rate; the DPF's Solis-Wets block does not apply and the GPU search protocol is NOT identical to AD4 CPU | ga_num_evals is a CEILING on the GPU: --autostop 1 ends a run on convergence, so the DLG's 'evaluations performed' is normally well below the configured budget
2026-08-31 18:17:35,356 [Pipeline] AutoDock-GPU completed: receptor_step1_CETES.dlg (seed (20260812, 1049973783, 1087740839))
2026-08-31 18:17:35,357 [Pipeline] Parsed 25 clusters from receptor_step1_CETES.dlg
2026-08-31 18:17:35,358 [Pipeline] Parsed 25 clusters from receptor_step1_CETES.dlg
2026-08-31 18:17:35,358 [Pipeline] Parsed 25 clusters from receptor_step1_CETES.dlg
2026-08-31 18:17:35,359 [Pipeline] Merged receptor+ligand → /home/chan/Research/Monomer_screening_in_Bio/results/phase3/CD9/NSGA_3_CETES/cross_CD63/receptor_step2.pdb
2026-08-31 18:17:35,609 [Pipeline] Receptor PDBQT [ADFR prepare_receptor4 (python2.7)] → /home/chan/Research/Monomer_screening_in_Bio/results/phase3/CD9/NSGA_3_CETES/cross_CD63/receptor_step2.pdbqt
2026-08-31 18:17:35,610 [Pipeline]   charge check skipped (indeterminate: non-standard residues ['UNL']); net=+2.025 e
2026-08-31 18:17:35,612 [Pipeline] Custom AD4 parameters (B, Si) written: /home/chan/Research/Monomer_screening_in_Bio/results/phase3/CD9/NSGA_3_CETES/cross_CD63/step3_ICTES/AD4_parameters_custom.dat
2026-08-31 18:17:35,612 [Pipeline] GPF written → /home/chan/Research/Monomer_screening_in_Bio/results/phase3/CD9/NSGA_3_CETES/cross_CD63/step3_ICTES/receptor_step2_ICTES.gpf
2026-08-31 18:17:40,106 [Pipeline] DPF written → /home/chan/Research/Monomer_screening_in_Bio/results/phase3/CD9/NSGA_3_CETES/cross_CD63/step3_ICTES/receptor_step2_ICTES.dpf
2026-08-31 18:17:40,107 [Pipeline] AutoDock-GPU settings not transferable from DPF: parameter_file: AD-GPU ignores it. Receptor-side Si/B parameters reach the run only through the AutoGrid maps; ligand-internal ones only through --modpair (applied) | ls_search_freq / set_psw1 / sw_*: AD-GPU uses ADADELTA local search at 100% rate; the DPF's Solis-Wets block does not apply and the GPU search protocol is NOT identical to AD4 CPU | ga_num_evals is a CEILING on the GPU: --autostop 1 ends a run on convergence, so the DLG's 'evaluations performed' is normally well below the configured budget
2026-08-31 18:17:42,187 [Pipeline] AutoDock-GPU completed: receptor_step2_ICTES.dlg (seed (20260812, 1870729861, 1877564693))
2026-08-31 18:17:42,188 [Pipeline] Parsed 25 clusters from receptor_step2_ICTES.dlg
2026-08-31 18:17:42,189 [Pipeline] Parsed 25 clusters from receptor_step2_ICTES.dlg
2026-08-31 18:17:42,190 [Pipeline] Parsed 25 clusters from receptor_step2_ICTES.dlg
2026-08-31 18:17:42,190 [Pipeline] Merged receptor+ligand → /home/chan/Research/Monomer_screening_in_Bio/results/phase3/CD9/NSGA_3_CETES/cross_CD63/receptor_step3.pdb
2026-08-31 18:17:42,438 [Pipeline] Receptor PDBQT [ADFR prepare_receptor4 (python2.7)] → /home/chan/Research/Monomer_screening_in_Bio/results/phase3/CD9/NSGA_3_CETES/cross_CD63/receptor_step3.pdbqt
2026-08-31 18:17:42,439 [Pipeline]   charge check skipped (indeterminate: non-standard residues ['UNL']); net=+2.026 e
2026-08-31 18:17:42,441 [Pipeline] Custom AD4 parameters (B, Si) written: /home/chan/Research/Monomer_screening_in_Bio/results/phase3/CD9/NSGA_3_CETES/cross_CD63/step4_IBTES/AD4_parameters_custom.dat
2026-08-31 18:17:42,441 [Pipeline] GPF written → /home/chan/Research/Monomer_screening_in_Bio/results/phase3/CD9/NSGA_3_CETES/cross_CD63/step4_IBTES/receptor_step3_IBTES.gpf
2026-08-31 18:17:48,417 [Pipeline] DPF written → /home/chan/Research/Monomer_screening_in_Bio/results/phase3/CD9/NSGA_3_CETES/cross_CD63/step4_IBTES/receptor_step3_IBTES.dpf
2026-08-31 18:17:48,417 [Pipeline] AutoDock-GPU settings not transferable from DPF: parameter_file: AD-GPU ignores it. Receptor-side Si/B parameters reach the run only through the AutoGrid maps; ligand-internal ones only through --modpair (applied) | ls_search_freq / set_psw1 / sw_*: AD-GPU uses ADADELTA local search at 100% rate; the DPF's Solis-Wets block does not apply and the GPU search protocol is NOT identical to AD4 CPU | ga_num_evals is a CEILING on the GPU: --autostop 1 ends a run on convergence, so the DLG's 'evaluations performed' is normally well below the configured budget
2026-08-31 18:17:50,506 [Pipeline] AutoDock-GPU completed: receptor_step3_IBTES.dlg (seed (20260812, 872205429, 872354693))
2026-08-31 18:17:50,507 [Pipeline] Parsed 25 clusters from receptor_step3_IBTES.dlg
2026-08-31 18:17:50,508 [Pipeline] Parsed 25 clusters from receptor_step3_IBTES.dlg
2026-08-31 18:17:50,508 [Pipeline] Parsed 25 clusters from receptor_step3_IBTES.dlg
2026-08-31 18:17:50,509 [Pipeline] Merged receptor+ligand → /home/chan/Research/Monomer_screening_in_Bio/results/phase3/CD9/NSGA_3_CETES/cross_CD63/receptor_step4.pdb
2026-08-31 18:17:50,771 [Pipeline] Receptor PDBQT [ADFR prepare_receptor4 (python2.7)] → /home/chan/Research/Monomer_screening_in_Bio/results/phase3/CD9/NSGA_3_CETES/cross_CD63/receptor_step4.pdbqt
2026-08-31 18:17:50,772 [Pipeline]   charge check skipped (indeterminate: non-standard residues ['UNL']); net=+2.025 e
2026-08-31 18:17:50,774 [Pipeline] Custom AD4 parameters (B, Si) written: /home/chan/Research/Monomer_screening_in_Bio/results/phase3/CD9/NSGA_3_CETES/cross_CD63/step5_TEOS/AD4_parameters_custom.dat
2026-08-31 18:17:50,774 [Pipeline] GPF written → /home/chan/Research/Monomer_screening_in_Bio/results/phase3/CD9/NSGA_3_CETES/cross_CD63/step5_TEOS/receptor_step4_TEOS.gpf
2026-08-31 18:17:56,808 [Pipeline] DPF written → /home/chan/Research/Monomer_screening_in_Bio/results/phase3/CD9/NSGA_3_CETES/cross_CD63/step5_TEOS/receptor_step4_TEOS.dpf
2026-08-31 18:17:56,809 [Pipeline] AutoDock-GPU settings not transferable from DPF: parameter_file: AD-GPU ignores it. Receptor-side Si/B parameters reach the run only through the AutoGrid maps; ligand-internal ones only through --modpair (applied) | ls_search_freq / set_psw1 / sw_*: AD-GPU uses ADADELTA local search at 100% rate; the DPF's Solis-Wets block does not apply and the GPU search protocol is NOT identical to AD4 CPU | ga_num_evals is a CEILING on the GPU: --autostop 1 ends a run on convergence, so the DLG's 'evaluations performed' is normally well below the configured budget
2026-08-31 18:17:58,570 [Pipeline] AutoDock-GPU completed: receptor_step4_TEOS.dlg (seed (20260812, 1270892758, 1277859558))
2026-08-31 18:17:58,571 [Pipeline] Parsed 25 clusters from receptor_step4_TEOS.dlg
2026-08-31 18:17:58,571 [Pipeline] Parsed 25 clusters from receptor_step4_TEOS.dlg
2026-08-31 18:17:58,572 [Pipeline] Parsed 25 clusters from receptor_step4_TEOS.dlg
2026-08-31 18:17:58,573 [Pipeline]     XL TEOS: BE=-3.17
2026-08-31 18:17:58,575 [Pipeline] Custom AD4 parameters (B, Si) written: /home/chan/Research/Monomer_screening_in_Bio/results/phase3/CD9/NSGA_3_CETES/cross_CD63/step5_TMOS/AD4_parameters_custom.dat
2026-08-31 18:17:58,575 [Pipeline] GPF written → /home/chan/Research/Monomer_screening_in_Bio/results/phase3/CD9/NSGA_3_CETES/cross_CD63/step5_TMOS/receptor_step4_TMOS.gpf
2026-08-31 18:18:04,458 [Pipeline] DPF written → /home/chan/Research/Monomer_screening_in_Bio/results/phase3/CD9/NSGA_3_CETES/cross_CD63/step5_TMOS/receptor_step4_TMOS.dpf
2026-08-31 18:18:04,459 [Pipeline] AutoDock-GPU settings not transferable from DPF: parameter_file: AD-GPU ignores it. Receptor-side Si/B parameters reach the run only through the AutoGrid maps; ligand-internal ones only through --modpair (applied) | ls_search_freq / set_psw1 / sw_*: AD-GPU uses ADADELTA local search at 100% rate; the DPF's Solis-Wets block does not apply and the GPU search protocol is NOT identical to AD4 CPU | ga_num_evals is a CEILING on the GPU: --autostop 1 ends a run on convergence, so the DLG's 'evaluations performed' is normally well below the configured budget
2026-08-31 18:18:06,093 [Pipeline] AutoDock-GPU completed: receptor_step4_TMOS.dlg (seed (20260812, 594624773, 595168917))
2026-08-31 18:18:06,094 [Pipeline] Parsed 25 clusters from receptor_step4_TMOS.dlg
2026-08-31 18:18:06,094 [Pipeline] Parsed 25 clusters from receptor_step4_TMOS.dlg
2026-08-31 18:18:06,095 [Pipeline] Parsed 25 clusters from receptor_step4_TMOS.dlg
2026-08-31 18:18:06,095 [Pipeline]     XL TMOS: BE=-2.96
2026-08-31 18:18:06,096 [Pipeline]     Best XL: TEOS (BE=-3.17)
2026-08-31 18:18:06,098 [Pipeline] Custom AD4 parameters (B, Si) written: /home/chan/Research/Monomer_screening_in_Bio/results/phase3/CD9/NSGA_3_CETES/cross_CD81/step0_APBA/AD4_parameters_custom.dat
2026-08-31 18:18:06,098 [Pipeline] GPF written → /home/chan/Research/Monomer_screening_in_Bio/results/phase3/CD9/NSGA_3_CETES/cross_CD81/step0_APBA/CD81_receptor_APBA.gpf
2026-08-31 18:18:06,337 [Pipeline] DPF written → /home/chan/Research/Monomer_screening_in_Bio/results/phase3/CD9/NSGA_3_CETES/cross_CD81/step0_APBA/CD81_receptor_APBA.dpf
2026-08-31 18:18:06,338 [Pipeline] AutoDock-GPU settings not transferable from DPF: parameter_file: AD-GPU ignores it. Receptor-side Si/B parameters reach the run only through the AutoGrid maps; ligand-internal ones only through --modpair (applied) | ls_search_freq / set_psw1 / sw_*: AD-GPU uses ADADELTA local search at 100% rate; the DPF's Solis-Wets block does not apply and the GPU search protocol is NOT identical to AD4 CPU | ga_num_evals is a CEILING on the GPU: --autostop 1 ends a run on convergence, so the DLG's 'evaluations performed' is normally well below the configured budget
2026-08-31 18:18:07,333 [Pipeline] AutoDock-GPU completed: CD81_receptor_APBA.dlg (seed (20260812, 2100230507, 2102462067))
2026-08-31 18:18:07,333 [Pipeline] Parsed 25 clusters from CD81_receptor_APBA.dlg
2026-08-31 18:18:07,334 [Pipeline] Parsed 25 clusters from CD81_receptor_APBA.dlg
2026-08-31 18:18:07,335 [Pipeline] Parsed 25 clusters from CD81_receptor_APBA.dlg
2026-08-31 18:18:07,335 [Pipeline] Merged receptor+ligand → /home/chan/Research/Monomer_screening_in_Bio/results/phase3/CD9/NSGA_3_CETES/cross_CD81/receptor_step0.pdb
2026-08-31 18:18:07,529 [Pipeline] Receptor PDBQT [ADFR prepare_receptor4 (python2.7)] → /home/chan/Research/Monomer_screening_in_Bio/results/phase3/CD9/NSGA_3_CETES/cross_CD81/receptor_step0.pdbqt
2026-08-31 18:18:07,529 [Pipeline]   charge check skipped (indeterminate: non-standard residues ['UNL']); net=-1.963 e
2026-08-31 18:18:07,531 [Pipeline] Custom AD4 parameters (B, Si) written: /home/chan/Research/Monomer_screening_in_Bio/results/phase3/CD9/NSGA_3_CETES/cross_CD81/step1_PTES/AD4_parameters_custom.dat
2026-08-31 18:18:07,531 [Pipeline] GPF written → /home/chan/Research/Monomer_screening_in_Bio/results/phase3/CD9/NSGA_3_CETES/cross_CD81/step1_PTES/receptor_step0_PTES.gpf
2026-08-31 18:18:08,966 [Pipeline] DPF written → /home/chan/Research/Monomer_screening_in_Bio/results/phase3/CD9/NSGA_3_CETES/cross_CD81/step1_PTES/receptor_step0_PTES.dpf
2026-08-31 18:18:08,967 [Pipeline] AutoDock-GPU settings not transferable from DPF: parameter_file: AD-GPU ignores it. Receptor-side Si/B parameters reach the run only through the AutoGrid maps; ligand-internal ones only through --modpair (applied) | ls_search_freq / set_psw1 / sw_*: AD-GPU uses ADADELTA local search at 100% rate; the DPF's Solis-Wets block does not apply and the GPU search protocol is NOT identical to AD4 CPU | ga_num_evals is a CEILING on the GPU: --autostop 1 ends a run on convergence, so the DLG's 'evaluations performed' is normally well below the configured budget
2026-08-31 18:18:10,115 [Pipeline] AutoDock-GPU completed: receptor_step0_PTES.dlg (seed (20260812, 1549021872, 1586904392))
2026-08-31 18:18:10,116 [Pipeline] Parsed 25 clusters from receptor_step0_PTES.dlg
2026-08-31 18:18:10,117 [Pipeline] Parsed 25 clusters from receptor_step0_PTES.dlg
2026-08-31 18:18:10,117 [Pipeline] Parsed 25 clusters from receptor_step0_PTES.dlg
2026-08-31 18:18:10,118 [Pipeline] Merged receptor+ligand → /home/chan/Research/Monomer_screening_in_Bio/results/phase3/CD9/NSGA_3_CETES/cross_CD81/receptor_step1.pdb
2026-08-31 18:18:10,324 [Pipeline] Receptor PDBQT [ADFR prepare_receptor4 (python2.7)] → /home/chan/Research/Monomer_screening_in_Bio/results/phase3/CD9/NSGA_3_CETES/cross_CD81/receptor_step1.pdbqt
2026-08-31 18:18:10,324 [Pipeline]   charge check skipped (indeterminate: non-standard residues ['UNL']); net=-1.963 e
2026-08-31 18:18:10,326 [Pipeline] Custom AD4 parameters (B, Si) written: /home/chan/Research/Monomer_screening_in_Bio/results/phase3/CD9/NSGA_3_CETES/cross_CD81/step2_CETES/AD4_parameters_custom.dat
2026-08-31 18:18:10,326 [Pipeline] GPF written → /home/chan/Research/Monomer_screening_in_Bio/results/phase3/CD9/NSGA_3_CETES/cross_CD81/step2_CETES/receptor_step1_CETES.gpf
2026-08-31 18:18:11,838 [Pipeline] DPF written → /home/chan/Research/Monomer_screening_in_Bio/results/phase3/CD9/NSGA_3_CETES/cross_CD81/step2_CETES/receptor_step1_CETES.dpf
2026-08-31 18:18:11,839 [Pipeline] AutoDock-GPU settings not transferable from DPF: parameter_file: AD-GPU ignores it. Receptor-side Si/B parameters reach the run only through the AutoGrid maps; ligand-internal ones only through --modpair (applied) | ls_search_freq / set_psw1 / sw_*: AD-GPU uses ADADELTA local search at 100% rate; the DPF's Solis-Wets block does not apply and the GPU search protocol is NOT identical to AD4 CPU | ga_num_evals is a CEILING on the GPU: --autostop 1 ends a run on convergence, so the DLG's 'evaluations performed' is normally well below the configured budget
2026-08-31 18:18:13,145 [Pipeline] AutoDock-GPU completed: receptor_step1_CETES.dlg (seed (20260812, 1049973783, 1087740839))
2026-08-31 18:18:13,146 [Pipeline] Parsed 25 clusters from receptor_step1_CETES.dlg
2026-08-31 18:18:13,147 [Pipeline] Parsed 25 clusters from receptor_step1_CETES.dlg
2026-08-31 18:18:13,148 [Pipeline] Parsed 25 clusters from receptor_step1_CETES.dlg
2026-08-31 18:18:13,149 [Pipeline] Merged receptor+ligand → /home/chan/Research/Monomer_screening_in_Bio/results/phase3/CD9/NSGA_3_CETES/cross_CD81/receptor_step2.pdb
2026-08-31 18:18:13,379 [Pipeline] Receptor PDBQT [ADFR prepare_receptor4 (python2.7)] → /home/chan/Research/Monomer_screening_in_Bio/results/phase3/CD9/NSGA_3_CETES/cross_CD81/receptor_step2.pdbqt
2026-08-31 18:18:13,379 [Pipeline]   charge check skipped (indeterminate: non-standard residues ['UNL']); net=-1.962 e
2026-08-31 18:18:13,381 [Pipeline] Custom AD4 parameters (B, Si) written: /home/chan/Research/Monomer_screening_in_Bio/results/phase3/CD9/NSGA_3_CETES/cross_CD81/step3_ICTES/AD4_parameters_custom.dat
2026-08-31 18:18:13,381 [Pipeline] GPF written → /home/chan/Research/Monomer_screening_in_Bio/results/phase3/CD9/NSGA_3_CETES/cross_CD81/step3_ICTES/receptor_step2_ICTES.gpf
2026-08-31 18:18:14,943 [Pipeline] DPF written → /home/chan/Research/Monomer_screening_in_Bio/results/phase3/CD9/NSGA_3_CETES/cross_CD81/step3_ICTES/receptor_step2_ICTES.dpf
2026-08-31 18:18:14,943 [Pipeline] AutoDock-GPU settings not transferable from DPF: parameter_file: AD-GPU ignores it. Receptor-side Si/B parameters reach the run only through the AutoGrid maps; ligand-internal ones only through --modpair (applied) | ls_search_freq / set_psw1 / sw_*: AD-GPU uses ADADELTA local search at 100% rate; the DPF's Solis-Wets block does not apply and the GPU search protocol is NOT identical to AD4 CPU | ga_num_evals is a CEILING on the GPU: --autostop 1 ends a run on convergence, so the DLG's 'evaluations performed' is normally well below the configured budget
2026-08-31 18:18:16,090 [Pipeline] AutoDock-GPU completed: receptor_step2_ICTES.dlg (seed (20260812, 1870729861, 1877564693))
2026-08-31 18:18:16,091 [Pipeline] Parsed 25 clusters from receptor_step2_ICTES.dlg
2026-08-31 18:18:16,092 [Pipeline] Parsed 25 clusters from receptor_step2_ICTES.dlg
2026-08-31 18:18:16,093 [Pipeline] Parsed 25 clusters from receptor_step2_ICTES.dlg
2026-08-31 18:18:16,093 [Pipeline] Merged receptor+ligand → /home/chan/Research/Monomer_screening_in_Bio/results/phase3/CD9/NSGA_3_CETES/cross_CD81/receptor_step3.pdb
2026-08-31 18:18:16,313 [Pipeline] Receptor PDBQT [ADFR prepare_receptor4 (python2.7)] → /home/chan/Research/Monomer_screening_in_Bio/results/phase3/CD9/NSGA_3_CETES/cross_CD81/receptor_step3.pdbqt
2026-08-31 18:18:16,313 [Pipeline]   charge check skipped (indeterminate: non-standard residues ['UNL']); net=-1.961 e
2026-08-31 18:18:16,315 [Pipeline] Custom AD4 parameters (B, Si) written: /home/chan/Research/Monomer_screening_in_Bio/results/phase3/CD9/NSGA_3_CETES/cross_CD81/step4_IBTES/AD4_parameters_custom.dat
2026-08-31 18:18:16,315 [Pipeline] GPF written → /home/chan/Research/Monomer_screening_in_Bio/results/phase3/CD9/NSGA_3_CETES/cross_CD81/step4_IBTES/receptor_step3_IBTES.gpf
2026-08-31 18:18:17,789 [Pipeline] DPF written → /home/chan/Research/Monomer_screening_in_Bio/results/phase3/CD9/NSGA_3_CETES/cross_CD81/step4_IBTES/receptor_step3_IBTES.dpf
2026-08-31 18:18:17,789 [Pipeline] AutoDock-GPU settings not transferable from DPF: parameter_file: AD-GPU ignores it. Receptor-side Si/B parameters reach the run only through the AutoGrid maps; ligand-internal ones only through --modpair (applied) | ls_search_freq / set_psw1 / sw_*: AD-GPU uses ADADELTA local search at 100% rate; the DPF's Solis-Wets block does not apply and the GPU search protocol is NOT identical to AD4 CPU | ga_num_evals is a CEILING on the GPU: --autostop 1 ends a run on convergence, so the DLG's 'evaluations performed' is normally well below the configured budget
2026-08-31 18:18:18,669 [Pipeline] AutoDock-GPU completed: receptor_step3_IBTES.dlg (seed (20260812, 872205429, 872354693))
2026-08-31 18:18:18,670 [Pipeline] Parsed 25 clusters from receptor_step3_IBTES.dlg
2026-08-31 18:18:18,671 [Pipeline] Parsed 25 clusters from receptor_step3_IBTES.dlg
2026-08-31 18:18:18,671 [Pipeline] Parsed 25 clusters from receptor_step3_IBTES.dlg
2026-08-31 18:18:18,672 [Pipeline] Merged receptor+ligand → /home/chan/Research/Monomer_screening_in_Bio/results/phase3/CD9/NSGA_3_CETES/cross_CD81/receptor_step4.pdb
2026-08-31 18:18:18,889 [Pipeline] Receptor PDBQT [ADFR prepare_receptor4 (python2.7)] → /home/chan/Research/Monomer_screening_in_Bio/results/phase3/CD9/NSGA_3_CETES/cross_CD81/receptor_step4.pdbqt
2026-08-31 18:18:18,890 [Pipeline]   charge check skipped (indeterminate: non-standard residues ['UNL']); net=-1.962 e
2026-08-31 18:18:18,892 [Pipeline] Custom AD4 parameters (B, Si) written: /home/chan/Research/Monomer_screening_in_Bio/results/phase3/CD9/NSGA_3_CETES/cross_CD81/step5_TEOS/AD4_parameters_custom.dat
2026-08-31 18:18:18,892 [Pipeline] GPF written → /home/chan/Research/Monomer_screening_in_Bio/results/phase3/CD9/NSGA_3_CETES/cross_CD81/step5_TEOS/receptor_step4_TEOS.gpf
2026-08-31 18:18:20,405 [Pipeline] DPF written → /home/chan/Research/Monomer_screening_in_Bio/results/phase3/CD9/NSGA_3_CETES/cross_CD81/step5_TEOS/receptor_step4_TEOS.dpf
2026-08-31 18:18:20,405 [Pipeline] AutoDock-GPU settings not transferable from DPF: parameter_file: AD-GPU ignores it. Receptor-side Si/B parameters reach the run only through the AutoGrid maps; ligand-internal ones only through --modpair (applied) | ls_search_freq / set_psw1 / sw_*: AD-GPU uses ADADELTA local search at 100% rate; the DPF's Solis-Wets block does not apply and the GPU search protocol is NOT identical to AD4 CPU | ga_num_evals is a CEILING on the GPU: --autostop 1 ends a run on convergence, so the DLG's 'evaluations performed' is normally well below the configured budget
2026-08-31 18:18:21,392 [Pipeline] AutoDock-GPU completed: receptor_step4_TEOS.dlg (seed (20260812, 1270892758, 1277859558))
2026-08-31 18:18:21,393 [Pipeline] Parsed 25 clusters from receptor_step4_TEOS.dlg
2026-08-31 18:18:21,393 [Pipeline] Parsed 25 clusters from receptor_step4_TEOS.dlg
2026-08-31 18:18:21,394 [Pipeline] Parsed 25 clusters from receptor_step4_TEOS.dlg
2026-08-31 18:18:21,395 [Pipeline]     XL TEOS: BE=-3.05
2026-08-31 18:18:21,397 [Pipeline] Custom AD4 parameters (B, Si) written: /home/chan/Research/Monomer_screening_in_Bio/results/phase3/CD9/NSGA_3_CETES/cross_CD81/step5_TMOS/AD4_parameters_custom.dat
2026-08-31 18:18:21,397 [Pipeline] GPF written → /home/chan/Research/Monomer_screening_in_Bio/results/phase3/CD9/NSGA_3_CETES/cross_CD81/step5_TMOS/receptor_step4_TMOS.gpf
2026-08-31 18:18:22,894 [Pipeline] DPF written → /home/chan/Research/Monomer_screening_in_Bio/results/phase3/CD9/NSGA_3_CETES/cross_CD81/step5_TMOS/receptor_step4_TMOS.dpf
2026-08-31 18:18:22,895 [Pipeline] AutoDock-GPU settings not transferable from DPF: parameter_file: AD-GPU ignores it. Receptor-side Si/B parameters reach the run only through the AutoGrid maps; ligand-internal ones only through --modpair (applied) | ls_search_freq / set_psw1 / sw_*: AD-GPU uses ADADELTA local search at 100% rate; the DPF's Solis-Wets block does not apply and the GPU search protocol is NOT identical to AD4 CPU | ga_num_evals is a CEILING on the GPU: --autostop 1 ends a run on convergence, so the DLG's 'evaluations performed' is normally well below the configured budget
2026-08-31 18:18:23,709 [Pipeline] AutoDock-GPU completed: receptor_step4_TMOS.dlg (seed (20260812, 594624773, 595168917))
2026-08-31 18:18:23,710 [Pipeline] Parsed 25 clusters from receptor_step4_TMOS.dlg
2026-08-31 18:18:23,710 [Pipeline] Parsed 25 clusters from receptor_step4_TMOS.dlg
2026-08-31 18:18:23,711 [Pipeline] Parsed 25 clusters from receptor_step4_TMOS.dlg
2026-08-31 18:18:23,711 [Pipeline]     XL TMOS: BE=-3.03
2026-08-31 18:18:23,711 [Pipeline]     Best XL: TEOS (BE=-3.05)
2026-08-31 18:18:23,712 [Pipeline]     NSGA_3_CETES ΔΔG=+1.17 kcal/mol, penalty=1.08 → obj=-1.934
2026-08-31 18:18:23,712 [Pipeline]   NSGA[3]: ['CETES', 'APBA', 'ICTES', 'IBTES', 'PTES'] → aff=-4.00, sel=0.30, synth=7.8/10, ΔΔG=+1.17
2026-08-31 18:18:23,714 [Pipeline] Custom AD4 parameters (B, Si) written: /home/chan/Research/Monomer_screening_in_Bio/results/phase3/CD9/NSGA_4_TTMS/step0_APBA/AD4_parameters_custom.dat
2026-08-31 18:18:23,714 [Pipeline] GPF written → /home/chan/Research/Monomer_screening_in_Bio/results/phase3/CD9/NSGA_4_TTMS/step0_APBA/CD9_receptor_APBA.gpf
2026-08-31 18:18:25,174 [Pipeline] DPF written → /home/chan/Research/Monomer_screening_in_Bio/results/phase3/CD9/NSGA_4_TTMS/step0_APBA/CD9_receptor_APBA.dpf
2026-08-31 18:18:25,175 [Pipeline] AutoDock-GPU settings not transferable from DPF: parameter_file: AD-GPU ignores it. Receptor-side Si/B parameters reach the run only through the AutoGrid maps; ligand-internal ones only through --modpair (applied) | ls_search_freq / set_psw1 / sw_*: AD-GPU uses ADADELTA local search at 100% rate; the DPF's Solis-Wets block does not apply and the GPU search protocol is NOT identical to AD4 CPU | ga_num_evals is a CEILING on the GPU: --autostop 1 ends a run on convergence, so the DLG's 'evaluations performed' is normally well below the configured budget
2026-08-31 18:18:26,167 [Pipeline] AutoDock-GPU completed: CD9_receptor_APBA.dlg (seed (20260812, 147247180, 187244364))
2026-08-31 18:18:26,167 [Pipeline] Parsed 25 clusters from CD9_receptor_APBA.dlg
2026-08-31 18:18:26,168 [Pipeline] Parsed 25 clusters from CD9_receptor_APBA.dlg
2026-08-31 18:18:26,169 [Pipeline] Parsed 25 clusters from CD9_receptor_APBA.dlg
2026-08-31 18:18:26,169 [Pipeline] Merged receptor+ligand → /home/chan/Research/Monomer_screening_in_Bio/results/phase3/CD9/NSGA_4_TTMS/receptor_step0.pdb
2026-08-31 18:18:26,374 [Pipeline] Receptor PDBQT [ADFR prepare_receptor4 (python2.7)] → /home/chan/Research/Monomer_screening_in_Bio/results/phase3/CD9/NSGA_4_TTMS/receptor_step0.pdbqt
2026-08-31 18:18:26,375 [Pipeline]   charge check skipped (indeterminate: non-standard residues ['UNL']); net=-0.970 e
2026-08-31 18:18:26,377 [Pipeline] Custom AD4 parameters (B, Si) written: /home/chan/Research/Monomer_screening_in_Bio/results/phase3/CD9/NSGA_4_TTMS/step1_ICTES/AD4_parameters_custom.dat
2026-08-31 18:18:26,377 [Pipeline] GPF written → /home/chan/Research/Monomer_screening_in_Bio/results/phase3/CD9/NSGA_4_TTMS/step1_ICTES/receptor_step0_ICTES.gpf
2026-08-31 18:18:27,818 [Pipeline] DPF written → /home/chan/Research/Monomer_screening_in_Bio/results/phase3/CD9/NSGA_4_TTMS/step1_ICTES/receptor_step0_ICTES.dpf
2026-08-31 18:18:27,819 [Pipeline] AutoDock-GPU settings not transferable from DPF: parameter_file: AD-GPU ignores it. Receptor-side Si/B parameters reach the run only through the AutoGrid maps; ligand-internal ones only through --modpair (applied) | ls_search_freq / set_psw1 / sw_*: AD-GPU uses ADADELTA local search at 100% rate; the DPF's Solis-Wets block does not apply and the GPU search protocol is NOT identical to AD4 CPU | ga_num_evals is a CEILING on the GPU: --autostop 1 ends a run on convergence, so the DLG's 'evaluations performed' is normally well below the configured budget
2026-08-31 18:18:29,181 [Pipeline] AutoDock-GPU completed: receptor_step0_ICTES.dlg (seed (20260812, 1893385739, 1931807123))
2026-08-31 18:18:29,182 [Pipeline] Parsed 25 clusters from receptor_step0_ICTES.dlg
2026-08-31 18:18:29,183 [Pipeline] Parsed 25 clusters from receptor_step0_ICTES.dlg
2026-08-31 18:18:29,184 [Pipeline] Parsed 25 clusters from receptor_step0_ICTES.dlg
2026-08-31 18:18:29,184 [Pipeline] Merged receptor+ligand → /home/chan/Research/Monomer_screening_in_Bio/results/phase3/CD9/NSGA_4_TTMS/receptor_step1.pdb
2026-08-31 18:18:29,395 [Pipeline] Receptor PDBQT [ADFR prepare_receptor4 (python2.7)] → /home/chan/Research/Monomer_screening_in_Bio/results/phase3/CD9/NSGA_4_TTMS/receptor_step1.pdbqt
2026-08-31 18:18:29,396 [Pipeline]   charge check skipped (indeterminate: non-standard residues ['UNL']); net=-0.969 e
2026-08-31 18:18:29,398 [Pipeline] Custom AD4 parameters (B, Si) written: /home/chan/Research/Monomer_screening_in_Bio/results/phase3/CD9/NSGA_4_TTMS/step2_TTMS/AD4_parameters_custom.dat
2026-08-31 18:18:29,398 [Pipeline] GPF written → /home/chan/Research/Monomer_screening_in_Bio/results/phase3/CD9/NSGA_4_TTMS/step2_TTMS/receptor_step1_TTMS.gpf
2026-08-31 18:18:30,858 [Pipeline] DPF written → /home/chan/Research/Monomer_screening_in_Bio/results/phase3/CD9/NSGA_4_TTMS/step2_TTMS/receptor_step1_TTMS.dpf
2026-08-31 18:18:30,858 [Pipeline] AutoDock-GPU settings not transferable from DPF: parameter_file: AD-GPU ignores it. Receptor-side Si/B parameters reach the run only through the AutoGrid maps; ligand-internal ones only through --modpair (applied) | ls_search_freq / set_psw1 / sw_*: AD-GPU uses ADADELTA local search at 100% rate; the DPF's Solis-Wets block does not apply and the GPU search protocol is NOT identical to AD4 CPU | ga_num_evals is a CEILING on the GPU: --autostop 1 ends a run on convergence, so the DLG's 'evaluations performed' is normally well below the configured budget
2026-08-31 18:18:31,759 [Pipeline] AutoDock-GPU completed: receptor_step1_TTMS.dlg (seed (20260812, 1328343326, 1330575006))
2026-08-31 18:18:31,759 [Pipeline] Parsed 25 clusters from receptor_step1_TTMS.dlg
2026-08-31 18:18:31,760 [Pipeline] Parsed 25 clusters from receptor_step1_TTMS.dlg
2026-08-31 18:18:31,761 [Pipeline] Parsed 25 clusters from receptor_step1_TTMS.dlg
2026-08-31 18:18:31,761 [Pipeline] Merged receptor+ligand → /home/chan/Research/Monomer_screening_in_Bio/results/phase3/CD9/NSGA_4_TTMS/receptor_step2.pdb
2026-08-31 18:18:31,966 [Pipeline] Receptor PDBQT [ADFR prepare_receptor4 (python2.7)] → /home/chan/Research/Monomer_screening_in_Bio/results/phase3/CD9/NSGA_4_TTMS/receptor_step2.pdbqt
2026-08-31 18:18:31,966 [Pipeline]   charge check skipped (indeterminate: non-standard residues ['UNL']); net=-0.969 e
2026-08-31 18:18:31,968 [Pipeline] Custom AD4 parameters (B, Si) written: /home/chan/Research/Monomer_screening_in_Bio/results/phase3/CD9/NSGA_4_TTMS/step3_IBTES/AD4_parameters_custom.dat
2026-08-31 18:18:31,969 [Pipeline] GPF written → /home/chan/Research/Monomer_screening_in_Bio/results/phase3/CD9/NSGA_4_TTMS/step3_IBTES/receptor_step2_IBTES.gpf
2026-08-31 18:18:33,418 [Pipeline] DPF written → /home/chan/Research/Monomer_screening_in_Bio/results/phase3/CD9/NSGA_4_TTMS/step3_IBTES/receptor_step2_IBTES.dpf
2026-08-31 18:18:33,418 [Pipeline] AutoDock-GPU settings not transferable from DPF: parameter_file: AD-GPU ignores it. Receptor-side Si/B parameters reach the run only through the AutoGrid maps; ligand-internal ones only through --modpair (applied) | ls_search_freq / set_psw1 / sw_*: AD-GPU uses ADADELTA local search at 100% rate; the DPF's Solis-Wets block does not apply and the GPU search protocol is NOT identical to AD4 CPU | ga_num_evals is a CEILING on the GPU: --autostop 1 ends a run on convergence, so the DLG's 'evaluations performed' is normally well below the configured budget
2026-08-31 18:18:34,486 [Pipeline] AutoDock-GPU completed: receptor_step2_IBTES.dlg (seed (20260812, 480102428, 517871524))
2026-08-31 18:18:34,487 [Pipeline] Parsed 25 clusters from receptor_step2_IBTES.dlg
2026-08-31 18:18:34,487 [Pipeline] Parsed 25 clusters from receptor_step2_IBTES.dlg
2026-08-31 18:18:34,488 [Pipeline] Parsed 25 clusters from receptor_step2_IBTES.dlg
2026-08-31 18:18:34,489 [Pipeline] Merged receptor+ligand → /home/chan/Research/Monomer_screening_in_Bio/results/phase3/CD9/NSGA_4_TTMS/receptor_step3.pdb
2026-08-31 18:18:34,699 [Pipeline] Receptor PDBQT [ADFR prepare_receptor4 (python2.7)] → /home/chan/Research/Monomer_screening_in_Bio/results/phase3/CD9/NSGA_4_TTMS/receptor_step3.pdbqt
2026-08-31 18:18:34,700 [Pipeline]   charge check skipped (indeterminate: non-standard residues ['UNL']); net=-0.970 e
2026-08-31 18:18:34,702 [Pipeline] Custom AD4 parameters (B, Si) written: /home/chan/Research/Monomer_screening_in_Bio/results/phase3/CD9/NSGA_4_TTMS/step4_TEOS/AD4_parameters_custom.dat
2026-08-31 18:18:34,702 [Pipeline] GPF written → /home/chan/Research/Monomer_screening_in_Bio/results/phase3/CD9/NSGA_4_TTMS/step4_TEOS/receptor_step3_TEOS.gpf
2026-08-31 18:18:36,133 [Pipeline] DPF written → /home/chan/Research/Monomer_screening_in_Bio/results/phase3/CD9/NSGA_4_TTMS/step4_TEOS/receptor_step3_TEOS.dpf
2026-08-31 18:18:36,134 [Pipeline] AutoDock-GPU settings not transferable from DPF: parameter_file: AD-GPU ignores it. Receptor-side Si/B parameters reach the run only through the AutoGrid maps; ligand-internal ones only through --modpair (applied) | ls_search_freq / set_psw1 / sw_*: AD-GPU uses ADADELTA local search at 100% rate; the DPF's Solis-Wets block does not apply and the GPU search protocol is NOT identical to AD4 CPU | ga_num_evals is a CEILING on the GPU: --autostop 1 ends a run on convergence, so the DLG's 'evaluations performed' is normally well below the configured budget
2026-08-31 18:18:37,154 [Pipeline] AutoDock-GPU completed: receptor_step3_TEOS.dlg (seed (20260812, 1864881821, 1866995997))
2026-08-31 18:18:37,154 [Pipeline] Parsed 25 clusters from receptor_step3_TEOS.dlg
2026-08-31 18:18:37,155 [Pipeline] Parsed 25 clusters from receptor_step3_TEOS.dlg
2026-08-31 18:18:37,156 [Pipeline] Parsed 25 clusters from receptor_step3_TEOS.dlg
2026-08-31 18:18:37,156 [Pipeline]     XL TEOS: BE=-2.64
2026-08-31 18:18:37,158 [Pipeline] Custom AD4 parameters (B, Si) written: /home/chan/Research/Monomer_screening_in_Bio/results/phase3/CD9/NSGA_4_TTMS/step4_TMOS/AD4_parameters_custom.dat
2026-08-31 18:18:37,158 [Pipeline] GPF written → /home/chan/Research/Monomer_screening_in_Bio/results/phase3/CD9/NSGA_4_TTMS/step4_TMOS/receptor_step3_TMOS.gpf
2026-08-31 18:18:37,274 [Pipeline] DPF written → /home/chan/Research/Monomer_screening_in_Bio/results/phase3/CD9/NSGA_4_TTMS/step4_TMOS/receptor_step3_TMOS.dpf
2026-08-31 18:18:37,274 [Pipeline] AutoDock-GPU settings not transferable from DPF: parameter_file: AD-GPU ignores it. Receptor-side Si/B parameters reach the run only through the AutoGrid maps; ligand-internal ones only through --modpair (applied) | ls_search_freq / set_psw1 / sw_*: AD-GPU uses ADADELTA local search at 100% rate; the DPF's Solis-Wets block does not apply and the GPU search protocol is NOT identical to AD4 CPU | ga_num_evals is a CEILING on the GPU: --autostop 1 ends a run on convergence, so the DLG's 'evaluations performed' is normally well below the configured budget
2026-08-31 18:18:38,091 [Pipeline] AutoDock-GPU completed: receptor_step3_TMOS.dlg (seed (20260812, 341728261, 379626389))
2026-08-31 18:18:38,092 [Pipeline] Parsed 25 clusters from receptor_step3_TMOS.dlg
2026-08-31 18:18:38,093 [Pipeline] Parsed 25 clusters from receptor_step3_TMOS.dlg
2026-08-31 18:18:38,094 [Pipeline] Parsed 25 clusters from receptor_step3_TMOS.dlg
2026-08-31 18:18:38,094 [Pipeline]     XL TMOS: BE=-2.69
2026-08-31 18:18:38,094 [Pipeline]     Best XL: TMOS (BE=-2.69)
2026-08-31 18:18:38,097 [Pipeline] Custom AD4 parameters (B, Si) written: /home/chan/Research/Monomer_screening_in_Bio/results/phase3/CD9/NSGA_4_TTMS/cross_CD63/step0_APBA/AD4_parameters_custom.dat
2026-08-31 18:18:38,097 [Pipeline] GPF written → /home/chan/Research/Monomer_screening_in_Bio/results/phase3/CD9/NSGA_4_TTMS/cross_CD63/step0_APBA/CD63_receptor_glyco_APBA.gpf
2026-08-31 18:18:44,939 [Pipeline] DPF written → /home/chan/Research/Monomer_screening_in_Bio/results/phase3/CD9/NSGA_4_TTMS/cross_CD63/step0_APBA/CD63_receptor_glyco_APBA.dpf
2026-08-31 18:18:44,939 [Pipeline] AutoDock-GPU settings not transferable from DPF: parameter_file: AD-GPU ignores it. Receptor-side Si/B parameters reach the run only through the AutoGrid maps; ligand-internal ones only through --modpair (applied) | ls_search_freq / set_psw1 / sw_*: AD-GPU uses ADADELTA local search at 100% rate; the DPF's Solis-Wets block does not apply and the GPU search protocol is NOT identical to AD4 CPU | ga_num_evals is a CEILING on the GPU: --autostop 1 ends a run on convergence, so the DLG's 'evaluations performed' is normally well below the configured budget
2026-08-31 18:18:47,081 [Pipeline] AutoDock-GPU completed: CD63_receptor_glyco_APBA.dlg (seed (20260812, 1866055401, 1866580209))
2026-08-31 18:18:47,082 [Pipeline] Parsed 25 clusters from CD63_receptor_glyco_APBA.dlg
2026-08-31 18:18:47,083 [Pipeline] Parsed 25 clusters from CD63_receptor_glyco_APBA.dlg
2026-08-31 18:18:47,083 [Pipeline] Parsed 25 clusters from CD63_receptor_glyco_APBA.dlg
2026-08-31 18:18:47,084 [Pipeline] Merged receptor+ligand → /home/chan/Research/Monomer_screening_in_Bio/results/phase3/CD9/NSGA_4_TTMS/cross_CD63/receptor_step0.pdb
2026-08-31 18:18:47,370 [Pipeline] Receptor PDBQT [ADFR prepare_receptor4 (python2.7)] → /home/chan/Research/Monomer_screening_in_Bio/results/phase3/CD9/NSGA_4_TTMS/cross_CD63/receptor_step0.pdbqt
2026-08-31 18:18:47,371 [Pipeline]   charge check skipped (indeterminate: non-standard residues ['UNL']); net=+2.024 e
2026-08-31 18:18:47,374 [Pipeline] Custom AD4 parameters (B, Si) written: /home/chan/Research/Monomer_screening_in_Bio/results/phase3/CD9/NSGA_4_TTMS/cross_CD63/step1_ICTES/AD4_parameters_custom.dat
2026-08-31 18:18:47,374 [Pipeline] GPF written → /home/chan/Research/Monomer_screening_in_Bio/results/phase3/CD9/NSGA_4_TTMS/cross_CD63/step1_ICTES/receptor_step0_ICTES.gpf
2026-08-31 18:18:53,504 [Pipeline] DPF written → /home/chan/Research/Monomer_screening_in_Bio/results/phase3/CD9/NSGA_4_TTMS/cross_CD63/step1_ICTES/receptor_step0_ICTES.dpf
2026-08-31 18:18:53,505 [Pipeline] AutoDock-GPU settings not transferable from DPF: parameter_file: AD-GPU ignores it. Receptor-side Si/B parameters reach the run only through the AutoGrid maps; ligand-internal ones only through --modpair (applied) | ls_search_freq / set_psw1 / sw_*: AD-GPU uses ADADELTA local search at 100% rate; the DPF's Solis-Wets block does not apply and the GPU search protocol is NOT identical to AD4 CPU | ga_num_evals is a CEILING on the GPU: --autostop 1 ends a run on convergence, so the DLG's 'evaluations performed' is normally well below the configured budget
2026-08-31 18:18:55,992 [Pipeline] AutoDock-GPU completed: receptor_step0_ICTES.dlg (seed (20260812, 1893385739, 1931807123))
2026-08-31 18:18:55,993 [Pipeline] Parsed 25 clusters from receptor_step0_ICTES.dlg
2026-08-31 18:18:55,994 [Pipeline] Parsed 25 clusters from receptor_step0_ICTES.dlg
2026-08-31 18:18:55,995 [Pipeline] Parsed 25 clusters from receptor_step0_ICTES.dlg
2026-08-31 18:18:55,996 [Pipeline] Merged receptor+ligand → /home/chan/Research/Monomer_screening_in_Bio/results/phase3/CD9/NSGA_4_TTMS/cross_CD63/receptor_step1.pdb
2026-08-31 18:18:56,245 [Pipeline] Receptor PDBQT [ADFR prepare_receptor4 (python2.7)] → /home/chan/Research/Monomer_screening_in_Bio/results/phase3/CD9/NSGA_4_TTMS/cross_CD63/receptor_step1.pdbqt
2026-08-31 18:18:56,246 [Pipeline]   charge check skipped (indeterminate: non-standard residues ['UNL']); net=+2.025 e
2026-08-31 18:18:56,248 [Pipeline] Custom AD4 parameters (B, Si) written: /home/chan/Research/Monomer_screening_in_Bio/results/phase3/CD9/NSGA_4_TTMS/cross_CD63/step2_TTMS/AD4_parameters_custom.dat
2026-08-31 18:18:56,249 [Pipeline] GPF written → /home/chan/Research/Monomer_screening_in_Bio/results/phase3/CD9/NSGA_4_TTMS/cross_CD63/step2_TTMS/receptor_step1_TTMS.gpf
2026-08-31 18:19:02,065 [Pipeline] DPF written → /home/chan/Research/Monomer_screening_in_Bio/results/phase3/CD9/NSGA_4_TTMS/cross_CD63/step2_TTMS/receptor_step1_TTMS.dpf
2026-08-31 18:19:02,066 [Pipeline] AutoDock-GPU settings not transferable from DPF: parameter_file: AD-GPU ignores it. Receptor-side Si/B parameters reach the run only through the AutoGrid maps; ligand-internal ones only through --modpair (applied) | ls_search_freq / set_psw1 / sw_*: AD-GPU uses ADADELTA local search at 100% rate; the DPF's Solis-Wets block does not apply and the GPU search protocol is NOT identical to AD4 CPU | ga_num_evals is a CEILING on the GPU: --autostop 1 ends a run on convergence, so the DLG's 'evaluations performed' is normally well below the configured budget
2026-08-31 18:19:03,812 [Pipeline] AutoDock-GPU completed: receptor_step1_TTMS.dlg (seed (20260812, 1328343326, 1330575006))
2026-08-31 18:19:03,813 [Pipeline] Parsed 25 clusters from receptor_step1_TTMS.dlg
2026-08-31 18:19:03,813 [Pipeline] Parsed 25 clusters from receptor_step1_TTMS.dlg
2026-08-31 18:19:03,814 [Pipeline] Parsed 25 clusters from receptor_step1_TTMS.dlg
2026-08-31 18:19:03,815 [Pipeline] Merged receptor+ligand → /home/chan/Research/Monomer_screening_in_Bio/results/phase3/CD9/NSGA_4_TTMS/cross_CD63/receptor_step2.pdb
2026-08-31 18:19:04,057 [Pipeline] Receptor PDBQT [ADFR prepare_receptor4 (python2.7)] → /home/chan/Research/Monomer_screening_in_Bio/results/phase3/CD9/NSGA_4_TTMS/cross_CD63/receptor_step2.pdbqt
2026-08-31 18:19:04,057 [Pipeline]   charge check skipped (indeterminate: non-standard residues ['UNL']); net=+2.025 e
2026-08-31 18:19:04,060 [Pipeline] Custom AD4 parameters (B, Si) written: /home/chan/Research/Monomer_screening_in_Bio/results/phase3/CD9/NSGA_4_TTMS/cross_CD63/step3_IBTES/AD4_parameters_custom.dat
2026-08-31 18:19:04,060 [Pipeline] GPF written → /home/chan/Research/Monomer_screening_in_Bio/results/phase3/CD9/NSGA_4_TTMS/cross_CD63/step3_IBTES/receptor_step2_IBTES.gpf
2026-08-31 18:19:08,942 [Pipeline] DPF written → /home/chan/Research/Monomer_screening_in_Bio/results/phase3/CD9/NSGA_4_TTMS/cross_CD63/step3_IBTES/receptor_step2_IBTES.dpf
2026-08-31 18:19:08,943 [Pipeline] AutoDock-GPU settings not transferable from DPF: parameter_file: AD-GPU ignores it. Receptor-side Si/B parameters reach the run only through the AutoGrid maps; ligand-internal ones only through --modpair (applied) | ls_search_freq / set_psw1 / sw_*: AD-GPU uses ADADELTA local search at 100% rate; the DPF's Solis-Wets block does not apply and the GPU search protocol is NOT identical to AD4 CPU | ga_num_evals is a CEILING on the GPU: --autostop 1 ends a run on convergence, so the DLG's 'evaluations performed' is normally well below the configured budget
2026-08-31 18:19:10,865 [Pipeline] AutoDock-GPU completed: receptor_step2_IBTES.dlg (seed (20260812, 480102428, 517871524))
2026-08-31 18:19:10,866 [Pipeline] Parsed 25 clusters from receptor_step2_IBTES.dlg
2026-08-31 18:19:10,867 [Pipeline] Parsed 25 clusters from receptor_step2_IBTES.dlg
2026-08-31 18:19:10,867 [Pipeline] Parsed 25 clusters from receptor_step2_IBTES.dlg
2026-08-31 18:19:10,868 [Pipeline] Merged receptor+ligand → /home/chan/Research/Monomer_screening_in_Bio/results/phase3/CD9/NSGA_4_TTMS/cross_CD63/receptor_step3.pdb
2026-08-31 18:19:11,139 [Pipeline] Receptor PDBQT [ADFR prepare_receptor4 (python2.7)] → /home/chan/Research/Monomer_screening_in_Bio/results/phase3/CD9/NSGA_4_TTMS/cross_CD63/receptor_step3.pdbqt
2026-08-31 18:19:11,140 [Pipeline]   charge check skipped (indeterminate: non-standard residues ['UNL']); net=+2.024 e
2026-08-31 18:19:11,142 [Pipeline] Custom AD4 parameters (B, Si) written: /home/chan/Research/Monomer_screening_in_Bio/results/phase3/CD9/NSGA_4_TTMS/cross_CD63/step4_TEOS/AD4_parameters_custom.dat
2026-08-31 18:19:11,142 [Pipeline] GPF written → /home/chan/Research/Monomer_screening_in_Bio/results/phase3/CD9/NSGA_4_TTMS/cross_CD63/step4_TEOS/receptor_step3_TEOS.gpf
2026-08-31 18:19:17,126 [Pipeline] DPF written → /home/chan/Research/Monomer_screening_in_Bio/results/phase3/CD9/NSGA_4_TTMS/cross_CD63/step4_TEOS/receptor_step3_TEOS.dpf
2026-08-31 18:19:17,127 [Pipeline] AutoDock-GPU settings not transferable from DPF: parameter_file: AD-GPU ignores it. Receptor-side Si/B parameters reach the run only through the AutoGrid maps; ligand-internal ones only through --modpair (applied) | ls_search_freq / set_psw1 / sw_*: AD-GPU uses ADADELTA local search at 100% rate; the DPF's Solis-Wets block does not apply and the GPU search protocol is NOT identical to AD4 CPU | ga_num_evals is a CEILING on the GPU: --autostop 1 ends a run on convergence, so the DLG's 'evaluations performed' is normally well below the configured budget
2026-08-31 18:19:18,915 [Pipeline] AutoDock-GPU completed: receptor_step3_TEOS.dlg (seed (20260812, 1864881821, 1866995997))
2026-08-31 18:19:18,915 [Pipeline] Parsed 25 clusters from receptor_step3_TEOS.dlg
2026-08-31 18:19:18,916 [Pipeline] Parsed 25 clusters from receptor_step3_TEOS.dlg
2026-08-31 18:19:18,917 [Pipeline] Parsed 25 clusters from receptor_step3_TEOS.dlg
2026-08-31 18:19:18,917 [Pipeline]     XL TEOS: BE=-3.06
2026-08-31 18:19:18,919 [Pipeline] Custom AD4 parameters (B, Si) written: /home/chan/Research/Monomer_screening_in_Bio/results/phase3/CD9/NSGA_4_TTMS/cross_CD63/step4_TMOS/AD4_parameters_custom.dat
2026-08-31 18:19:18,919 [Pipeline] GPF written → /home/chan/Research/Monomer_screening_in_Bio/results/phase3/CD9/NSGA_4_TTMS/cross_CD63/step4_TMOS/receptor_step3_TMOS.gpf
2026-08-31 18:19:24,959 [Pipeline] DPF written → /home/chan/Research/Monomer_screening_in_Bio/results/phase3/CD9/NSGA_4_TTMS/cross_CD63/step4_TMOS/receptor_step3_TMOS.dpf
2026-08-31 18:19:24,959 [Pipeline] AutoDock-GPU settings not transferable from DPF: parameter_file: AD-GPU ignores it. Receptor-side Si/B parameters reach the run only through the AutoGrid maps; ligand-internal ones only through --modpair (applied) | ls_search_freq / set_psw1 / sw_*: AD-GPU uses ADADELTA local search at 100% rate; the DPF's Solis-Wets block does not apply and the GPU search protocol is NOT identical to AD4 CPU | ga_num_evals is a CEILING on the GPU: --autostop 1 ends a run on convergence, so the DLG's 'evaluations performed' is normally well below the configured budget
2026-08-31 18:19:26,620 [Pipeline] AutoDock-GPU completed: receptor_step3_TMOS.dlg (seed (20260812, 341728261, 379626389))
2026-08-31 18:19:26,621 [Pipeline] Parsed 25 clusters from receptor_step3_TMOS.dlg
2026-08-31 18:19:26,621 [Pipeline] Parsed 25 clusters from receptor_step3_TMOS.dlg
2026-08-31 18:19:26,622 [Pipeline] Parsed 25 clusters from receptor_step3_TMOS.dlg
2026-08-31 18:19:26,622 [Pipeline]     XL TMOS: BE=-2.89
2026-08-31 18:19:26,622 [Pipeline]     Best XL: TEOS (BE=-3.06)
2026-08-31 18:19:26,625 [Pipeline] Custom AD4 parameters (B, Si) written: /home/chan/Research/Monomer_screening_in_Bio/results/phase3/CD9/NSGA_4_TTMS/cross_CD81/step0_APBA/AD4_parameters_custom.dat
2026-08-31 18:19:26,625 [Pipeline] GPF written → /home/chan/Research/Monomer_screening_in_Bio/results/phase3/CD9/NSGA_4_TTMS/cross_CD81/step0_APBA/CD81_receptor_APBA.gpf
2026-08-31 18:19:28,123 [Pipeline] DPF written → /home/chan/Research/Monomer_screening_in_Bio/results/phase3/CD9/NSGA_4_TTMS/cross_CD81/step0_APBA/CD81_receptor_APBA.dpf
2026-08-31 18:19:28,124 [Pipeline] AutoDock-GPU settings not transferable from DPF: parameter_file: AD-GPU ignores it. Receptor-side Si/B parameters reach the run only through the AutoGrid maps; ligand-internal ones only through --modpair (applied) | ls_search_freq / set_psw1 / sw_*: AD-GPU uses ADADELTA local search at 100% rate; the DPF's Solis-Wets block does not apply and the GPU search protocol is NOT identical to AD4 CPU | ga_num_evals is a CEILING on the GPU: --autostop 1 ends a run on convergence, so the DLG's 'evaluations performed' is normally well below the configured budget
2026-08-31 18:19:29,113 [Pipeline] AutoDock-GPU completed: CD81_receptor_APBA.dlg (seed (20260812, 2100230507, 2102462067))
2026-08-31 18:19:29,113 [Pipeline] Parsed 25 clusters from CD81_receptor_APBA.dlg
2026-08-31 18:19:29,114 [Pipeline] Parsed 25 clusters from CD81_receptor_APBA.dlg
2026-08-31 18:19:29,115 [Pipeline] Parsed 25 clusters from CD81_receptor_APBA.dlg
2026-08-31 18:19:29,115 [Pipeline] Merged receptor+ligand → /home/chan/Research/Monomer_screening_in_Bio/results/phase3/CD9/NSGA_4_TTMS/cross_CD81/receptor_step0.pdb
2026-08-31 18:19:29,321 [Pipeline] Receptor PDBQT [ADFR prepare_receptor4 (python2.7)] → /home/chan/Research/Monomer_screening_in_Bio/results/phase3/CD9/NSGA_4_TTMS/cross_CD81/receptor_step0.pdbqt
2026-08-31 18:19:29,322 [Pipeline]   charge check skipped (indeterminate: non-standard residues ['UNL']); net=-1.963 e
2026-08-31 18:19:29,324 [Pipeline] Custom AD4 parameters (B, Si) written: /home/chan/Research/Monomer_screening_in_Bio/results/phase3/CD9/NSGA_4_TTMS/cross_CD81/step1_ICTES/AD4_parameters_custom.dat
2026-08-31 18:19:29,324 [Pipeline] GPF written → /home/chan/Research/Monomer_screening_in_Bio/results/phase3/CD9/NSGA_4_TTMS/cross_CD81/step1_ICTES/receptor_step0_ICTES.gpf
2026-08-31 18:19:30,811 [Pipeline] DPF written → /home/chan/Research/Monomer_screening_in_Bio/results/phase3/CD9/NSGA_4_TTMS/cross_CD81/step1_ICTES/receptor_step0_ICTES.dpf
2026-08-31 18:19:30,812 [Pipeline] AutoDock-GPU settings not transferable from DPF: parameter_file: AD-GPU ignores it. Receptor-side Si/B parameters reach the run only through the AutoGrid maps; ligand-internal ones only through --modpair (applied) | ls_search_freq / set_psw1 / sw_*: AD-GPU uses ADADELTA local search at 100% rate; the DPF's Solis-Wets block does not apply and the GPU search protocol is NOT identical to AD4 CPU | ga_num_evals is a CEILING on the GPU: --autostop 1 ends a run on convergence, so the DLG's 'evaluations performed' is normally well below the configured budget
2026-08-31 18:19:32,000 [Pipeline] AutoDock-GPU completed: receptor_step0_ICTES.dlg (seed (20260812, 1893385739, 1931807123))
2026-08-31 18:19:32,001 [Pipeline] Parsed 25 clusters from receptor_step0_ICTES.dlg
2026-08-31 18:19:32,001 [Pipeline] Parsed 25 clusters from receptor_step0_ICTES.dlg
2026-08-31 18:19:32,002 [Pipeline] Parsed 25 clusters from receptor_step0_ICTES.dlg
2026-08-31 18:19:32,003 [Pipeline] Merged receptor+ligand → /home/chan/Research/Monomer_screening_in_Bio/results/phase3/CD9/NSGA_4_TTMS/cross_CD81/receptor_step1.pdb
2026-08-31 18:19:32,221 [Pipeline] Receptor PDBQT [ADFR prepare_receptor4 (python2.7)] → /home/chan/Research/Monomer_screening_in_Bio/results/phase3/CD9/NSGA_4_TTMS/cross_CD81/receptor_step1.pdbqt
2026-08-31 18:19:32,221 [Pipeline]   charge check skipped (indeterminate: non-standard residues ['UNL']); net=-1.962 e
2026-08-31 18:19:32,223 [Pipeline] Custom AD4 parameters (B, Si) written: /home/chan/Research/Monomer_screening_in_Bio/results/phase3/CD9/NSGA_4_TTMS/cross_CD81/step2_TTMS/AD4_parameters_custom.dat
2026-08-31 18:19:32,223 [Pipeline] GPF written → /home/chan/Research/Monomer_screening_in_Bio/results/phase3/CD9/NSGA_4_TTMS/cross_CD81/step2_TTMS/receptor_step1_TTMS.gpf
2026-08-31 18:19:33,758 [Pipeline] DPF written → /home/chan/Research/Monomer_screening_in_Bio/results/phase3/CD9/NSGA_4_TTMS/cross_CD81/step2_TTMS/receptor_step1_TTMS.dpf
2026-08-31 18:19:33,758 [Pipeline] AutoDock-GPU settings not transferable from DPF: parameter_file: AD-GPU ignores it. Receptor-side Si/B parameters reach the run only through the AutoGrid maps; ligand-internal ones only through --modpair (applied) | ls_search_freq / set_psw1 / sw_*: AD-GPU uses ADADELTA local search at 100% rate; the DPF's Solis-Wets block does not apply and the GPU search protocol is NOT identical to AD4 CPU | ga_num_evals is a CEILING on the GPU: --autostop 1 ends a run on convergence, so the DLG's 'evaluations performed' is normally well below the configured budget
2026-08-31 18:19:34,677 [Pipeline] AutoDock-GPU completed: receptor_step1_TTMS.dlg (seed (20260812, 1328343326, 1330575006))
2026-08-31 18:19:34,677 [Pipeline] Parsed 25 clusters from receptor_step1_TTMS.dlg
2026-08-31 18:19:34,678 [Pipeline] Parsed 25 clusters from receptor_step1_TTMS.dlg
2026-08-31 18:19:34,679 [Pipeline] Parsed 25 clusters from receptor_step1_TTMS.dlg
2026-08-31 18:19:34,679 [Pipeline] Merged receptor+ligand → /home/chan/Research/Monomer_screening_in_Bio/results/phase3/CD9/NSGA_4_TTMS/cross_CD81/receptor_step2.pdb
2026-08-31 18:19:34,880 [Pipeline] Receptor PDBQT [ADFR prepare_receptor4 (python2.7)] → /home/chan/Research/Monomer_screening_in_Bio/results/phase3/CD9/NSGA_4_TTMS/cross_CD81/receptor_step2.pdbqt
2026-08-31 18:19:34,881 [Pipeline]   charge check skipped (indeterminate: non-standard residues ['UNL']); net=-1.962 e
2026-08-31 18:19:34,883 [Pipeline] Custom AD4 parameters (B, Si) written: /home/chan/Research/Monomer_screening_in_Bio/results/phase3/CD9/NSGA_4_TTMS/cross_CD81/step3_IBTES/AD4_parameters_custom.dat
2026-08-31 18:19:34,883 [Pipeline] GPF written → /home/chan/Research/Monomer_screening_in_Bio/results/phase3/CD9/NSGA_4_TTMS/cross_CD81/step3_IBTES/receptor_step2_IBTES.gpf
2026-08-31 18:19:36,399 [Pipeline] DPF written → /home/chan/Research/Monomer_screening_in_Bio/results/phase3/CD9/NSGA_4_TTMS/cross_CD81/step3_IBTES/receptor_step2_IBTES.dpf
2026-08-31 18:19:36,400 [Pipeline] AutoDock-GPU settings not transferable from DPF: parameter_file: AD-GPU ignores it. Receptor-side Si/B parameters reach the run only through the AutoGrid maps; ligand-internal ones only through --modpair (applied) | ls_search_freq / set_psw1 / sw_*: AD-GPU uses ADADELTA local search at 100% rate; the DPF's Solis-Wets block does not apply and the GPU search protocol is NOT identical to AD4 CPU | ga_num_evals is a CEILING on the GPU: --autostop 1 ends a run on convergence, so the DLG's 'evaluations performed' is normally well below the configured budget
2026-08-31 18:19:37,352 [Pipeline] AutoDock-GPU completed: receptor_step2_IBTES.dlg (seed (20260812, 480102428, 517871524))
2026-08-31 18:19:37,353 [Pipeline] Parsed 25 clusters from receptor_step2_IBTES.dlg
2026-08-31 18:19:37,354 [Pipeline] Parsed 25 clusters from receptor_step2_IBTES.dlg
2026-08-31 18:19:37,354 [Pipeline] Parsed 25 clusters from receptor_step2_IBTES.dlg
2026-08-31 18:19:37,355 [Pipeline] Merged receptor+ligand → /home/chan/Research/Monomer_screening_in_Bio/results/phase3/CD9/NSGA_4_TTMS/cross_CD81/receptor_step3.pdb
2026-08-31 18:19:37,569 [Pipeline] Receptor PDBQT [ADFR prepare_receptor4 (python2.7)] → /home/chan/Research/Monomer_screening_in_Bio/results/phase3/CD9/NSGA_4_TTMS/cross_CD81/receptor_step3.pdbqt
2026-08-31 18:19:37,569 [Pipeline]   charge check skipped (indeterminate: non-standard residues ['UNL']); net=-1.963 e
2026-08-31 18:19:37,571 [Pipeline] Custom AD4 parameters (B, Si) written: /home/chan/Research/Monomer_screening_in_Bio/results/phase3/CD9/NSGA_4_TTMS/cross_CD81/step4_TEOS/AD4_parameters_custom.dat
2026-08-31 18:19:37,571 [Pipeline] GPF written → /home/chan/Research/Monomer_screening_in_Bio/results/phase3/CD9/NSGA_4_TTMS/cross_CD81/step4_TEOS/receptor_step3_TEOS.gpf
2026-08-31 18:19:39,106 [Pipeline] DPF written → /home/chan/Research/Monomer_screening_in_Bio/results/phase3/CD9/NSGA_4_TTMS/cross_CD81/step4_TEOS/receptor_step3_TEOS.dpf
2026-08-31 18:19:39,106 [Pipeline] AutoDock-GPU settings not transferable from DPF: parameter_file: AD-GPU ignores it. Receptor-side Si/B parameters reach the run only through the AutoGrid maps; ligand-internal ones only through --modpair (applied) | ls_search_freq / set_psw1 / sw_*: AD-GPU uses ADADELTA local search at 100% rate; the DPF's Solis-Wets block does not apply and the GPU search protocol is NOT identical to AD4 CPU | ga_num_evals is a CEILING on the GPU: --autostop 1 ends a run on convergence, so the DLG's 'evaluations performed' is normally well below the configured budget
2026-08-31 18:19:40,005 [Pipeline] AutoDock-GPU completed: receptor_step3_TEOS.dlg (seed (20260812, 1864881821, 1866995997))
2026-08-31 18:19:40,006 [Pipeline] Parsed 25 clusters from receptor_step3_TEOS.dlg
2026-08-31 18:19:40,006 [Pipeline] Parsed 25 clusters from receptor_step3_TEOS.dlg
2026-08-31 18:19:40,007 [Pipeline] Parsed 25 clusters from receptor_step3_TEOS.dlg
2026-08-31 18:19:40,008 [Pipeline]     XL TEOS: BE=-3.29
2026-08-31 18:19:40,009 [Pipeline] Custom AD4 parameters (B, Si) written: /home/chan/Research/Monomer_screening_in_Bio/results/phase3/CD9/NSGA_4_TTMS/cross_CD81/step4_TMOS/AD4_parameters_custom.dat
2026-08-31 18:19:40,009 [Pipeline] GPF written → /home/chan/Research/Monomer_screening_in_Bio/results/phase3/CD9/NSGA_4_TTMS/cross_CD81/step4_TMOS/receptor_step3_TMOS.gpf
2026-08-31 18:19:40,234 [Pipeline] DPF written → /home/chan/Research/Monomer_screening_in_Bio/results/phase3/CD9/NSGA_4_TTMS/cross_CD81/step4_TMOS/receptor_step3_TMOS.dpf
2026-08-31 18:19:40,234 [Pipeline] AutoDock-GPU settings not transferable from DPF: parameter_file: AD-GPU ignores it. Receptor-side Si/B parameters reach the run only through the AutoGrid maps; ligand-internal ones only through --modpair (applied) | ls_search_freq / set_psw1 / sw_*: AD-GPU uses ADADELTA local search at 100% rate; the DPF's Solis-Wets block does not apply and the GPU search protocol is NOT identical to AD4 CPU | ga_num_evals is a CEILING on the GPU: --autostop 1 ends a run on convergence, so the DLG's 'evaluations performed' is normally well below the configured budget
2026-08-31 18:19:41,095 [Pipeline] AutoDock-GPU completed: receptor_step3_TMOS.dlg (seed (20260812, 341728261, 379626389))
2026-08-31 18:19:41,096 [Pipeline] Parsed 25 clusters from receptor_step3_TMOS.dlg
2026-08-31 18:19:41,097 [Pipeline] Parsed 25 clusters from receptor_step3_TMOS.dlg
2026-08-31 18:19:41,097 [Pipeline] Parsed 25 clusters from receptor_step3_TMOS.dlg
2026-08-31 18:19:41,098 [Pipeline]     XL TMOS: BE=-3.04
2026-08-31 18:19:41,098 [Pipeline]     Best XL: TEOS (BE=-3.29)
2026-08-31 18:19:41,098 [Pipeline]     NSGA_4_TTMS ΔΔG=+0.37 kcal/mol, penalty=0.69 → obj=-3.081
2026-08-31 18:19:41,098 [Pipeline]   NSGA[4]: ['TTMS', 'APBA', 'IBTES', 'ICTES'] → aff=-4.15, sel=0.30, synth=7.8/10, ΔΔG=+0.38
2026-08-31 18:19:41,102 [Pipeline] Custom AD4 parameters (B, Si) written: /home/chan/Research/Monomer_screening_in_Bio/results/phase3/CD9/NSGA_5_FPBA/step0_FPBA/AD4_parameters_custom.dat
2026-08-31 18:19:41,102 [Pipeline] GPF written → /home/chan/Research/Monomer_screening_in_Bio/results/phase3/CD9/NSGA_5_FPBA/step0_FPBA/CD9_receptor_FPBA.gpf
2026-08-31 18:19:42,540 [Pipeline] DPF written → /home/chan/Research/Monomer_screening_in_Bio/results/phase3/CD9/NSGA_5_FPBA/step0_FPBA/CD9_receptor_FPBA.dpf
2026-08-31 18:19:42,541 [Pipeline] AutoDock-GPU settings not transferable from DPF: parameter_file: AD-GPU ignores it. Receptor-side Si/B parameters reach the run only through the AutoGrid maps; ligand-internal ones only through --modpair (applied) | ls_search_freq / set_psw1 / sw_*: AD-GPU uses ADADELTA local search at 100% rate; the DPF's Solis-Wets block does not apply and the GPU search protocol is NOT identical to AD4 CPU | ga_num_evals is a CEILING on the GPU: --autostop 1 ends a run on convergence, so the DLG's 'evaluations performed' is normally well below the configured budget
2026-08-31 18:19:43,507 [Pipeline] AutoDock-GPU completed: CD9_receptor_FPBA.dlg (seed (20260812, 1964201909, 1968937029))
2026-08-31 18:19:43,508 [Pipeline] Parsed 25 clusters from CD9_receptor_FPBA.dlg
2026-08-31 18:19:43,508 [Pipeline] Parsed 25 clusters from CD9_receptor_FPBA.dlg
2026-08-31 18:19:43,509 [Pipeline] Parsed 25 clusters from CD9_receptor_FPBA.dlg
2026-08-31 18:19:43,510 [Pipeline] Merged receptor+ligand → /home/chan/Research/Monomer_screening_in_Bio/results/phase3/CD9/NSGA_5_FPBA/receptor_step0.pdb
2026-08-31 18:19:43,711 [Pipeline] Receptor PDBQT [ADFR prepare_receptor4 (python2.7)] → /home/chan/Research/Monomer_screening_in_Bio/results/phase3/CD9/NSGA_5_FPBA/receptor_step0.pdbqt
2026-08-31 18:19:43,712 [Pipeline]   charge check skipped (indeterminate: non-standard residues ['UNL']); net=-0.971 e
2026-08-31 18:19:43,714 [Pipeline] Custom AD4 parameters (B, Si) written: /home/chan/Research/Monomer_screening_in_Bio/results/phase3/CD9/NSGA_5_FPBA/step1_APBA/AD4_parameters_custom.dat
2026-08-31 18:19:43,714 [Pipeline] GPF written → /home/chan/Research/Monomer_screening_in_Bio/results/phase3/CD9/NSGA_5_FPBA/step1_APBA/receptor_step0_APBA.gpf
2026-08-31 18:19:45,229 [Pipeline] DPF written → /home/chan/Research/Monomer_screening_in_Bio/results/phase3/CD9/NSGA_5_FPBA/step1_APBA/receptor_step0_APBA.dpf
2026-08-31 18:19:45,229 [Pipeline] AutoDock-GPU settings not transferable from DPF: parameter_file: AD-GPU ignores it. Receptor-side Si/B parameters reach the run only through the AutoGrid maps; ligand-internal ones only through --modpair (applied) | ls_search_freq / set_psw1 / sw_*: AD-GPU uses ADADELTA local search at 100% rate; the DPF's Solis-Wets block does not apply and the GPU search protocol is NOT identical to AD4 CPU | ga_num_evals is a CEILING on the GPU: --autostop 1 ends a run on convergence, so the DLG's 'evaluations performed' is normally well below the configured budget
2026-08-31 18:19:46,213 [Pipeline] AutoDock-GPU completed: receptor_step0_APBA.dlg (seed (20260812, 1559272050, 1593501066))
2026-08-31 18:19:46,214 [Pipeline] Parsed 25 clusters from receptor_step0_APBA.dlg
2026-08-31 18:19:46,215 [Pipeline] Parsed 25 clusters from receptor_step0_APBA.dlg
2026-08-31 18:19:46,215 [Pipeline] Parsed 25 clusters from receptor_step0_APBA.dlg
2026-08-31 18:19:46,216 [Pipeline] Merged receptor+ligand → /home/chan/Research/Monomer_screening_in_Bio/results/phase3/CD9/NSGA_5_FPBA/receptor_step1.pdb
2026-08-31 18:19:46,421 [Pipeline] Receptor PDBQT [ADFR prepare_receptor4 (python2.7)] → /home/chan/Research/Monomer_screening_in_Bio/results/phase3/CD9/NSGA_5_FPBA/receptor_step1.pdbqt
2026-08-31 18:19:46,422 [Pipeline]   charge check skipped (indeterminate: non-standard residues ['UNL']); net=-0.969 e
2026-08-31 18:19:46,424 [Pipeline] Custom AD4 parameters (B, Si) written: /home/chan/Research/Monomer_screening_in_Bio/results/phase3/CD9/NSGA_5_FPBA/step2_TTMS/AD4_parameters_custom.dat
2026-08-31 18:19:46,424 [Pipeline] GPF written → /home/chan/Research/Monomer_screening_in_Bio/results/phase3/CD9/NSGA_5_FPBA/step2_TTMS/receptor_step1_TTMS.gpf
2026-08-31 18:19:47,842 [Pipeline] DPF written → /home/chan/Research/Monomer_screening_in_Bio/results/phase3/CD9/NSGA_5_FPBA/step2_TTMS/receptor_step1_TTMS.dpf
2026-08-31 18:19:47,842 [Pipeline] AutoDock-GPU settings not transferable from DPF: parameter_file: AD-GPU ignores it. Receptor-side Si/B parameters reach the run only through the AutoGrid maps; ligand-internal ones only through --modpair (applied) | ls_search_freq / set_psw1 / sw_*: AD-GPU uses ADADELTA local search at 100% rate; the DPF's Solis-Wets block does not apply and the GPU search protocol is NOT identical to AD4 CPU | ga_num_evals is a CEILING on the GPU: --autostop 1 ends a run on convergence, so the DLG's 'evaluations performed' is normally well below the configured budget
2026-08-31 18:19:48,719 [Pipeline] AutoDock-GPU completed: receptor_step1_TTMS.dlg (seed (20260812, 1328343326, 1330575006))
2026-08-31 18:19:48,720 [Pipeline] Parsed 25 clusters from receptor_step1_TTMS.dlg
2026-08-31 18:19:48,720 [Pipeline] Parsed 25 clusters from receptor_step1_TTMS.dlg
2026-08-31 18:19:48,721 [Pipeline] Parsed 25 clusters from receptor_step1_TTMS.dlg
2026-08-31 18:19:48,722 [Pipeline] Merged receptor+ligand → /home/chan/Research/Monomer_screening_in_Bio/results/phase3/CD9/NSGA_5_FPBA/receptor_step2.pdb
2026-08-31 18:19:48,962 [Pipeline] Receptor PDBQT [ADFR prepare_receptor4 (python2.7)] → /home/chan/Research/Monomer_screening_in_Bio/results/phase3/CD9/NSGA_5_FPBA/receptor_step2.pdbqt
2026-08-31 18:19:48,963 [Pipeline]   charge check skipped (indeterminate: non-standard residues ['UNL']); net=-0.969 e
2026-08-31 18:19:48,965 [Pipeline] Custom AD4 parameters (B, Si) written: /home/chan/Research/Monomer_screening_in_Bio/results/phase3/CD9/NSGA_5_FPBA/step3_IBTES/AD4_parameters_custom.dat
2026-08-31 18:19:48,965 [Pipeline] GPF written → /home/chan/Research/Monomer_screening_in_Bio/results/phase3/CD9/NSGA_5_FPBA/step3_IBTES/receptor_step2_IBTES.gpf
2026-08-31 18:19:50,583 [Pipeline] DPF written → /home/chan/Research/Monomer_screening_in_Bio/results/phase3/CD9/NSGA_5_FPBA/step3_IBTES/receptor_step2_IBTES.dpf
2026-08-31 18:19:50,584 [Pipeline] AutoDock-GPU settings not transferable from DPF: parameter_file: AD-GPU ignores it. Receptor-side Si/B parameters reach the run only through the AutoGrid maps; ligand-internal ones only through --modpair (applied) | ls_search_freq / set_psw1 / sw_*: AD-GPU uses ADADELTA local search at 100% rate; the DPF's Solis-Wets block does not apply and the GPU search protocol is NOT identical to AD4 CPU | ga_num_evals is a CEILING on the GPU: --autostop 1 ends a run on convergence, so the DLG's 'evaluations performed' is normally well below the configured budget
2026-08-31 18:19:51,579 [Pipeline] AutoDock-GPU completed: receptor_step2_IBTES.dlg (seed (20260812, 480102428, 517871524))
2026-08-31 18:19:51,580 [Pipeline] Parsed 25 clusters from receptor_step2_IBTES.dlg
2026-08-31 18:19:51,580 [Pipeline] Parsed 25 clusters from receptor_step2_IBTES.dlg
2026-08-31 18:19:51,581 [Pipeline] Parsed 25 clusters from receptor_step2_IBTES.dlg
2026-08-31 18:19:51,582 [Pipeline] Merged receptor+ligand → /home/chan/Research/Monomer_screening_in_Bio/results/phase3/CD9/NSGA_5_FPBA/receptor_step3.pdb
2026-08-31 18:19:51,839 [Pipeline] Receptor PDBQT [ADFR prepare_receptor4 (python2.7)] → /home/chan/Research/Monomer_screening_in_Bio/results/phase3/CD9/NSGA_5_FPBA/receptor_step3.pdbqt
2026-08-31 18:19:51,840 [Pipeline]   charge check skipped (indeterminate: non-standard residues ['UNL']); net=-0.970 e
2026-08-31 18:19:51,843 [Pipeline] Custom AD4 parameters (B, Si) written: /home/chan/Research/Monomer_screening_in_Bio/results/phase3/CD9/NSGA_5_FPBA/step4_TEOS/AD4_parameters_custom.dat
2026-08-31 18:19:51,843 [Pipeline] GPF written → /home/chan/Research/Monomer_screening_in_Bio/results/phase3/CD9/NSGA_5_FPBA/step4_TEOS/receptor_step3_TEOS.gpf
2026-08-31 18:19:53,299 [Pipeline] DPF written → /home/chan/Research/Monomer_screening_in_Bio/results/phase3/CD9/NSGA_5_FPBA/step4_TEOS/receptor_step3_TEOS.dpf
2026-08-31 18:19:53,299 [Pipeline] AutoDock-GPU settings not transferable from DPF: parameter_file: AD-GPU ignores it. Receptor-side Si/B parameters reach the run only through the AutoGrid maps; ligand-internal ones only through --modpair (applied) | ls_search_freq / set_psw1 / sw_*: AD-GPU uses ADADELTA local search at 100% rate; the DPF's Solis-Wets block does not apply and the GPU search protocol is NOT identical to AD4 CPU | ga_num_evals is a CEILING on the GPU: --autostop 1 ends a run on convergence, so the DLG's 'evaluations performed' is normally well below the configured budget
2026-08-31 18:19:54,305 [Pipeline] AutoDock-GPU completed: receptor_step3_TEOS.dlg (seed (20260812, 1864881821, 1866995997))
2026-08-31 18:19:54,306 [Pipeline] Parsed 25 clusters from receptor_step3_TEOS.dlg
2026-08-31 18:19:54,306 [Pipeline] Parsed 25 clusters from receptor_step3_TEOS.dlg
2026-08-31 18:19:54,307 [Pipeline] Parsed 25 clusters from receptor_step3_TEOS.dlg
2026-08-31 18:19:54,308 [Pipeline]     XL TEOS: BE=-2.64
2026-08-31 18:19:54,309 [Pipeline] Custom AD4 parameters (B, Si) written: /home/chan/Research/Monomer_screening_in_Bio/results/phase3/CD9/NSGA_5_FPBA/step4_TMOS/AD4_parameters_custom.dat
2026-08-31 18:19:54,310 [Pipeline] GPF written → /home/chan/Research/Monomer_screening_in_Bio/results/phase3/CD9/NSGA_5_FPBA/step4_TMOS/receptor_step3_TMOS.gpf
2026-08-31 18:19:55,765 [Pipeline] DPF written → /home/chan/Research/Monomer_screening_in_Bio/results/phase3/CD9/NSGA_5_FPBA/step4_TMOS/receptor_step3_TMOS.dpf
2026-08-31 18:19:55,765 [Pipeline] AutoDock-GPU settings not transferable from DPF: parameter_file: AD-GPU ignores it. Receptor-side Si/B parameters reach the run only through the AutoGrid maps; ligand-internal ones only through --modpair (applied) | ls_search_freq / set_psw1 / sw_*: AD-GPU uses ADADELTA local search at 100% rate; the DPF's Solis-Wets block does not apply and the GPU search protocol is NOT identical to AD4 CPU | ga_num_evals is a CEILING on the GPU: --autostop 1 ends a run on convergence, so the DLG's 'evaluations performed' is normally well below the configured budget
2026-08-31 18:19:56,589 [Pipeline] AutoDock-GPU completed: receptor_step3_TMOS.dlg (seed (20260812, 341728261, 379626389))
2026-08-31 18:19:56,590 [Pipeline] Parsed 25 clusters from receptor_step3_TMOS.dlg
2026-08-31 18:19:56,590 [Pipeline] Parsed 25 clusters from receptor_step3_TMOS.dlg
2026-08-31 18:19:56,591 [Pipeline] Parsed 25 clusters from receptor_step3_TMOS.dlg
2026-08-31 18:19:56,591 [Pipeline]     XL TMOS: BE=-2.73
2026-08-31 18:19:56,591 [Pipeline]     Best XL: TMOS (BE=-2.73)
2026-08-31 18:19:56,594 [Pipeline] Custom AD4 parameters (B, Si) written: /home/chan/Research/Monomer_screening_in_Bio/results/phase3/CD9/NSGA_5_FPBA/cross_CD63/step0_FPBA/AD4_parameters_custom.dat
2026-08-31 18:19:56,594 [Pipeline] GPF written → /home/chan/Research/Monomer_screening_in_Bio/results/phase3/CD9/NSGA_5_FPBA/cross_CD63/step0_FPBA/CD63_receptor_glyco_FPBA.gpf
2026-08-31 18:20:03,426 [Pipeline] DPF written → /home/chan/Research/Monomer_screening_in_Bio/results/phase3/CD9/NSGA_5_FPBA/cross_CD63/step0_FPBA/CD63_receptor_glyco_FPBA.dpf
2026-08-31 18:20:03,426 [Pipeline] AutoDock-GPU settings not transferable from DPF: parameter_file: AD-GPU ignores it. Receptor-side Si/B parameters reach the run only through the AutoGrid maps; ligand-internal ones only through --modpair (applied) | ls_search_freq / set_psw1 / sw_*: AD-GPU uses ADADELTA local search at 100% rate; the DPF's Solis-Wets block does not apply and the GPU search protocol is NOT identical to AD4 CPU | ga_num_evals is a CEILING on the GPU: --autostop 1 ends a run on convergence, so the DLG's 'evaluations performed' is normally well below the configured budget
2026-08-31 18:20:05,687 [Pipeline] AutoDock-GPU completed: CD63_receptor_glyco_FPBA.dlg (seed (20260812, 329769312, 331869792))
2026-08-31 18:20:05,688 [Pipeline] Parsed 25 clusters from CD63_receptor_glyco_FPBA.dlg
2026-08-31 18:20:05,689 [Pipeline] Parsed 25 clusters from CD63_receptor_glyco_FPBA.dlg
2026-08-31 18:20:05,689 [Pipeline] Parsed 25 clusters from CD63_receptor_glyco_FPBA.dlg
2026-08-31 18:20:05,690 [Pipeline] Merged receptor+ligand → /home/chan/Research/Monomer_screening_in_Bio/results/phase3/CD9/NSGA_5_FPBA/cross_CD63/receptor_step0.pdb
2026-08-31 18:20:05,945 [Pipeline] Receptor PDBQT [ADFR prepare_receptor4 (python2.7)] → /home/chan/Research/Monomer_screening_in_Bio/results/phase3/CD9/NSGA_5_FPBA/cross_CD63/receptor_step0.pdbqt
2026-08-31 18:20:05,946 [Pipeline]   charge check skipped (indeterminate: non-standard residues ['UNL']); net=+2.023 e
2026-08-31 18:20:05,948 [Pipeline] Custom AD4 parameters (B, Si) written: /home/chan/Research/Monomer_screening_in_Bio/results/phase3/CD9/NSGA_5_FPBA/cross_CD63/step1_APBA/AD4_parameters_custom.dat
2026-08-31 18:20:05,948 [Pipeline] GPF written → /home/chan/Research/Monomer_screening_in_Bio/results/phase3/CD9/NSGA_5_FPBA/cross_CD63/step1_APBA/receptor_step0_APBA.gpf
2026-08-31 18:20:11,800 [Pipeline] DPF written → /home/chan/Research/Monomer_screening_in_Bio/results/phase3/CD9/NSGA_5_FPBA/cross_CD63/step1_APBA/receptor_step0_APBA.dpf
2026-08-31 18:20:11,801 [Pipeline] AutoDock-GPU settings not transferable from DPF: parameter_file: AD-GPU ignores it. Receptor-side Si/B parameters reach the run only through the AutoGrid maps; ligand-internal ones only through --modpair (applied) | ls_search_freq / set_psw1 / sw_*: AD-GPU uses ADADELTA local search at 100% rate; the DPF's Solis-Wets block does not apply and the GPU search protocol is NOT identical to AD4 CPU | ga_num_evals is a CEILING on the GPU: --autostop 1 ends a run on convergence, so the DLG's 'evaluations performed' is normally well below the configured budget
2026-08-31 18:20:12,454 [Pipeline] AutoDock-GPU completed: receptor_step0_APBA.dlg (seed (20260812, 1559272050, 1593501066))
2026-08-31 18:20:12,455 [Pipeline] Parsed 25 clusters from receptor_step0_APBA.dlg
2026-08-31 18:20:12,456 [Pipeline] Parsed 25 clusters from receptor_step0_APBA.dlg
2026-08-31 18:20:12,456 [Pipeline] Parsed 25 clusters from receptor_step0_APBA.dlg
2026-08-31 18:20:12,457 [Pipeline] Merged receptor+ligand → /home/chan/Research/Monomer_screening_in_Bio/results/phase3/CD9/NSGA_5_FPBA/cross_CD63/receptor_step1.pdb
2026-08-31 18:20:12,723 [Pipeline] Receptor PDBQT [ADFR prepare_receptor4 (python2.7)] → /home/chan/Research/Monomer_screening_in_Bio/results/phase3/CD9/NSGA_5_FPBA/cross_CD63/receptor_step1.pdbqt
2026-08-31 18:20:12,724 [Pipeline]   charge check skipped (indeterminate: non-standard residues ['UNL']); net=+2.025 e
2026-08-31 18:20:12,727 [Pipeline] Custom AD4 parameters (B, Si) written: /home/chan/Research/Monomer_screening_in_Bio/results/phase3/CD9/NSGA_5_FPBA/cross_CD63/step2_TTMS/AD4_parameters_custom.dat
2026-08-31 18:20:12,727 [Pipeline] GPF written → /home/chan/Research/Monomer_screening_in_Bio/results/phase3/CD9/NSGA_5_FPBA/cross_CD63/step2_TTMS/receptor_step1_TTMS.gpf
2026-08-31 18:20:18,626 [Pipeline] DPF written → /home/chan/Research/Monomer_screening_in_Bio/results/phase3/CD9/NSGA_5_FPBA/cross_CD63/step2_TTMS/receptor_step1_TTMS.dpf
2026-08-31 18:20:18,626 [Pipeline] AutoDock-GPU settings not transferable from DPF: parameter_file: AD-GPU ignores it. Receptor-side Si/B parameters reach the run only through the AutoGrid maps; ligand-internal ones only through --modpair (applied) | ls_search_freq / set_psw1 / sw_*: AD-GPU uses ADADELTA local search at 100% rate; the DPF's Solis-Wets block does not apply and the GPU search protocol is NOT identical to AD4 CPU | ga_num_evals is a CEILING on the GPU: --autostop 1 ends a run on convergence, so the DLG's 'evaluations performed' is normally well below the configured budget
2026-08-31 18:20:20,514 [Pipeline] AutoDock-GPU completed: receptor_step1_TTMS.dlg (seed (20260812, 1328343326, 1330575006))
2026-08-31 18:20:20,515 [Pipeline] Parsed 25 clusters from receptor_step1_TTMS.dlg
2026-08-31 18:20:20,516 [Pipeline] Parsed 25 clusters from receptor_step1_TTMS.dlg
2026-08-31 18:20:20,516 [Pipeline] Parsed 25 clusters from receptor_step1_TTMS.dlg
2026-08-31 18:20:20,517 [Pipeline] Merged receptor+ligand → /home/chan/Research/Monomer_screening_in_Bio/results/phase3/CD9/NSGA_5_FPBA/cross_CD63/receptor_step2.pdb
2026-08-31 18:20:20,784 [Pipeline] Receptor PDBQT [ADFR prepare_receptor4 (python2.7)] → /home/chan/Research/Monomer_screening_in_Bio/results/phase3/CD9/NSGA_5_FPBA/cross_CD63/receptor_step2.pdbqt
2026-08-31 18:20:20,785 [Pipeline]   charge check skipped (indeterminate: non-standard residues ['UNL']); net=+2.025 e
2026-08-31 18:20:20,787 [Pipeline] Custom AD4 parameters (B, Si) written: /home/chan/Research/Monomer_screening_in_Bio/results/phase3/CD9/NSGA_5_FPBA/cross_CD63/step3_IBTES/AD4_parameters_custom.dat
2026-08-31 18:20:20,787 [Pipeline] GPF written → /home/chan/Research/Monomer_screening_in_Bio/results/phase3/CD9/NSGA_5_FPBA/cross_CD63/step3_IBTES/receptor_step2_IBTES.gpf
2026-08-31 18:20:26,589 [Pipeline] DPF written → /home/chan/Research/Monomer_screening_in_Bio/results/phase3/CD9/NSGA_5_FPBA/cross_CD63/step3_IBTES/receptor_step2_IBTES.dpf
2026-08-31 18:20:26,589 [Pipeline] AutoDock-GPU settings not transferable from DPF: parameter_file: AD-GPU ignores it. Receptor-side Si/B parameters reach the run only through the AutoGrid maps; ligand-internal ones only through --modpair (applied) | ls_search_freq / set_psw1 / sw_*: AD-GPU uses ADADELTA local search at 100% rate; the DPF's Solis-Wets block does not apply and the GPU search protocol is NOT identical to AD4 CPU | ga_num_evals is a CEILING on the GPU: --autostop 1 ends a run on convergence, so the DLG's 'evaluations performed' is normally well below the configured budget
2026-08-31 18:20:28,549 [Pipeline] AutoDock-GPU completed: receptor_step2_IBTES.dlg (seed (20260812, 480102428, 517871524))
2026-08-31 18:20:28,550 [Pipeline] Parsed 25 clusters from receptor_step2_IBTES.dlg
2026-08-31 18:20:28,550 [Pipeline] Parsed 25 clusters from receptor_step2_IBTES.dlg
2026-08-31 18:20:28,551 [Pipeline] Parsed 25 clusters from receptor_step2_IBTES.dlg
2026-08-31 18:20:28,552 [Pipeline] Merged receptor+ligand → /home/chan/Research/Monomer_screening_in_Bio/results/phase3/CD9/NSGA_5_FPBA/cross_CD63/receptor_step3.pdb
2026-08-31 18:20:28,826 [Pipeline] Receptor PDBQT [ADFR prepare_receptor4 (python2.7)] → /home/chan/Research/Monomer_screening_in_Bio/results/phase3/CD9/NSGA_5_FPBA/cross_CD63/receptor_step3.pdbqt
2026-08-31 18:20:28,827 [Pipeline]   charge check skipped (indeterminate: non-standard residues ['UNL']); net=+2.024 e
2026-08-31 18:20:28,830 [Pipeline] Custom AD4 parameters (B, Si) written: /home/chan/Research/Monomer_screening_in_Bio/results/phase3/CD9/NSGA_5_FPBA/cross_CD63/step4_TEOS/AD4_parameters_custom.dat
2026-08-31 18:20:28,830 [Pipeline] GPF written → /home/chan/Research/Monomer_screening_in_Bio/results/phase3/CD9/NSGA_5_FPBA/cross_CD63/step4_TEOS/receptor_step3_TEOS.gpf
2026-08-31 18:20:34,707 [Pipeline] DPF written → /home/chan/Research/Monomer_screening_in_Bio/results/phase3/CD9/NSGA_5_FPBA/cross_CD63/step4_TEOS/receptor_step3_TEOS.dpf
2026-08-31 18:20:34,707 [Pipeline] AutoDock-GPU settings not transferable from DPF: parameter_file: AD-GPU ignores it. Receptor-side Si/B parameters reach the run only through the AutoGrid maps; ligand-internal ones only through --modpair (applied) | ls_search_freq / set_psw1 / sw_*: AD-GPU uses ADADELTA local search at 100% rate; the DPF's Solis-Wets block does not apply and the GPU search protocol is NOT identical to AD4 CPU | ga_num_evals is a CEILING on the GPU: --autostop 1 ends a run on convergence, so the DLG's 'evaluations performed' is normally well below the configured budget
2026-08-31 18:20:36,558 [Pipeline] AutoDock-GPU completed: receptor_step3_TEOS.dlg (seed (20260812, 1864881821, 1866995997))
2026-08-31 18:20:36,559 [Pipeline] Parsed 25 clusters from receptor_step3_TEOS.dlg
2026-08-31 18:20:36,560 [Pipeline] Parsed 25 clusters from receptor_step3_TEOS.dlg
2026-08-31 18:20:36,561 [Pipeline] Parsed 25 clusters from receptor_step3_TEOS.dlg
2026-08-31 18:20:36,561 [Pipeline]     XL TEOS: BE=-3.02
2026-08-31 18:20:36,564 [Pipeline] Custom AD4 parameters (B, Si) written: /home/chan/Research/Monomer_screening_in_Bio/results/phase3/CD9/NSGA_5_FPBA/cross_CD63/step4_TMOS/AD4_parameters_custom.dat
2026-08-31 18:20:36,564 [Pipeline] GPF written → /home/chan/Research/Monomer_screening_in_Bio/results/phase3/CD9/NSGA_5_FPBA/cross_CD63/step4_TMOS/receptor_step3_TMOS.gpf
2026-08-31 18:20:42,383 [Pipeline] DPF written → /home/chan/Research/Monomer_screening_in_Bio/results/phase3/CD9/NSGA_5_FPBA/cross_CD63/step4_TMOS/receptor_step3_TMOS.dpf
2026-08-31 18:20:42,384 [Pipeline] AutoDock-GPU settings not transferable from DPF: parameter_file: AD-GPU ignores it. Receptor-side Si/B parameters reach the run only through the AutoGrid maps; ligand-internal ones only through --modpair (applied) | ls_search_freq / set_psw1 / sw_*: AD-GPU uses ADADELTA local search at 100% rate; the DPF's Solis-Wets block does not apply and the GPU search protocol is NOT identical to AD4 CPU | ga_num_evals is a CEILING on the GPU: --autostop 1 ends a run on convergence, so the DLG's 'evaluations performed' is normally well below the configured budget
2026-08-31 18:20:42,654 [Pipeline] AutoDock-GPU completed: receptor_step3_TMOS.dlg (seed (20260812, 341728261, 379626389))
2026-08-31 18:20:42,655 [Pipeline] Parsed 25 clusters from receptor_step3_TMOS.dlg
2026-08-31 18:20:42,655 [Pipeline] Parsed 25 clusters from receptor_step3_TMOS.dlg
2026-08-31 18:20:42,656 [Pipeline] Parsed 25 clusters from receptor_step3_TMOS.dlg
2026-08-31 18:20:42,657 [Pipeline]     XL TMOS: BE=-2.89
2026-08-31 18:20:42,657 [Pipeline]     Best XL: TEOS (BE=-3.02)
2026-08-31 18:20:42,659 [Pipeline] Custom AD4 parameters (B, Si) written: /home/chan/Research/Monomer_screening_in_Bio/results/phase3/CD9/NSGA_5_FPBA/cross_CD81/step0_FPBA/AD4_parameters_custom.dat
2026-08-31 18:20:42,659 [Pipeline] GPF written → /home/chan/Research/Monomer_screening_in_Bio/results/phase3/CD9/NSGA_5_FPBA/cross_CD81/step0_FPBA/CD81_receptor_FPBA.gpf
2026-08-31 18:20:44,183 [Pipeline] DPF written → /home/chan/Research/Monomer_screening_in_Bio/results/phase3/CD9/NSGA_5_FPBA/cross_CD81/step0_FPBA/CD81_receptor_FPBA.dpf
2026-08-31 18:20:44,184 [Pipeline] AutoDock-GPU settings not transferable from DPF: parameter_file: AD-GPU ignores it. Receptor-side Si/B parameters reach the run only through the AutoGrid maps; ligand-internal ones only through --modpair (applied) | ls_search_freq / set_psw1 / sw_*: AD-GPU uses ADADELTA local search at 100% rate; the DPF's Solis-Wets block does not apply and the GPU search protocol is NOT identical to AD4 CPU | ga_num_evals is a CEILING on the GPU: --autostop 1 ends a run on convergence, so the DLG's 'evaluations performed' is normally well below the configured budget
2026-08-31 18:20:45,193 [Pipeline] AutoDock-GPU completed: CD81_receptor_FPBA.dlg (seed (20260812, 1063573366, 1065818246))
2026-08-31 18:20:45,193 [Pipeline] Parsed 25 clusters from CD81_receptor_FPBA.dlg
2026-08-31 18:20:45,194 [Pipeline] Parsed 25 clusters from CD81_receptor_FPBA.dlg
2026-08-31 18:20:45,195 [Pipeline] Parsed 25 clusters from CD81_receptor_FPBA.dlg
2026-08-31 18:20:45,195 [Pipeline] Merged receptor+ligand → /home/chan/Research/Monomer_screening_in_Bio/results/phase3/CD9/NSGA_5_FPBA/cross_CD81/receptor_step0.pdb
2026-08-31 18:20:45,394 [Pipeline] Receptor PDBQT [ADFR prepare_receptor4 (python2.7)] → /home/chan/Research/Monomer_screening_in_Bio/results/phase3/CD9/NSGA_5_FPBA/cross_CD81/receptor_step0.pdbqt
2026-08-31 18:20:45,395 [Pipeline]   charge check skipped (indeterminate: non-standard residues ['UNL']); net=-1.964 e
2026-08-31 18:20:45,397 [Pipeline] Custom AD4 parameters (B, Si) written: /home/chan/Research/Monomer_screening_in_Bio/results/phase3/CD9/NSGA_5_FPBA/cross_CD81/step1_APBA/AD4_parameters_custom.dat
2026-08-31 18:20:45,397 [Pipeline] GPF written → /home/chan/Research/Monomer_screening_in_Bio/results/phase3/CD9/NSGA_5_FPBA/cross_CD81/step1_APBA/receptor_step0_APBA.gpf
2026-08-31 18:20:46,962 [Pipeline] DPF written → /home/chan/Research/Monomer_screening_in_Bio/results/phase3/CD9/NSGA_5_FPBA/cross_CD81/step1_APBA/receptor_step0_APBA.dpf
2026-08-31 18:20:46,962 [Pipeline] AutoDock-GPU settings not transferable from DPF: parameter_file: AD-GPU ignores it. Receptor-side Si/B parameters reach the run only through the AutoGrid maps; ligand-internal ones only through --modpair (applied) | ls_search_freq / set_psw1 / sw_*: AD-GPU uses ADADELTA local search at 100% rate; the DPF's Solis-Wets block does not apply and the GPU search protocol is NOT identical to AD4 CPU | ga_num_evals is a CEILING on the GPU: --autostop 1 ends a run on convergence, so the DLG's 'evaluations performed' is normally well below the configured budget
2026-08-31 18:20:48,053 [Pipeline] AutoDock-GPU completed: receptor_step0_APBA.dlg (seed (20260812, 1559272050, 1593501066))
2026-08-31 18:20:48,054 [Pipeline] Parsed 25 clusters from receptor_step0_APBA.dlg
2026-08-31 18:20:48,055 [Pipeline] Parsed 25 clusters from receptor_step0_APBA.dlg
2026-08-31 18:20:48,055 [Pipeline] Parsed 25 clusters from receptor_step0_APBA.dlg
2026-08-31 18:20:48,056 [Pipeline] Merged receptor+ligand → /home/chan/Research/Monomer_screening_in_Bio/results/phase3/CD9/NSGA_5_FPBA/cross_CD81/receptor_step1.pdb
2026-08-31 18:20:48,263 [Pipeline] Receptor PDBQT [ADFR prepare_receptor4 (python2.7)] → /home/chan/Research/Monomer_screening_in_Bio/results/phase3/CD9/NSGA_5_FPBA/cross_CD81/receptor_step1.pdbqt
2026-08-31 18:20:48,263 [Pipeline]   charge check skipped (indeterminate: non-standard residues ['UNL']); net=-1.962 e
2026-08-31 18:20:48,265 [Pipeline] Custom AD4 parameters (B, Si) written: /home/chan/Research/Monomer_screening_in_Bio/results/phase3/CD9/NSGA_5_FPBA/cross_CD81/step2_TTMS/AD4_parameters_custom.dat
2026-08-31 18:20:48,265 [Pipeline] GPF written → /home/chan/Research/Monomer_screening_in_Bio/results/phase3/CD9/NSGA_5_FPBA/cross_CD81/step2_TTMS/receptor_step1_TTMS.gpf
2026-08-31 18:20:49,786 [Pipeline] DPF written → /home/chan/Research/Monomer_screening_in_Bio/results/phase3/CD9/NSGA_5_FPBA/cross_CD81/step2_TTMS/receptor_step1_TTMS.dpf
2026-08-31 18:20:49,786 [Pipeline] AutoDock-GPU settings not transferable from DPF: parameter_file: AD-GPU ignores it. Receptor-side Si/B parameters reach the run only through the AutoGrid maps; ligand-internal ones only through --modpair (applied) | ls_search_freq / set_psw1 / sw_*: AD-GPU uses ADADELTA local search at 100% rate; the DPF's Solis-Wets block does not apply and the GPU search protocol is NOT identical to AD4 CPU | ga_num_evals is a CEILING on the GPU: --autostop 1 ends a run on convergence, so the DLG's 'evaluations performed' is normally well below the configured budget
2026-08-31 18:20:50,699 [Pipeline] AutoDock-GPU completed: receptor_step1_TTMS.dlg (seed (20260812, 1328343326, 1330575006))
2026-08-31 18:20:50,700 [Pipeline] Parsed 25 clusters from receptor_step1_TTMS.dlg
2026-08-31 18:20:50,701 [Pipeline] Parsed 25 clusters from receptor_step1_TTMS.dlg
2026-08-31 18:20:50,702 [Pipeline] Parsed 25 clusters from receptor_step1_TTMS.dlg
2026-08-31 18:20:50,702 [Pipeline] Merged receptor+ligand → /home/chan/Research/Monomer_screening_in_Bio/results/phase3/CD9/NSGA_5_FPBA/cross_CD81/receptor_step2.pdb
2026-08-31 18:20:50,917 [Pipeline] Receptor PDBQT [ADFR prepare_receptor4 (python2.7)] → /home/chan/Research/Monomer_screening_in_Bio/results/phase3/CD9/NSGA_5_FPBA/cross_CD81/receptor_step2.pdbqt
2026-08-31 18:20:50,918 [Pipeline]   charge check skipped (indeterminate: non-standard residues ['UNL']); net=-1.962 e
2026-08-31 18:20:50,920 [Pipeline] Custom AD4 parameters (B, Si) written: /home/chan/Research/Monomer_screening_in_Bio/results/phase3/CD9/NSGA_5_FPBA/cross_CD81/step3_IBTES/AD4_parameters_custom.dat
2026-08-31 18:20:50,920 [Pipeline] GPF written → /home/chan/Research/Monomer_screening_in_Bio/results/phase3/CD9/NSGA_5_FPBA/cross_CD81/step3_IBTES/receptor_step2_IBTES.gpf
2026-08-31 18:20:52,500 [Pipeline] DPF written → /home/chan/Research/Monomer_screening_in_Bio/results/phase3/CD9/NSGA_5_FPBA/cross_CD81/step3_IBTES/receptor_step2_IBTES.dpf
2026-08-31 18:20:52,500 [Pipeline] AutoDock-GPU settings not transferable from DPF: parameter_file: AD-GPU ignores it. Receptor-side Si/B parameters reach the run only through the AutoGrid maps; ligand-internal ones only through --modpair (applied) | ls_search_freq / set_psw1 / sw_*: AD-GPU uses ADADELTA local search at 100% rate; the DPF's Solis-Wets block does not apply and the GPU search protocol is NOT identical to AD4 CPU | ga_num_evals is a CEILING on the GPU: --autostop 1 ends a run on convergence, so the DLG's 'evaluations performed' is normally well below the configured budget
2026-08-31 18:20:53,502 [Pipeline] AutoDock-GPU completed: receptor_step2_IBTES.dlg (seed (20260812, 480102428, 517871524))
2026-08-31 18:20:53,503 [Pipeline] Parsed 25 clusters from receptor_step2_IBTES.dlg
2026-08-31 18:20:53,503 [Pipeline] Parsed 25 clusters from receptor_step2_IBTES.dlg
2026-08-31 18:20:53,504 [Pipeline] Parsed 25 clusters from receptor_step2_IBTES.dlg
2026-08-31 18:20:53,505 [Pipeline] Merged receptor+ligand → /home/chan/Research/Monomer_screening_in_Bio/results/phase3/CD9/NSGA_5_FPBA/cross_CD81/receptor_step3.pdb
2026-08-31 18:20:53,726 [Pipeline] Receptor PDBQT [ADFR prepare_receptor4 (python2.7)] → /home/chan/Research/Monomer_screening_in_Bio/results/phase3/CD9/NSGA_5_FPBA/cross_CD81/receptor_step3.pdbqt
2026-08-31 18:20:53,726 [Pipeline]   charge check skipped (indeterminate: non-standard residues ['UNL']); net=-1.963 e
2026-08-31 18:20:53,728 [Pipeline] Custom AD4 parameters (B, Si) written: /home/chan/Research/Monomer_screening_in_Bio/results/phase3/CD9/NSGA_5_FPBA/cross_CD81/step4_TEOS/AD4_parameters_custom.dat
2026-08-31 18:20:53,728 [Pipeline] GPF written → /home/chan/Research/Monomer_screening_in_Bio/results/phase3/CD9/NSGA_5_FPBA/cross_CD81/step4_TEOS/receptor_step3_TEOS.gpf
2026-08-31 18:20:55,285 [Pipeline] DPF written → /home/chan/Research/Monomer_screening_in_Bio/results/phase3/CD9/NSGA_5_FPBA/cross_CD81/step4_TEOS/receptor_step3_TEOS.dpf
2026-08-31 18:20:55,285 [Pipeline] AutoDock-GPU settings not transferable from DPF: parameter_file: AD-GPU ignores it. Receptor-side Si/B parameters reach the run only through the AutoGrid maps; ligand-internal ones only through --modpair (applied) | ls_search_freq / set_psw1 / sw_*: AD-GPU uses ADADELTA local search at 100% rate; the DPF's Solis-Wets block does not apply and the GPU search protocol is NOT identical to AD4 CPU | ga_num_evals is a CEILING on the GPU: --autostop 1 ends a run on convergence, so the DLG's 'evaluations performed' is normally well below the configured budget
2026-08-31 18:20:56,240 [Pipeline] AutoDock-GPU completed: receptor_step3_TEOS.dlg (seed (20260812, 1864881821, 1866995997))
2026-08-31 18:20:56,241 [Pipeline] Parsed 25 clusters from receptor_step3_TEOS.dlg
2026-08-31 18:20:56,242 [Pipeline] Parsed 25 clusters from receptor_step3_TEOS.dlg
2026-08-31 18:20:56,242 [Pipeline] Parsed 25 clusters from receptor_step3_TEOS.dlg
2026-08-31 18:20:56,243 [Pipeline]     XL TEOS: BE=-3.25
2026-08-31 18:20:56,245 [Pipeline] Custom AD4 parameters (B, Si) written: /home/chan/Research/Monomer_screening_in_Bio/results/phase3/CD9/NSGA_5_FPBA/cross_CD81/step4_TMOS/AD4_parameters_custom.dat
2026-08-31 18:20:56,245 [Pipeline] GPF written → /home/chan/Research/Monomer_screening_in_Bio/results/phase3/CD9/NSGA_5_FPBA/cross_CD81/step4_TMOS/receptor_step3_TMOS.gpf
2026-08-31 18:20:57,775 [Pipeline] DPF written → /home/chan/Research/Monomer_screening_in_Bio/results/phase3/CD9/NSGA_5_FPBA/cross_CD81/step4_TMOS/receptor_step3_TMOS.dpf
2026-08-31 18:20:57,776 [Pipeline] AutoDock-GPU settings not transferable from DPF: parameter_file: AD-GPU ignores it. Receptor-side Si/B parameters reach the run only through the AutoGrid maps; ligand-internal ones only through --modpair (applied) | ls_search_freq / set_psw1 / sw_*: AD-GPU uses ADADELTA local search at 100% rate; the DPF's Solis-Wets block does not apply and the GPU search protocol is NOT identical to AD4 CPU | ga_num_evals is a CEILING on the GPU: --autostop 1 ends a run on convergence, so the DLG's 'evaluations performed' is normally well below the configured budget
2026-08-31 18:20:58,638 [Pipeline] AutoDock-GPU completed: receptor_step3_TMOS.dlg (seed (20260812, 341728261, 379626389))
2026-08-31 18:20:58,639 [Pipeline] Parsed 25 clusters from receptor_step3_TMOS.dlg
2026-08-31 18:20:58,640 [Pipeline] Parsed 25 clusters from receptor_step3_TMOS.dlg
2026-08-31 18:20:58,640 [Pipeline] Parsed 25 clusters from receptor_step3_TMOS.dlg
2026-08-31 18:20:58,641 [Pipeline]     XL TMOS: BE=-3.04
2026-08-31 18:20:58,641 [Pipeline]     Best XL: TEOS (BE=-3.25)
2026-08-31 18:20:58,641 [Pipeline]     NSGA_5_FPBA ΔΔG=+0.61 kcal/mol, penalty=0.81 → obj=-3.081
2026-08-31 18:20:58,641 [Pipeline]   NSGA[5]: ['FPBA', 'TTMS', 'IBTES', 'APBA'] → aff=-4.28, sel=0.28, synth=9.2/10, ΔΔG=+0.61
2026-08-31 18:20:58,644 [Pipeline] Custom AD4 parameters (B, Si) written: /home/chan/Research/Monomer_screening_in_Bio/results/phase3/CD9/NSGA_6_IBTES/step0_FPBA/AD4_parameters_custom.dat
2026-08-31 18:20:58,644 [Pipeline] GPF written → /home/chan/Research/Monomer_screening_in_Bio/results/phase3/CD9/NSGA_6_IBTES/step0_FPBA/CD9_receptor_FPBA.gpf
2026-08-31 18:21:00,117 [Pipeline] DPF written → /home/chan/Research/Monomer_screening_in_Bio/results/phase3/CD9/NSGA_6_IBTES/step0_FPBA/CD9_receptor_FPBA.dpf
2026-08-31 18:21:00,118 [Pipeline] AutoDock-GPU settings not transferable from DPF: parameter_file: AD-GPU ignores it. Receptor-side Si/B parameters reach the run only through the AutoGrid maps; ligand-internal ones only through --modpair (applied) | ls_search_freq / set_psw1 / sw_*: AD-GPU uses ADADELTA local search at 100% rate; the DPF's Solis-Wets block does not apply and the GPU search protocol is NOT identical to AD4 CPU | ga_num_evals is a CEILING on the GPU: --autostop 1 ends a run on convergence, so the DLG's 'evaluations performed' is normally well below the configured budget
2026-08-31 18:21:01,147 [Pipeline] AutoDock-GPU completed: CD9_receptor_FPBA.dlg (seed (20260812, 1964201909, 1968937029))
2026-08-31 18:21:01,148 [Pipeline] Parsed 25 clusters from CD9_receptor_FPBA.dlg
2026-08-31 18:21:01,149 [Pipeline] Parsed 25 clusters from CD9_receptor_FPBA.dlg
2026-08-31 18:21:01,150 [Pipeline] Parsed 25 clusters from CD9_receptor_FPBA.dlg
2026-08-31 18:21:01,151 [Pipeline] Merged receptor+ligand → /home/chan/Research/Monomer_screening_in_Bio/results/phase3/CD9/NSGA_6_IBTES/receptor_step0.pdb
2026-08-31 18:21:01,389 [Pipeline] Receptor PDBQT [ADFR prepare_receptor4 (python2.7)] → /home/chan/Research/Monomer_screening_in_Bio/results/phase3/CD9/NSGA_6_IBTES/receptor_step0.pdbqt
2026-08-31 18:21:01,389 [Pipeline]   charge check skipped (indeterminate: non-standard residues ['UNL']); net=-0.971 e
2026-08-31 18:21:01,392 [Pipeline] Custom AD4 parameters (B, Si) written: /home/chan/Research/Monomer_screening_in_Bio/results/phase3/CD9/NSGA_6_IBTES/step1_PTES/AD4_parameters_custom.dat
2026-08-31 18:21:01,392 [Pipeline] GPF written → /home/chan/Research/Monomer_screening_in_Bio/results/phase3/CD9/NSGA_6_IBTES/step1_PTES/receptor_step0_PTES.gpf
2026-08-31 18:21:02,883 [Pipeline] DPF written → /home/chan/Research/Monomer_screening_in_Bio/results/phase3/CD9/NSGA_6_IBTES/step1_PTES/receptor_step0_PTES.dpf
2026-08-31 18:21:02,884 [Pipeline] AutoDock-GPU settings not transferable from DPF: parameter_file: AD-GPU ignores it. Receptor-side Si/B parameters reach the run only through the AutoGrid maps; ligand-internal ones only through --modpair (applied) | ls_search_freq / set_psw1 / sw_*: AD-GPU uses ADADELTA local search at 100% rate; the DPF's Solis-Wets block does not apply and the GPU search protocol is NOT identical to AD4 CPU | ga_num_evals is a CEILING on the GPU: --autostop 1 ends a run on convergence, so the DLG's 'evaluations performed' is normally well below the configured budget
2026-08-31 18:21:03,952 [Pipeline] AutoDock-GPU completed: receptor_step0_PTES.dlg (seed (20260812, 1549021872, 1586904392))
2026-08-31 18:21:03,953 [Pipeline] Parsed 25 clusters from receptor_step0_PTES.dlg
2026-08-31 18:21:03,954 [Pipeline] Parsed 25 clusters from receptor_step0_PTES.dlg
2026-08-31 18:21:03,954 [Pipeline] Parsed 25 clusters from receptor_step0_PTES.dlg
2026-08-31 18:21:03,955 [Pipeline] Merged receptor+ligand → /home/chan/Research/Monomer_screening_in_Bio/results/phase3/CD9/NSGA_6_IBTES/receptor_step1.pdb
2026-08-31 18:21:04,171 [Pipeline] Receptor PDBQT [ADFR prepare_receptor4 (python2.7)] → /home/chan/Research/Monomer_screening_in_Bio/results/phase3/CD9/NSGA_6_IBTES/receptor_step1.pdbqt
2026-08-31 18:21:04,171 [Pipeline]   charge check skipped (indeterminate: non-standard residues ['UNL']); net=-0.971 e
2026-08-31 18:21:04,173 [Pipeline] Custom AD4 parameters (B, Si) written: /home/chan/Research/Monomer_screening_in_Bio/results/phase3/CD9/NSGA_6_IBTES/step2_TTMS/AD4_parameters_custom.dat
2026-08-31 18:21:04,174 [Pipeline] GPF written → /home/chan/Research/Monomer_screening_in_Bio/results/phase3/CD9/NSGA_6_IBTES/step2_TTMS/receptor_step1_TTMS.gpf
2026-08-31 18:21:05,648 [Pipeline] DPF written → /home/chan/Research/Monomer_screening_in_Bio/results/phase3/CD9/NSGA_6_IBTES/step2_TTMS/receptor_step1_TTMS.dpf
2026-08-31 18:21:05,648 [Pipeline] AutoDock-GPU settings not transferable from DPF: parameter_file: AD-GPU ignores it. Receptor-side Si/B parameters reach the run only through the AutoGrid maps; ligand-internal ones only through --modpair (applied) | ls_search_freq / set_psw1 / sw_*: AD-GPU uses ADADELTA local search at 100% rate; the DPF's Solis-Wets block does not apply and the GPU search protocol is NOT identical to AD4 CPU | ga_num_evals is a CEILING on the GPU: --autostop 1 ends a run on convergence, so the DLG's 'evaluations performed' is normally well below the configured budget
2026-08-31 18:21:06,598 [Pipeline] AutoDock-GPU completed: receptor_step1_TTMS.dlg (seed (20260812, 1328343326, 1330575006))
2026-08-31 18:21:06,599 [Pipeline] Parsed 25 clusters from receptor_step1_TTMS.dlg
2026-08-31 18:21:06,599 [Pipeline] Parsed 25 clusters from receptor_step1_TTMS.dlg
2026-08-31 18:21:06,600 [Pipeline] Parsed 25 clusters from receptor_step1_TTMS.dlg
2026-08-31 18:21:06,601 [Pipeline] Merged receptor+ligand → /home/chan/Research/Monomer_screening_in_Bio/results/phase3/CD9/NSGA_6_IBTES/receptor_step2.pdb
2026-08-31 18:21:06,821 [Pipeline] Receptor PDBQT [ADFR prepare_receptor4 (python2.7)] → /home/chan/Research/Monomer_screening_in_Bio/results/phase3/CD9/NSGA_6_IBTES/receptor_step2.pdbqt
2026-08-31 18:21:06,822 [Pipeline]   charge check skipped (indeterminate: non-standard residues ['UNL']); net=-0.971 e
2026-08-31 18:21:06,824 [Pipeline] Custom AD4 parameters (B, Si) written: /home/chan/Research/Monomer_screening_in_Bio/results/phase3/CD9/NSGA_6_IBTES/step3_IBTES/AD4_parameters_custom.dat
2026-08-31 18:21:06,824 [Pipeline] GPF written → /home/chan/Research/Monomer_screening_in_Bio/results/phase3/CD9/NSGA_6_IBTES/step3_IBTES/receptor_step2_IBTES.gpf
2026-08-31 18:21:08,291 [Pipeline] DPF written → /home/chan/Research/Monomer_screening_in_Bio/results/phase3/CD9/NSGA_6_IBTES/step3_IBTES/receptor_step2_IBTES.dpf
2026-08-31 18:21:08,292 [Pipeline] AutoDock-GPU settings not transferable from DPF: parameter_file: AD-GPU ignores it. Receptor-side Si/B parameters reach the run only through the AutoGrid maps; ligand-internal ones only through --modpair (applied) | ls_search_freq / set_psw1 / sw_*: AD-GPU uses ADADELTA local search at 100% rate; the DPF's Solis-Wets block does not apply and the GPU search protocol is NOT identical to AD4 CPU | ga_num_evals is a CEILING on the GPU: --autostop 1 ends a run on convergence, so the DLG's 'evaluations performed' is normally well below the configured budget
2026-08-31 18:21:09,264 [Pipeline] AutoDock-GPU completed: receptor_step2_IBTES.dlg (seed (20260812, 480102428, 517871524))
2026-08-31 18:21:09,264 [Pipeline] Parsed 25 clusters from receptor_step2_IBTES.dlg
2026-08-31 18:21:09,265 [Pipeline] Parsed 25 clusters from receptor_step2_IBTES.dlg
2026-08-31 18:21:09,266 [Pipeline] Parsed 25 clusters from receptor_step2_IBTES.dlg
2026-08-31 18:21:09,267 [Pipeline] Merged receptor+ligand → /home/chan/Research/Monomer_screening_in_Bio/results/phase3/CD9/NSGA_6_IBTES/receptor_step3.pdb
2026-08-31 18:21:09,482 [Pipeline] Receptor PDBQT [ADFR prepare_receptor4 (python2.7)] → /home/chan/Research/Monomer_screening_in_Bio/results/phase3/CD9/NSGA_6_IBTES/receptor_step3.pdbqt
2026-08-31 18:21:09,483 [Pipeline]   charge check skipped (indeterminate: non-standard residues ['UNL']); net=-0.972 e
2026-08-31 18:21:09,485 [Pipeline] Custom AD4 parameters (B, Si) written: /home/chan/Research/Monomer_screening_in_Bio/results/phase3/CD9/NSGA_6_IBTES/step4_TEOS/AD4_parameters_custom.dat
2026-08-31 18:21:09,485 [Pipeline] GPF written → /home/chan/Research/Monomer_screening_in_Bio/results/phase3/CD9/NSGA_6_IBTES/step4_TEOS/receptor_step3_TEOS.gpf
2026-08-31 18:21:10,945 [Pipeline] DPF written → /home/chan/Research/Monomer_screening_in_Bio/results/phase3/CD9/NSGA_6_IBTES/step4_TEOS/receptor_step3_TEOS.dpf
2026-08-31 18:21:10,945 [Pipeline] AutoDock-GPU settings not transferable from DPF: parameter_file: AD-GPU ignores it. Receptor-side Si/B parameters reach the run only through the AutoGrid maps; ligand-internal ones only through --modpair (applied) | ls_search_freq / set_psw1 / sw_*: AD-GPU uses ADADELTA local search at 100% rate; the DPF's Solis-Wets block does not apply and the GPU search protocol is NOT identical to AD4 CPU | ga_num_evals is a CEILING on the GPU: --autostop 1 ends a run on convergence, so the DLG's 'evaluations performed' is normally well below the configured budget
2026-08-31 18:21:11,919 [Pipeline] AutoDock-GPU completed: receptor_step3_TEOS.dlg (seed (20260812, 1864881821, 1866995997))
2026-08-31 18:21:11,919 [Pipeline] Parsed 25 clusters from receptor_step3_TEOS.dlg
2026-08-31 18:21:11,920 [Pipeline] Parsed 25 clusters from receptor_step3_TEOS.dlg
2026-08-31 18:21:11,921 [Pipeline] Parsed 25 clusters from receptor_step3_TEOS.dlg
2026-08-31 18:21:11,921 [Pipeline]     XL TEOS: BE=-2.63
2026-08-31 18:21:11,923 [Pipeline] Custom AD4 parameters (B, Si) written: /home/chan/Research/Monomer_screening_in_Bio/results/phase3/CD9/NSGA_6_IBTES/step4_TMOS/AD4_parameters_custom.dat
2026-08-31 18:21:11,923 [Pipeline] GPF written → /home/chan/Research/Monomer_screening_in_Bio/results/phase3/CD9/NSGA_6_IBTES/step4_TMOS/receptor_step3_TMOS.gpf
2026-08-31 18:21:13,407 [Pipeline] DPF written → /home/chan/Research/Monomer_screening_in_Bio/results/phase3/CD9/NSGA_6_IBTES/step4_TMOS/receptor_step3_TMOS.dpf
2026-08-31 18:21:13,407 [Pipeline] AutoDock-GPU settings not transferable from DPF: parameter_file: AD-GPU ignores it. Receptor-side Si/B parameters reach the run only through the AutoGrid maps; ligand-internal ones only through --modpair (applied) | ls_search_freq / set_psw1 / sw_*: AD-GPU uses ADADELTA local search at 100% rate; the DPF's Solis-Wets block does not apply and the GPU search protocol is NOT identical to AD4 CPU | ga_num_evals is a CEILING on the GPU: --autostop 1 ends a run on convergence, so the DLG's 'evaluations performed' is normally well below the configured budget
2026-08-31 18:21:14,217 [Pipeline] AutoDock-GPU completed: receptor_step3_TMOS.dlg (seed (20260812, 341728261, 379626389))
2026-08-31 18:21:14,218 [Pipeline] Parsed 25 clusters from receptor_step3_TMOS.dlg
2026-08-31 18:21:14,218 [Pipeline] Parsed 25 clusters from receptor_step3_TMOS.dlg
2026-08-31 18:21:14,219 [Pipeline] Parsed 25 clusters from receptor_step3_TMOS.dlg
2026-08-31 18:21:14,219 [Pipeline]     XL TMOS: BE=-2.72
2026-08-31 18:21:14,220 [Pipeline]     Best XL: TMOS (BE=-2.72)
2026-08-31 18:21:14,223 [Pipeline] Custom AD4 parameters (B, Si) written: /home/chan/Research/Monomer_screening_in_Bio/results/phase3/CD9/NSGA_6_IBTES/cross_CD63/step0_FPBA/AD4_parameters_custom.dat
2026-08-31 18:21:14,223 [Pipeline] GPF written → /home/chan/Research/Monomer_screening_in_Bio/results/phase3/CD9/NSGA_6_IBTES/cross_CD63/step0_FPBA/CD63_receptor_glyco_FPBA.gpf
2026-08-31 18:21:19,961 [Pipeline] DPF written → /home/chan/Research/Monomer_screening_in_Bio/results/phase3/CD9/NSGA_6_IBTES/cross_CD63/step0_FPBA/CD63_receptor_glyco_FPBA.dpf
2026-08-31 18:21:19,961 [Pipeline] AutoDock-GPU settings not transferable from DPF: parameter_file: AD-GPU ignores it. Receptor-side Si/B parameters reach the run only through the AutoGrid maps; ligand-internal ones only through --modpair (applied) | ls_search_freq / set_psw1 / sw_*: AD-GPU uses ADADELTA local search at 100% rate; the DPF's Solis-Wets block does not apply and the GPU search protocol is NOT identical to AD4 CPU | ga_num_evals is a CEILING on the GPU: --autostop 1 ends a run on convergence, so the DLG's 'evaluations performed' is normally well below the configured budget
2026-08-31 18:21:22,115 [Pipeline] AutoDock-GPU completed: CD63_receptor_glyco_FPBA.dlg (seed (20260812, 329769312, 331869792))
2026-08-31 18:21:22,116 [Pipeline] Parsed 25 clusters from CD63_receptor_glyco_FPBA.dlg
2026-08-31 18:21:22,117 [Pipeline] Parsed 25 clusters from CD63_receptor_glyco_FPBA.dlg
2026-08-31 18:21:22,118 [Pipeline] Parsed 25 clusters from CD63_receptor_glyco_FPBA.dlg
2026-08-31 18:21:22,118 [Pipeline] Merged receptor+ligand → /home/chan/Research/Monomer_screening_in_Bio/results/phase3/CD9/NSGA_6_IBTES/cross_CD63/receptor_step0.pdb
2026-08-31 18:21:22,365 [Pipeline] Receptor PDBQT [ADFR prepare_receptor4 (python2.7)] → /home/chan/Research/Monomer_screening_in_Bio/results/phase3/CD9/NSGA_6_IBTES/cross_CD63/receptor_step0.pdbqt
2026-08-31 18:21:22,366 [Pipeline]   charge check skipped (indeterminate: non-standard residues ['UNL']); net=+2.023 e
2026-08-31 18:21:22,368 [Pipeline] Custom AD4 parameters (B, Si) written: /home/chan/Research/Monomer_screening_in_Bio/results/phase3/CD9/NSGA_6_IBTES/cross_CD63/step1_PTES/AD4_parameters_custom.dat
2026-08-31 18:21:22,368 [Pipeline] GPF written → /home/chan/Research/Monomer_screening_in_Bio/results/phase3/CD9/NSGA_6_IBTES/cross_CD63/step1_PTES/receptor_step0_PTES.gpf
2026-08-31 18:21:28,154 [Pipeline] DPF written → /home/chan/Research/Monomer_screening_in_Bio/results/phase3/CD9/NSGA_6_IBTES/cross_CD63/step1_PTES/receptor_step0_PTES.dpf
2026-08-31 18:21:28,154 [Pipeline] AutoDock-GPU settings not transferable from DPF: parameter_file: AD-GPU ignores it. Receptor-side Si/B parameters reach the run only through the AutoGrid maps; ligand-internal ones only through --modpair (applied) | ls_search_freq / set_psw1 / sw_*: AD-GPU uses ADADELTA local search at 100% rate; the DPF's Solis-Wets block does not apply and the GPU search protocol is NOT identical to AD4 CPU | ga_num_evals is a CEILING on the GPU: --autostop 1 ends a run on convergence, so the DLG's 'evaluations performed' is normally well below the configured budget
2026-08-31 18:21:30,377 [Pipeline] AutoDock-GPU completed: receptor_step0_PTES.dlg (seed (20260812, 1549021872, 1586904392))
2026-08-31 18:21:30,378 [Pipeline] Parsed 25 clusters from receptor_step0_PTES.dlg
2026-08-31 18:21:30,379 [Pipeline] Parsed 25 clusters from receptor_step0_PTES.dlg
2026-08-31 18:21:30,379 [Pipeline] Parsed 25 clusters from receptor_step0_PTES.dlg
2026-08-31 18:21:30,380 [Pipeline] Merged receptor+ligand → /home/chan/Research/Monomer_screening_in_Bio/results/phase3/CD9/NSGA_6_IBTES/cross_CD63/receptor_step1.pdb
2026-08-31 18:21:30,645 [Pipeline] Receptor PDBQT [ADFR prepare_receptor4 (python2.7)] → /home/chan/Research/Monomer_screening_in_Bio/results/phase3/CD9/NSGA_6_IBTES/cross_CD63/receptor_step1.pdbqt
2026-08-31 18:21:30,646 [Pipeline]   charge check skipped (indeterminate: non-standard residues ['UNL']); net=+2.023 e
2026-08-31 18:21:30,649 [Pipeline] Custom AD4 parameters (B, Si) written: /home/chan/Research/Monomer_screening_in_Bio/results/phase3/CD9/NSGA_6_IBTES/cross_CD63/step2_TTMS/AD4_parameters_custom.dat
2026-08-31 18:21:30,649 [Pipeline] GPF written → /home/chan/Research/Monomer_screening_in_Bio/results/phase3/CD9/NSGA_6_IBTES/cross_CD63/step2_TTMS/receptor_step1_TTMS.gpf
2026-08-31 18:21:36,577 [Pipeline] DPF written → /home/chan/Research/Monomer_screening_in_Bio/results/phase3/CD9/NSGA_6_IBTES/cross_CD63/step2_TTMS/receptor_step1_TTMS.dpf
2026-08-31 18:21:36,577 [Pipeline] AutoDock-GPU settings not transferable from DPF: parameter_file: AD-GPU ignores it. Receptor-side Si/B parameters reach the run only through the AutoGrid maps; ligand-internal ones only through --modpair (applied) | ls_search_freq / set_psw1 / sw_*: AD-GPU uses ADADELTA local search at 100% rate; the DPF's Solis-Wets block does not apply and the GPU search protocol is NOT identical to AD4 CPU | ga_num_evals is a CEILING on the GPU: --autostop 1 ends a run on convergence, so the DLG's 'evaluations performed' is normally well below the configured budget
2026-08-31 18:21:38,475 [Pipeline] AutoDock-GPU completed: receptor_step1_TTMS.dlg (seed (20260812, 1328343326, 1330575006))
2026-08-31 18:21:38,476 [Pipeline] Parsed 25 clusters from receptor_step1_TTMS.dlg
2026-08-31 18:21:38,477 [Pipeline] Parsed 25 clusters from receptor_step1_TTMS.dlg
2026-08-31 18:21:38,478 [Pipeline] Parsed 25 clusters from receptor_step1_TTMS.dlg
2026-08-31 18:21:38,478 [Pipeline] Merged receptor+ligand → /home/chan/Research/Monomer_screening_in_Bio/results/phase3/CD9/NSGA_6_IBTES/cross_CD63/receptor_step2.pdb
2026-08-31 18:21:38,764 [Pipeline] Receptor PDBQT [ADFR prepare_receptor4 (python2.7)] → /home/chan/Research/Monomer_screening_in_Bio/results/phase3/CD9/NSGA_6_IBTES/cross_CD63/receptor_step2.pdbqt
2026-08-31 18:21:38,765 [Pipeline]   charge check skipped (indeterminate: non-standard residues ['UNL']); net=+2.023 e
2026-08-31 18:21:38,767 [Pipeline] Custom AD4 parameters (B, Si) written: /home/chan/Research/Monomer_screening_in_Bio/results/phase3/CD9/NSGA_6_IBTES/cross_CD63/step3_IBTES/AD4_parameters_custom.dat
2026-08-31 18:21:38,767 [Pipeline] GPF written → /home/chan/Research/Monomer_screening_in_Bio/results/phase3/CD9/NSGA_6_IBTES/cross_CD63/step3_IBTES/receptor_step2_IBTES.gpf
2026-08-31 18:21:44,654 [Pipeline] DPF written → /home/chan/Research/Monomer_screening_in_Bio/results/phase3/CD9/NSGA_6_IBTES/cross_CD63/step3_IBTES/receptor_step2_IBTES.dpf
2026-08-31 18:21:44,654 [Pipeline] AutoDock-GPU settings not transferable from DPF: parameter_file: AD-GPU ignores it. Receptor-side Si/B parameters reach the run only through the AutoGrid maps; ligand-internal ones only through --modpair (applied) | ls_search_freq / set_psw1 / sw_*: AD-GPU uses ADADELTA local search at 100% rate; the DPF's Solis-Wets block does not apply and the GPU search protocol is NOT identical to AD4 CPU | ga_num_evals is a CEILING on the GPU: --autostop 1 ends a run on convergence, so the DLG's 'evaluations performed' is normally well below the configured budget
2026-08-31 18:21:45,028 [Pipeline] AutoDock-GPU completed: receptor_step2_IBTES.dlg (seed (20260812, 480102428, 517871524))
2026-08-31 18:21:45,029 [Pipeline] Parsed 25 clusters from receptor_step2_IBTES.dlg
2026-08-31 18:21:45,030 [Pipeline] Parsed 25 clusters from receptor_step2_IBTES.dlg
2026-08-31 18:21:45,031 [Pipeline] Parsed 25 clusters from receptor_step2_IBTES.dlg
2026-08-31 18:21:45,031 [Pipeline] Merged receptor+ligand → /home/chan/Research/Monomer_screening_in_Bio/results/phase3/CD9/NSGA_6_IBTES/cross_CD63/receptor_step3.pdb
2026-08-31 18:21:45,292 [Pipeline] Receptor PDBQT [ADFR prepare_receptor4 (python2.7)] → /home/chan/Research/Monomer_screening_in_Bio/results/phase3/CD9/NSGA_6_IBTES/cross_CD63/receptor_step3.pdbqt
2026-08-31 18:21:45,294 [Pipeline]   charge check skipped (indeterminate: non-standard residues ['UNL']); net=+2.022 e
2026-08-31 18:21:45,296 [Pipeline] Custom AD4 parameters (B, Si) written: /home/chan/Research/Monomer_screening_in_Bio/results/phase3/CD9/NSGA_6_IBTES/cross_CD63/step4_TEOS/AD4_parameters_custom.dat
2026-08-31 18:21:45,296 [Pipeline] GPF written → /home/chan/Research/Monomer_screening_in_Bio/results/phase3/CD9/NSGA_6_IBTES/cross_CD63/step4_TEOS/receptor_step3_TEOS.gpf
2026-08-31 18:21:51,191 [Pipeline] DPF written → /home/chan/Research/Monomer_screening_in_Bio/results/phase3/CD9/NSGA_6_IBTES/cross_CD63/step4_TEOS/receptor_step3_TEOS.dpf
2026-08-31 18:21:51,191 [Pipeline] AutoDock-GPU settings not transferable from DPF: parameter_file: AD-GPU ignores it. Receptor-side Si/B parameters reach the run only through the AutoGrid maps; ligand-internal ones only through --modpair (applied) | ls_search_freq / set_psw1 / sw_*: AD-GPU uses ADADELTA local search at 100% rate; the DPF's Solis-Wets block does not apply and the GPU search protocol is NOT identical to AD4 CPU | ga_num_evals is a CEILING on the GPU: --autostop 1 ends a run on convergence, so the DLG's 'evaluations performed' is normally well below the configured budget
2026-08-31 18:21:52,914 [Pipeline] AutoDock-GPU completed: receptor_step3_TEOS.dlg (seed (20260812, 1864881821, 1866995997))
2026-08-31 18:21:52,915 [Pipeline] Parsed 25 clusters from receptor_step3_TEOS.dlg
2026-08-31 18:21:52,916 [Pipeline] Parsed 25 clusters from receptor_step3_TEOS.dlg
2026-08-31 18:21:52,917 [Pipeline] Parsed 25 clusters from receptor_step3_TEOS.dlg
2026-08-31 18:21:52,917 [Pipeline]     XL TEOS: BE=-2.94
2026-08-31 18:21:52,919 [Pipeline] Custom AD4 parameters (B, Si) written: /home/chan/Research/Monomer_screening_in_Bio/results/phase3/CD9/NSGA_6_IBTES/cross_CD63/step4_TMOS/AD4_parameters_custom.dat
2026-08-31 18:21:52,919 [Pipeline] GPF written → /home/chan/Research/Monomer_screening_in_Bio/results/phase3/CD9/NSGA_6_IBTES/cross_CD63/step4_TMOS/receptor_step3_TMOS.gpf
2026-08-31 18:21:59,033 [Pipeline] DPF written → /home/chan/Research/Monomer_screening_in_Bio/results/phase3/CD9/NSGA_6_IBTES/cross_CD63/step4_TMOS/receptor_step3_TMOS.dpf
2026-08-31 18:21:59,034 [Pipeline] AutoDock-GPU settings not transferable from DPF: parameter_file: AD-GPU ignores it. Receptor-side Si/B parameters reach the run only through the AutoGrid maps; ligand-internal ones only through --modpair (applied) | ls_search_freq / set_psw1 / sw_*: AD-GPU uses ADADELTA local search at 100% rate; the DPF's Solis-Wets block does not apply and the GPU search protocol is NOT identical to AD4 CPU | ga_num_evals is a CEILING on the GPU: --autostop 1 ends a run on convergence, so the DLG's 'evaluations performed' is normally well below the configured budget
2026-08-31 18:22:00,713 [Pipeline] AutoDock-GPU completed: receptor_step3_TMOS.dlg (seed (20260812, 341728261, 379626389))
2026-08-31 18:22:00,714 [Pipeline] Parsed 25 clusters from receptor_step3_TMOS.dlg
2026-08-31 18:22:00,714 [Pipeline] Parsed 25 clusters from receptor_step3_TMOS.dlg
2026-08-31 18:22:00,715 [Pipeline] Parsed 25 clusters from receptor_step3_TMOS.dlg
2026-08-31 18:22:00,715 [Pipeline]     XL TMOS: BE=-2.89
2026-08-31 18:22:00,715 [Pipeline]     Best XL: TEOS (BE=-2.94)
2026-08-31 18:22:00,718 [Pipeline] Custom AD4 parameters (B, Si) written: /home/chan/Research/Monomer_screening_in_Bio/results/phase3/CD9/NSGA_6_IBTES/cross_CD81/step0_FPBA/AD4_parameters_custom.dat
2026-08-31 18:22:00,718 [Pipeline] GPF written → /home/chan/Research/Monomer_screening_in_Bio/results/phase3/CD9/NSGA_6_IBTES/cross_CD81/step0_FPBA/CD81_receptor_FPBA.gpf
2026-08-31 18:22:02,389 [Pipeline] DPF written → /home/chan/Research/Monomer_screening_in_Bio/results/phase3/CD9/NSGA_6_IBTES/cross_CD81/step0_FPBA/CD81_receptor_FPBA.dpf
2026-08-31 18:22:02,390 [Pipeline] AutoDock-GPU settings not transferable from DPF: parameter_file: AD-GPU ignores it. Receptor-side Si/B parameters reach the run only through the AutoGrid maps; ligand-internal ones only through --modpair (applied) | ls_search_freq / set_psw1 / sw_*: AD-GPU uses ADADELTA local search at 100% rate; the DPF's Solis-Wets block does not apply and the GPU search protocol is NOT identical to AD4 CPU | ga_num_evals is a CEILING on the GPU: --autostop 1 ends a run on convergence, so the DLG's 'evaluations performed' is normally well below the configured budget
2026-08-31 18:22:03,414 [Pipeline] AutoDock-GPU completed: CD81_receptor_FPBA.dlg (seed (20260812, 1063573366, 1065818246))
2026-08-31 18:22:03,415 [Pipeline] Parsed 25 clusters from CD81_receptor_FPBA.dlg
2026-08-31 18:22:03,416 [Pipeline] Parsed 25 clusters from CD81_receptor_FPBA.dlg
2026-08-31 18:22:03,416 [Pipeline] Parsed 25 clusters from CD81_receptor_FPBA.dlg
2026-08-31 18:22:03,417 [Pipeline] Merged receptor+ligand → /home/chan/Research/Monomer_screening_in_Bio/results/phase3/CD9/NSGA_6_IBTES/cross_CD81/receptor_step0.pdb
2026-08-31 18:22:03,618 [Pipeline] Receptor PDBQT [ADFR prepare_receptor4 (python2.7)] → /home/chan/Research/Monomer_screening_in_Bio/results/phase3/CD9/NSGA_6_IBTES/cross_CD81/receptor_step0.pdbqt
2026-08-31 18:22:03,619 [Pipeline]   charge check skipped (indeterminate: non-standard residues ['UNL']); net=-1.964 e
2026-08-31 18:22:03,621 [Pipeline] Custom AD4 parameters (B, Si) written: /home/chan/Research/Monomer_screening_in_Bio/results/phase3/CD9/NSGA_6_IBTES/cross_CD81/step1_PTES/AD4_parameters_custom.dat
2026-08-31 18:22:03,621 [Pipeline] GPF written → /home/chan/Research/Monomer_screening_in_Bio/results/phase3/CD9/NSGA_6_IBTES/cross_CD81/step1_PTES/receptor_step0_PTES.gpf
2026-08-31 18:22:05,144 [Pipeline] DPF written → /home/chan/Research/Monomer_screening_in_Bio/results/phase3/CD9/NSGA_6_IBTES/cross_CD81/step1_PTES/receptor_step0_PTES.dpf
2026-08-31 18:22:05,144 [Pipeline] AutoDock-GPU settings not transferable from DPF: parameter_file: AD-GPU ignores it. Receptor-side Si/B parameters reach the run only through the AutoGrid maps; ligand-internal ones only through --modpair (applied) | ls_search_freq / set_psw1 / sw_*: AD-GPU uses ADADELTA local search at 100% rate; the DPF's Solis-Wets block does not apply and the GPU search protocol is NOT identical to AD4 CPU | ga_num_evals is a CEILING on the GPU: --autostop 1 ends a run on convergence, so the DLG's 'evaluations performed' is normally well below the configured budget
2026-08-31 18:22:06,173 [Pipeline] AutoDock-GPU completed: receptor_step0_PTES.dlg (seed (20260812, 1549021872, 1586904392))
2026-08-31 18:22:06,174 [Pipeline] Parsed 25 clusters from receptor_step0_PTES.dlg
2026-08-31 18:22:06,175 [Pipeline] Parsed 25 clusters from receptor_step0_PTES.dlg
2026-08-31 18:22:06,176 [Pipeline] Parsed 25 clusters from receptor_step0_PTES.dlg
2026-08-31 18:22:06,176 [Pipeline] Merged receptor+ligand → /home/chan/Research/Monomer_screening_in_Bio/results/phase3/CD9/NSGA_6_IBTES/cross_CD81/receptor_step1.pdb
2026-08-31 18:22:06,374 [Pipeline] Receptor PDBQT [ADFR prepare_receptor4 (python2.7)] → /home/chan/Research/Monomer_screening_in_Bio/results/phase3/CD9/NSGA_6_IBTES/cross_CD81/receptor_step1.pdbqt
2026-08-31 18:22:06,375 [Pipeline]   charge check skipped (indeterminate: non-standard residues ['UNL']); net=-1.964 e
2026-08-31 18:22:06,377 [Pipeline] Custom AD4 parameters (B, Si) written: /home/chan/Research/Monomer_screening_in_Bio/results/phase3/CD9/NSGA_6_IBTES/cross_CD81/step2_TTMS/AD4_parameters_custom.dat
2026-08-31 18:22:06,377 [Pipeline] GPF written → /home/chan/Research/Monomer_screening_in_Bio/results/phase3/CD9/NSGA_6_IBTES/cross_CD81/step2_TTMS/receptor_step1_TTMS.gpf
2026-08-31 18:22:07,871 [Pipeline] DPF written → /home/chan/Research/Monomer_screening_in_Bio/results/phase3/CD9/NSGA_6_IBTES/cross_CD81/step2_TTMS/receptor_step1_TTMS.dpf
2026-08-31 18:22:07,872 [Pipeline] AutoDock-GPU settings not transferable from DPF: parameter_file: AD-GPU ignores it. Receptor-side Si/B parameters reach the run only through the AutoGrid maps; ligand-internal ones only through --modpair (applied) | ls_search_freq / set_psw1 / sw_*: AD-GPU uses ADADELTA local search at 100% rate; the DPF's Solis-Wets block does not apply and the GPU search protocol is NOT identical to AD4 CPU | ga_num_evals is a CEILING on the GPU: --autostop 1 ends a run on convergence, so the DLG's 'evaluations performed' is normally well below the configured budget
2026-08-31 18:22:08,824 [Pipeline] AutoDock-GPU completed: receptor_step1_TTMS.dlg (seed (20260812, 1328343326, 1330575006))
2026-08-31 18:22:08,825 [Pipeline] Parsed 25 clusters from receptor_step1_TTMS.dlg
2026-08-31 18:22:08,826 [Pipeline] Parsed 25 clusters from receptor_step1_TTMS.dlg
2026-08-31 18:22:08,827 [Pipeline] Parsed 25 clusters from receptor_step1_TTMS.dlg
2026-08-31 18:22:08,828 [Pipeline] Merged receptor+ligand → /home/chan/Research/Monomer_screening_in_Bio/results/phase3/CD9/NSGA_6_IBTES/cross_CD81/receptor_step2.pdb
2026-08-31 18:22:09,038 [Pipeline] Receptor PDBQT [ADFR prepare_receptor4 (python2.7)] → /home/chan/Research/Monomer_screening_in_Bio/results/phase3/CD9/NSGA_6_IBTES/cross_CD81/receptor_step2.pdbqt
2026-08-31 18:22:09,039 [Pipeline]   charge check skipped (indeterminate: non-standard residues ['UNL']); net=-1.964 e
2026-08-31 18:22:09,041 [Pipeline] Custom AD4 parameters (B, Si) written: /home/chan/Research/Monomer_screening_in_Bio/results/phase3/CD9/NSGA_6_IBTES/cross_CD81/step3_IBTES/AD4_parameters_custom.dat
2026-08-31 18:22:09,041 [Pipeline] GPF written → /home/chan/Research/Monomer_screening_in_Bio/results/phase3/CD9/NSGA_6_IBTES/cross_CD81/step3_IBTES/receptor_step2_IBTES.gpf
2026-08-31 18:22:10,541 [Pipeline] DPF written → /home/chan/Research/Monomer_screening_in_Bio/results/phase3/CD9/NSGA_6_IBTES/cross_CD81/step3_IBTES/receptor_step2_IBTES.dpf
2026-08-31 18:22:10,541 [Pipeline] AutoDock-GPU settings not transferable from DPF: parameter_file: AD-GPU ignores it. Receptor-side Si/B parameters reach the run only through the AutoGrid maps; ligand-internal ones only through --modpair (applied) | ls_search_freq / set_psw1 / sw_*: AD-GPU uses ADADELTA local search at 100% rate; the DPF's Solis-Wets block does not apply and the GPU search protocol is NOT identical to AD4 CPU | ga_num_evals is a CEILING on the GPU: --autostop 1 ends a run on convergence, so the DLG's 'evaluations performed' is normally well below the configured budget
2026-08-31 18:22:11,706 [Pipeline] AutoDock-GPU completed: receptor_step2_IBTES.dlg (seed (20260812, 480102428, 517871524))
2026-08-31 18:22:11,707 [Pipeline] Parsed 25 clusters from receptor_step2_IBTES.dlg
2026-08-31 18:22:11,708 [Pipeline] Parsed 25 clusters from receptor_step2_IBTES.dlg
2026-08-31 18:22:11,709 [Pipeline] Parsed 25 clusters from receptor_step2_IBTES.dlg
2026-08-31 18:22:11,710 [Pipeline] Merged receptor+ligand → /home/chan/Research/Monomer_screening_in_Bio/results/phase3/CD9/NSGA_6_IBTES/cross_CD81/receptor_step3.pdb
2026-08-31 18:22:11,976 [Pipeline] Receptor PDBQT [ADFR prepare_receptor4 (python2.7)] → /home/chan/Research/Monomer_screening_in_Bio/results/phase3/CD9/NSGA_6_IBTES/cross_CD81/receptor_step3.pdbqt
2026-08-31 18:22:11,976 [Pipeline]   charge check skipped (indeterminate: non-standard residues ['UNL']); net=-1.965 e
2026-08-31 18:22:11,979 [Pipeline] Custom AD4 parameters (B, Si) written: /home/chan/Research/Monomer_screening_in_Bio/results/phase3/CD9/NSGA_6_IBTES/cross_CD81/step4_TEOS/AD4_parameters_custom.dat
2026-08-31 18:22:11,979 [Pipeline] GPF written → /home/chan/Research/Monomer_screening_in_Bio/results/phase3/CD9/NSGA_6_IBTES/cross_CD81/step4_TEOS/receptor_step3_TEOS.gpf
2026-08-31 18:22:13,503 [Pipeline] DPF written → /home/chan/Research/Monomer_screening_in_Bio/results/phase3/CD9/NSGA_6_IBTES/cross_CD81/step4_TEOS/receptor_step3_TEOS.dpf
2026-08-31 18:22:13,503 [Pipeline] AutoDock-GPU settings not transferable from DPF: parameter_file: AD-GPU ignores it. Receptor-side Si/B parameters reach the run only through the AutoGrid maps; ligand-internal ones only through --modpair (applied) | ls_search_freq / set_psw1 / sw_*: AD-GPU uses ADADELTA local search at 100% rate; the DPF's Solis-Wets block does not apply and the GPU search protocol is NOT identical to AD4 CPU | ga_num_evals is a CEILING on the GPU: --autostop 1 ends a run on convergence, so the DLG's 'evaluations performed' is normally well below the configured budget
2026-08-31 18:22:14,475 [Pipeline] AutoDock-GPU completed: receptor_step3_TEOS.dlg (seed (20260812, 1864881821, 1866995997))
2026-08-31 18:22:14,476 [Pipeline] Parsed 25 clusters from receptor_step3_TEOS.dlg
2026-08-31 18:22:14,477 [Pipeline] Parsed 25 clusters from receptor_step3_TEOS.dlg
2026-08-31 18:22:14,477 [Pipeline] Parsed 25 clusters from receptor_step3_TEOS.dlg
2026-08-31 18:22:14,478 [Pipeline]     XL TEOS: BE=-3.39
2026-08-31 18:22:14,480 [Pipeline] Custom AD4 parameters (B, Si) written: /home/chan/Research/Monomer_screening_in_Bio/results/phase3/CD9/NSGA_6_IBTES/cross_CD81/step4_TMOS/AD4_parameters_custom.dat
2026-08-31 18:22:14,480 [Pipeline] GPF written → /home/chan/Research/Monomer_screening_in_Bio/results/phase3/CD9/NSGA_6_IBTES/cross_CD81/step4_TMOS/receptor_step3_TMOS.gpf
2026-08-31 18:22:16,005 [Pipeline] DPF written → /home/chan/Research/Monomer_screening_in_Bio/results/phase3/CD9/NSGA_6_IBTES/cross_CD81/step4_TMOS/receptor_step3_TMOS.dpf
2026-08-31 18:22:16,006 [Pipeline] AutoDock-GPU settings not transferable from DPF: parameter_file: AD-GPU ignores it. Receptor-side Si/B parameters reach the run only through the AutoGrid maps; ligand-internal ones only through --modpair (applied) | ls_search_freq / set_psw1 / sw_*: AD-GPU uses ADADELTA local search at 100% rate; the DPF's Solis-Wets block does not apply and the GPU search protocol is NOT identical to AD4 CPU | ga_num_evals is a CEILING on the GPU: --autostop 1 ends a run on convergence, so the DLG's 'evaluations performed' is normally well below the configured budget
2026-08-31 18:22:15,431 [Pipeline] AutoDock-GPU completed: receptor_step3_TMOS.dlg (seed (20260812, 341728261, 379626389))
2026-08-31 18:22:15,431 [Pipeline] Parsed 25 clusters from receptor_step3_TMOS.dlg
2026-08-31 18:22:15,432 [Pipeline] Parsed 25 clusters from receptor_step3_TMOS.dlg
2026-08-31 18:22:15,433 [Pipeline] Parsed 25 clusters from receptor_step3_TMOS.dlg
2026-08-31 18:22:15,433 [Pipeline]     XL TMOS: BE=-3.05
2026-08-31 18:22:15,433 [Pipeline]     Best XL: TEOS (BE=-3.39)
2026-08-31 18:22:15,433 [Pipeline]     NSGA_6_IBTES ΔΔG=+0.31 kcal/mol, penalty=0.66 → obj=-3.204
2026-08-31 18:22:15,433 [Pipeline]   NSGA[6]: ['IBTES', 'PTES', 'TTMS', 'FPBA'] → aff=-4.26, sel=0.28, synth=9.2/10, ΔΔG=+0.31
2026-08-31 18:22:15,436 [Pipeline] Custom AD4 parameters (B, Si) written: /home/chan/Research/Monomer_screening_in_Bio/results/phase3/CD9/NSGA_7_TTMS/step0_FPBA/AD4_parameters_custom.dat
2026-08-31 18:22:15,436 [Pipeline] GPF written → /home/chan/Research/Monomer_screening_in_Bio/results/phase3/CD9/NSGA_7_TTMS/step0_FPBA/CD9_receptor_FPBA.gpf
2026-08-31 18:22:16,886 [Pipeline] DPF written → /home/chan/Research/Monomer_screening_in_Bio/results/phase3/CD9/NSGA_7_TTMS/step0_FPBA/CD9_receptor_FPBA.dpf
2026-08-31 18:22:16,886 [Pipeline] AutoDock-GPU settings not transferable from DPF: parameter_file: AD-GPU ignores it. Receptor-side Si/B parameters reach the run only through the AutoGrid maps; ligand-internal ones only through --modpair (applied) | ls_search_freq / set_psw1 / sw_*: AD-GPU uses ADADELTA local search at 100% rate; the DPF's Solis-Wets block does not apply and the GPU search protocol is NOT identical to AD4 CPU | ga_num_evals is a CEILING on the GPU: --autostop 1 ends a run on convergence, so the DLG's 'evaluations performed' is normally well below the configured budget
2026-08-31 18:22:17,886 [Pipeline] AutoDock-GPU completed: CD9_receptor_FPBA.dlg (seed (20260812, 1964201909, 1968937029))
2026-08-31 18:22:17,887 [Pipeline] Parsed 25 clusters from CD9_receptor_FPBA.dlg
2026-08-31 18:22:17,887 [Pipeline] Parsed 25 clusters from CD9_receptor_FPBA.dlg
2026-08-31 18:22:17,888 [Pipeline] Parsed 25 clusters from CD9_receptor_FPBA.dlg
2026-08-31 18:22:17,888 [Pipeline] Merged receptor+ligand → /home/chan/Research/Monomer_screening_in_Bio/results/phase3/CD9/NSGA_7_TTMS/receptor_step0.pdb
2026-08-31 18:22:18,106 [Pipeline] Receptor PDBQT [ADFR prepare_receptor4 (python2.7)] → /home/chan/Research/Monomer_screening_in_Bio/results/phase3/CD9/NSGA_7_TTMS/receptor_step0.pdbqt
2026-08-31 18:22:18,107 [Pipeline]   charge check skipped (indeterminate: non-standard residues ['UNL']); net=-0.971 e
2026-08-31 18:22:18,109 [Pipeline] Custom AD4 parameters (B, Si) written: /home/chan/Research/Monomer_screening_in_Bio/results/phase3/CD9/NSGA_7_TTMS/step1_APBA/AD4_parameters_custom.dat
2026-08-31 18:22:18,109 [Pipeline] GPF written → /home/chan/Research/Monomer_screening_in_Bio/results/phase3/CD9/NSGA_7_TTMS/step1_APBA/receptor_step0_APBA.gpf
2026-08-31 18:22:19,530 [Pipeline] DPF written → /home/chan/Research/Monomer_screening_in_Bio/results/phase3/CD9/NSGA_7_TTMS/step1_APBA/receptor_step0_APBA.dpf
2026-08-31 18:22:19,531 [Pipeline] AutoDock-GPU settings not transferable from DPF: parameter_file: AD-GPU ignores it. Receptor-side Si/B parameters reach the run only through the AutoGrid maps; ligand-internal ones only through --modpair (applied) | ls_search_freq / set_psw1 / sw_*: AD-GPU uses ADADELTA local search at 100% rate; the DPF's Solis-Wets block does not apply and the GPU search protocol is NOT identical to AD4 CPU | ga_num_evals is a CEILING on the GPU: --autostop 1 ends a run on convergence, so the DLG's 'evaluations performed' is normally well below the configured budget
2026-08-31 18:22:20,517 [Pipeline] AutoDock-GPU completed: receptor_step0_APBA.dlg (seed (20260812, 1559272050, 1593501066))
2026-08-31 18:22:20,517 [Pipeline] Parsed 25 clusters from receptor_step0_APBA.dlg
2026-08-31 18:22:20,518 [Pipeline] Parsed 25 clusters from receptor_step0_APBA.dlg
2026-08-31 18:22:20,519 [Pipeline] Parsed 25 clusters from receptor_step0_APBA.dlg
2026-08-31 18:22:20,519 [Pipeline] Merged receptor+ligand → /home/chan/Research/Monomer_screening_in_Bio/results/phase3/CD9/NSGA_7_TTMS/receptor_step1.pdb
2026-08-31 18:22:20,718 [Pipeline] Receptor PDBQT [ADFR prepare_receptor4 (python2.7)] → /home/chan/Research/Monomer_screening_in_Bio/results/phase3/CD9/NSGA_7_TTMS/receptor_step1.pdbqt
2026-08-31 18:22:20,718 [Pipeline]   charge check skipped (indeterminate: non-standard residues ['UNL']); net=-0.969 e
2026-08-31 18:22:20,720 [Pipeline] Custom AD4 parameters (B, Si) written: /home/chan/Research/Monomer_screening_in_Bio/results/phase3/CD9/NSGA_7_TTMS/step2_ICTES/AD4_parameters_custom.dat
2026-08-31 18:22:20,720 [Pipeline] GPF written → /home/chan/Research/Monomer_screening_in_Bio/results/phase3/CD9/NSGA_7_TTMS/step2_ICTES/receptor_step1_ICTES.gpf
2026-08-31 18:22:22,121 [Pipeline] DPF written → /home/chan/Research/Monomer_screening_in_Bio/results/phase3/CD9/NSGA_7_TTMS/step2_ICTES/receptor_step1_ICTES.dpf
2026-08-31 18:22:22,122 [Pipeline] AutoDock-GPU settings not transferable from DPF: parameter_file: AD-GPU ignores it. Receptor-side Si/B parameters reach the run only through the AutoGrid maps; ligand-internal ones only through --modpair (applied) | ls_search_freq / set_psw1 / sw_*: AD-GPU uses ADADELTA local search at 100% rate; the DPF's Solis-Wets block does not apply and the GPU search protocol is NOT identical to AD4 CPU | ga_num_evals is a CEILING on the GPU: --autostop 1 ends a run on convergence, so the DLG's 'evaluations performed' is normally well below the configured budget
2026-08-31 18:22:23,552 [Pipeline] AutoDock-GPU completed: receptor_step1_ICTES.dlg (seed (20260812, 1284275869, 1324253469))
2026-08-31 18:22:23,553 [Pipeline] Parsed 25 clusters from receptor_step1_ICTES.dlg
2026-08-31 18:22:23,554 [Pipeline] Parsed 25 clusters from receptor_step1_ICTES.dlg
2026-08-31 18:22:23,555 [Pipeline] Parsed 25 clusters from receptor_step1_ICTES.dlg
2026-08-31 18:22:23,555 [Pipeline] Merged receptor+ligand → /home/chan/Research/Monomer_screening_in_Bio/results/phase3/CD9/NSGA_7_TTMS/receptor_step2.pdb
2026-08-31 18:22:23,752 [Pipeline] Receptor PDBQT [ADFR prepare_receptor4 (python2.7)] → /home/chan/Research/Monomer_screening_in_Bio/results/phase3/CD9/NSGA_7_TTMS/receptor_step2.pdbqt
2026-08-31 18:22:23,753 [Pipeline]   charge check skipped (indeterminate: non-standard residues ['UNL']); net=-0.968 e
2026-08-31 18:22:23,755 [Pipeline] Custom AD4 parameters (B, Si) written: /home/chan/Research/Monomer_screening_in_Bio/results/phase3/CD9/NSGA_7_TTMS/step3_TTMS/AD4_parameters_custom.dat
2026-08-31 18:22:23,755 [Pipeline] GPF written → /home/chan/Research/Monomer_screening_in_Bio/results/phase3/CD9/NSGA_7_TTMS/step3_TTMS/receptor_step2_TTMS.gpf
2026-08-31 18:22:25,181 [Pipeline] DPF written → /home/chan/Research/Monomer_screening_in_Bio/results/phase3/CD9/NSGA_7_TTMS/step3_TTMS/receptor_step2_TTMS.dpf
2026-08-31 18:22:25,181 [Pipeline] AutoDock-GPU settings not transferable from DPF: parameter_file: AD-GPU ignores it. Receptor-side Si/B parameters reach the run only through the AutoGrid maps; ligand-internal ones only through --modpair (applied) | ls_search_freq / set_psw1 / sw_*: AD-GPU uses ADADELTA local search at 100% rate; the DPF's Solis-Wets block does not apply and the GPU search protocol is NOT identical to AD4 CPU | ga_num_evals is a CEILING on the GPU: --autostop 1 ends a run on convergence, so the DLG's 'evaluations performed' is normally well below the configured budget
2026-08-31 18:22:26,136 [Pipeline] AutoDock-GPU completed: receptor_step2_TTMS.dlg (seed (20260812, 1821052748, 1861439564))
2026-08-31 18:22:26,137 [Pipeline] Parsed 25 clusters from receptor_step2_TTMS.dlg
2026-08-31 18:22:26,138 [Pipeline] Parsed 25 clusters from receptor_step2_TTMS.dlg
2026-08-31 18:22:26,138 [Pipeline] Parsed 25 clusters from receptor_step2_TTMS.dlg
2026-08-31 18:22:26,139 [Pipeline] Merged receptor+ligand → /home/chan/Research/Monomer_screening_in_Bio/results/phase3/CD9/NSGA_7_TTMS/receptor_step3.pdb
2026-08-31 18:22:26,383 [Pipeline] Receptor PDBQT [ADFR prepare_receptor4 (python2.7)] → /home/chan/Research/Monomer_screening_in_Bio/results/phase3/CD9/NSGA_7_TTMS/receptor_step3.pdbqt
2026-08-31 18:22:26,383 [Pipeline]   charge check skipped (indeterminate: non-standard residues ['UNL']); net=-0.968 e
2026-08-31 18:22:26,386 [Pipeline] Custom AD4 parameters (B, Si) written: /home/chan/Research/Monomer_screening_in_Bio/results/phase3/CD9/NSGA_7_TTMS/step4_IBTES/AD4_parameters_custom.dat
2026-08-31 18:22:26,386 [Pipeline] GPF written → /home/chan/Research/Monomer_screening_in_Bio/results/phase3/CD9/NSGA_7_TTMS/step4_IBTES/receptor_step3_IBTES.gpf
2026-08-31 18:22:27,978 [Pipeline] DPF written → /home/chan/Research/Monomer_screening_in_Bio/results/phase3/CD9/NSGA_7_TTMS/step4_IBTES/receptor_step3_IBTES.dpf
2026-08-31 18:22:27,978 [Pipeline] AutoDock-GPU settings not transferable from DPF: parameter_file: AD-GPU ignores it. Receptor-side Si/B parameters reach the run only through the AutoGrid maps; ligand-internal ones only through --modpair (applied) | ls_search_freq / set_psw1 / sw_*: AD-GPU uses ADADELTA local search at 100% rate; the DPF's Solis-Wets block does not apply and the GPU search protocol is NOT identical to AD4 CPU | ga_num_evals is a CEILING on the GPU: --autostop 1 ends a run on convergence, so the DLG's 'evaluations performed' is normally well below the configured budget
2026-08-31 18:22:28,994 [Pipeline] AutoDock-GPU completed: receptor_step3_IBTES.dlg (seed (20260812, 872205429, 872354693))
2026-08-31 18:22:28,995 [Pipeline] Parsed 25 clusters from receptor_step3_IBTES.dlg
2026-08-31 18:22:28,996 [Pipeline] Parsed 25 clusters from receptor_step3_IBTES.dlg
2026-08-31 18:22:28,996 [Pipeline] Parsed 25 clusters from receptor_step3_IBTES.dlg
2026-08-31 18:22:28,997 [Pipeline] Merged receptor+ligand → /home/chan/Research/Monomer_screening_in_Bio/results/phase3/CD9/NSGA_7_TTMS/receptor_step4.pdb
2026-08-31 18:22:29,216 [Pipeline] Receptor PDBQT [ADFR prepare_receptor4 (python2.7)] → /home/chan/Research/Monomer_screening_in_Bio/results/phase3/CD9/NSGA_7_TTMS/receptor_step4.pdbqt
2026-08-31 18:22:29,217 [Pipeline]   charge check skipped (indeterminate: non-standard residues ['UNL']); net=-0.969 e
2026-08-31 18:22:29,219 [Pipeline] Custom AD4 parameters (B, Si) written: /home/chan/Research/Monomer_screening_in_Bio/results/phase3/CD9/NSGA_7_TTMS/step5_TEOS/AD4_parameters_custom.dat
2026-08-31 18:22:29,219 [Pipeline] GPF written → /home/chan/Research/Monomer_screening_in_Bio/results/phase3/CD9/NSGA_7_TTMS/step5_TEOS/receptor_step4_TEOS.gpf
2026-08-31 18:22:30,781 [Pipeline] DPF written → /home/chan/Research/Monomer_screening_in_Bio/results/phase3/CD9/NSGA_7_TTMS/step5_TEOS/receptor_step4_TEOS.dpf
2026-08-31 18:22:30,782 [Pipeline] AutoDock-GPU settings not transferable from DPF: parameter_file: AD-GPU ignores it. Receptor-side Si/B parameters reach the run only through the AutoGrid maps; ligand-internal ones only through --modpair (applied) | ls_search_freq / set_psw1 / sw_*: AD-GPU uses ADADELTA local search at 100% rate; the DPF's Solis-Wets block does not apply and the GPU search protocol is NOT identical to AD4 CPU | ga_num_evals is a CEILING on the GPU: --autostop 1 ends a run on convergence, so the DLG's 'evaluations performed' is normally well below the configured budget
2026-08-31 18:22:31,662 [Pipeline] AutoDock-GPU completed: receptor_step4_TEOS.dlg (seed (20260812, 1270892758, 1277859558))
2026-08-31 18:22:31,663 [Pipeline] Parsed 25 clusters from receptor_step4_TEOS.dlg
2026-08-31 18:22:31,664 [Pipeline] Parsed 25 clusters from receptor_step4_TEOS.dlg
2026-08-31 18:22:31,664 [Pipeline] Parsed 25 clusters from receptor_step4_TEOS.dlg
2026-08-31 18:22:31,665 [Pipeline]     XL TEOS: BE=-2.60
2026-08-31 18:22:31,667 [Pipeline] Custom AD4 parameters (B, Si) written: /home/chan/Research/Monomer_screening_in_Bio/results/phase3/CD9/NSGA_7_TTMS/step5_TMOS/AD4_parameters_custom.dat
2026-08-31 18:22:31,667 [Pipeline] GPF written → /home/chan/Research/Monomer_screening_in_Bio/results/phase3/CD9/NSGA_7_TTMS/step5_TMOS/receptor_step4_TMOS.gpf
2026-08-31 18:22:33,133 [Pipeline] DPF written → /home/chan/Research/Monomer_screening_in_Bio/results/phase3/CD9/NSGA_7_TTMS/step5_TMOS/receptor_step4_TMOS.dpf
2026-08-31 18:22:33,134 [Pipeline] AutoDock-GPU settings not transferable from DPF: parameter_file: AD-GPU ignores it. Receptor-side Si/B parameters reach the run only through the AutoGrid maps; ligand-internal ones only through --modpair (applied) | ls_search_freq / set_psw1 / sw_*: AD-GPU uses ADADELTA local search at 100% rate; the DPF's Solis-Wets block does not apply and the GPU search protocol is NOT identical to AD4 CPU | ga_num_evals is a CEILING on the GPU: --autostop 1 ends a run on convergence, so the DLG's 'evaluations performed' is normally well below the configured budget
2026-08-31 18:22:33,968 [Pipeline] AutoDock-GPU completed: receptor_step4_TMOS.dlg (seed (20260812, 594624773, 595168917))
2026-08-31 18:22:33,969 [Pipeline] Parsed 25 clusters from receptor_step4_TMOS.dlg
2026-08-31 18:22:33,970 [Pipeline] Parsed 25 clusters from receptor_step4_TMOS.dlg
2026-08-31 18:22:33,970 [Pipeline] Parsed 25 clusters from receptor_step4_TMOS.dlg
2026-08-31 18:22:33,971 [Pipeline]     XL TMOS: BE=-2.69
2026-08-31 18:22:33,971 [Pipeline]     Best XL: TMOS (BE=-2.69)
2026-08-31 18:22:33,974 [Pipeline] Custom AD4 parameters (B, Si) written: /home/chan/Research/Monomer_screening_in_Bio/results/phase3/CD9/NSGA_7_TTMS/cross_CD63/step0_FPBA/AD4_parameters_custom.dat
2026-08-31 18:22:33,974 [Pipeline] GPF written → /home/chan/Research/Monomer_screening_in_Bio/results/phase3/CD9/NSGA_7_TTMS/cross_CD63/step0_FPBA/CD63_receptor_glyco_FPBA.gpf
2026-08-31 18:22:41,408 [Pipeline] DPF written → /home/chan/Research/Monomer_screening_in_Bio/results/phase3/CD9/NSGA_7_TTMS/cross_CD63/step0_FPBA/CD63_receptor_glyco_FPBA.dpf
2026-08-31 18:22:41,408 [Pipeline] AutoDock-GPU settings not transferable from DPF: parameter_file: AD-GPU ignores it. Receptor-side Si/B parameters reach the run only through the AutoGrid maps; ligand-internal ones only through --modpair (applied) | ls_search_freq / set_psw1 / sw_*: AD-GPU uses ADADELTA local search at 100% rate; the DPF's Solis-Wets block does not apply and the GPU search protocol is NOT identical to AD4 CPU | ga_num_evals is a CEILING on the GPU: --autostop 1 ends a run on convergence, so the DLG's 'evaluations performed' is normally well below the configured budget
2026-08-31 18:22:43,635 [Pipeline] AutoDock-GPU completed: CD63_receptor_glyco_FPBA.dlg (seed (20260812, 329769312, 331869792))
2026-08-31 18:22:43,635 [Pipeline] Parsed 25 clusters from CD63_receptor_glyco_FPBA.dlg
2026-08-31 18:22:43,636 [Pipeline] Parsed 25 clusters from CD63_receptor_glyco_FPBA.dlg
2026-08-31 18:22:43,637 [Pipeline] Parsed 25 clusters from CD63_receptor_glyco_FPBA.dlg
2026-08-31 18:22:43,637 [Pipeline] Merged receptor+ligand → /home/chan/Research/Monomer_screening_in_Bio/results/phase3/CD9/NSGA_7_TTMS/cross_CD63/receptor_step0.pdb
2026-08-31 18:22:43,875 [Pipeline] Receptor PDBQT [ADFR prepare_receptor4 (python2.7)] → /home/chan/Research/Monomer_screening_in_Bio/results/phase3/CD9/NSGA_7_TTMS/cross_CD63/receptor_step0.pdbqt
2026-08-31 18:22:43,876 [Pipeline]   charge check skipped (indeterminate: non-standard residues ['UNL']); net=+2.023 e
2026-08-31 18:22:43,878 [Pipeline] Custom AD4 parameters (B, Si) written: /home/chan/Research/Monomer_screening_in_Bio/results/phase3/CD9/NSGA_7_TTMS/cross_CD63/step1_APBA/AD4_parameters_custom.dat
2026-08-31 18:22:43,879 [Pipeline] GPF written → /home/chan/Research/Monomer_screening_in_Bio/results/phase3/CD9/NSGA_7_TTMS/cross_CD63/step1_APBA/receptor_step0_APBA.gpf
2026-08-31 18:22:48,593 [Pipeline] DPF written → /home/chan/Research/Monomer_screening_in_Bio/results/phase3/CD9/NSGA_7_TTMS/cross_CD63/step1_APBA/receptor_step0_APBA.dpf
2026-08-31 18:22:48,593 [Pipeline] AutoDock-GPU settings not transferable from DPF: parameter_file: AD-GPU ignores it. Receptor-side Si/B parameters reach the run only through the AutoGrid maps; ligand-internal ones only through --modpair (applied) | ls_search_freq / set_psw1 / sw_*: AD-GPU uses ADADELTA local search at 100% rate; the DPF's Solis-Wets block does not apply and the GPU search protocol is NOT identical to AD4 CPU | ga_num_evals is a CEILING on the GPU: --autostop 1 ends a run on convergence, so the DLG's 'evaluations performed' is normally well below the configured budget
2026-08-31 18:22:50,787 [Pipeline] AutoDock-GPU completed: receptor_step0_APBA.dlg (seed (20260812, 1559272050, 1593501066))
2026-08-31 18:22:50,788 [Pipeline] Parsed 25 clusters from receptor_step0_APBA.dlg
2026-08-31 18:22:50,788 [Pipeline] Parsed 25 clusters from receptor_step0_APBA.dlg
2026-08-31 18:22:50,789 [Pipeline] Parsed 25 clusters from receptor_step0_APBA.dlg
2026-08-31 18:22:50,790 [Pipeline] Merged receptor+ligand → /home/chan/Research/Monomer_screening_in_Bio/results/phase3/CD9/NSGA_7_TTMS/cross_CD63/receptor_step1.pdb
2026-08-31 18:22:51,062 [Pipeline] Receptor PDBQT [ADFR prepare_receptor4 (python2.7)] → /home/chan/Research/Monomer_screening_in_Bio/results/phase3/CD9/NSGA_7_TTMS/cross_CD63/receptor_step1.pdbqt
2026-08-31 18:22:51,064 [Pipeline]   charge check skipped (indeterminate: non-standard residues ['UNL']); net=+2.025 e
2026-08-31 18:22:51,067 [Pipeline] Custom AD4 parameters (B, Si) written: /home/chan/Research/Monomer_screening_in_Bio/results/phase3/CD9/NSGA_7_TTMS/cross_CD63/step2_ICTES/AD4_parameters_custom.dat
2026-08-31 18:22:51,067 [Pipeline] GPF written → /home/chan/Research/Monomer_screening_in_Bio/results/phase3/CD9/NSGA_7_TTMS/cross_CD63/step2_ICTES/receptor_step1_ICTES.gpf
2026-08-31 18:22:57,018 [Pipeline] DPF written → /home/chan/Research/Monomer_screening_in_Bio/results/phase3/CD9/NSGA_7_TTMS/cross_CD63/step2_ICTES/receptor_step1_ICTES.dpf
2026-08-31 18:22:57,019 [Pipeline] AutoDock-GPU settings not transferable from DPF: parameter_file: AD-GPU ignores it. Receptor-side Si/B parameters reach the run only through the AutoGrid maps; ligand-internal ones only through --modpair (applied) | ls_search_freq / set_psw1 / sw_*: AD-GPU uses ADADELTA local search at 100% rate; the DPF's Solis-Wets block does not apply and the GPU search protocol is NOT identical to AD4 CPU | ga_num_evals is a CEILING on the GPU: --autostop 1 ends a run on convergence, so the DLG's 'evaluations performed' is normally well below the configured budget
2026-08-31 18:22:59,242 [Pipeline] AutoDock-GPU completed: receptor_step1_ICTES.dlg (seed (20260812, 1284275869, 1324253469))
2026-08-31 18:22:59,243 [Pipeline] Parsed 25 clusters from receptor_step1_ICTES.dlg
2026-08-31 18:22:59,244 [Pipeline] Parsed 25 clusters from receptor_step1_ICTES.dlg
2026-08-31 18:22:59,245 [Pipeline] Parsed 25 clusters from receptor_step1_ICTES.dlg
2026-08-31 18:22:59,246 [Pipeline] Merged receptor+ligand → /home/chan/Research/Monomer_screening_in_Bio/results/phase3/CD9/NSGA_7_TTMS/cross_CD63/receptor_step2.pdb
2026-08-31 18:22:59,503 [Pipeline] Receptor PDBQT [ADFR prepare_receptor4 (python2.7)] → /home/chan/Research/Monomer_screening_in_Bio/results/phase3/CD9/NSGA_7_TTMS/cross_CD63/receptor_step2.pdbqt
2026-08-31 18:22:59,504 [Pipeline]   charge check skipped (indeterminate: non-standard residues ['UNL']); net=+2.026 e
2026-08-31 18:22:59,507 [Pipeline] Custom AD4 parameters (B, Si) written: /home/chan/Research/Monomer_screening_in_Bio/results/phase3/CD9/NSGA_7_TTMS/cross_CD63/step3_TTMS/AD4_parameters_custom.dat
2026-08-31 18:22:59,507 [Pipeline] GPF written → /home/chan/Research/Monomer_screening_in_Bio/results/phase3/CD9/NSGA_7_TTMS/cross_CD63/step3_TTMS/receptor_step2_TTMS.gpf
2026-08-31 18:23:05,477 [Pipeline] DPF written → /home/chan/Research/Monomer_screening_in_Bio/results/phase3/CD9/NSGA_7_TTMS/cross_CD63/step3_TTMS/receptor_step2_TTMS.dpf
2026-08-31 18:23:05,478 [Pipeline] AutoDock-GPU settings not transferable from DPF: parameter_file: AD-GPU ignores it. Receptor-side Si/B parameters reach the run only through the AutoGrid maps; ligand-internal ones only through --modpair (applied) | ls_search_freq / set_psw1 / sw_*: AD-GPU uses ADADELTA local search at 100% rate; the DPF's Solis-Wets block does not apply and the GPU search protocol is NOT identical to AD4 CPU | ga_num_evals is a CEILING on the GPU: --autostop 1 ends a run on convergence, so the DLG's 'evaluations performed' is normally well below the configured budget
2026-08-31 18:23:07,458 [Pipeline] AutoDock-GPU completed: receptor_step2_TTMS.dlg (seed (20260812, 1821052748, 1861439564))
2026-08-31 18:23:07,459 [Pipeline] Parsed 25 clusters from receptor_step2_TTMS.dlg
2026-08-31 18:23:07,460 [Pipeline] Parsed 25 clusters from receptor_step2_TTMS.dlg
2026-08-31 18:23:07,460 [Pipeline] Parsed 25 clusters from receptor_step2_TTMS.dlg
2026-08-31 18:23:07,461 [Pipeline] Merged receptor+ligand → /home/chan/Research/Monomer_screening_in_Bio/results/phase3/CD9/NSGA_7_TTMS/cross_CD63/receptor_step3.pdb
2026-08-31 18:23:07,737 [Pipeline] Receptor PDBQT [ADFR prepare_receptor4 (python2.7)] → /home/chan/Research/Monomer_screening_in_Bio/results/phase3/CD9/NSGA_7_TTMS/cross_CD63/receptor_step3.pdbqt
2026-08-31 18:23:07,738 [Pipeline]   charge check skipped (indeterminate: non-standard residues ['UNL']); net=+2.026 e
2026-08-31 18:23:07,741 [Pipeline] Custom AD4 parameters (B, Si) written: /home/chan/Research/Monomer_screening_in_Bio/results/phase3/CD9/NSGA_7_TTMS/cross_CD63/step4_IBTES/AD4_parameters_custom.dat
2026-08-31 18:23:07,741 [Pipeline] GPF written → /home/chan/Research/Monomer_screening_in_Bio/results/phase3/CD9/NSGA_7_TTMS/cross_CD63/step4_IBTES/receptor_step3_IBTES.gpf
2026-08-31 18:23:13,782 [Pipeline] DPF written → /home/chan/Research/Monomer_screening_in_Bio/results/phase3/CD9/NSGA_7_TTMS/cross_CD63/step4_IBTES/receptor_step3_IBTES.dpf
2026-08-31 18:23:13,782 [Pipeline] AutoDock-GPU settings not transferable from DPF: parameter_file: AD-GPU ignores it. Receptor-side Si/B parameters reach the run only through the AutoGrid maps; ligand-internal ones only through --modpair (applied) | ls_search_freq / set_psw1 / sw_*: AD-GPU uses ADADELTA local search at 100% rate; the DPF's Solis-Wets block does not apply and the GPU search protocol is NOT identical to AD4 CPU | ga_num_evals is a CEILING on the GPU: --autostop 1 ends a run on convergence, so the DLG's 'evaluations performed' is normally well below the configured budget
2026-08-31 18:23:15,681 [Pipeline] AutoDock-GPU completed: receptor_step3_IBTES.dlg (seed (20260812, 872205429, 872354693))
2026-08-31 18:23:15,682 [Pipeline] Parsed 25 clusters from receptor_step3_IBTES.dlg
2026-08-31 18:23:15,683 [Pipeline] Parsed 25 clusters from receptor_step3_IBTES.dlg
2026-08-31 18:23:15,684 [Pipeline] Parsed 25 clusters from receptor_step3_IBTES.dlg
2026-08-31 18:23:15,685 [Pipeline] Merged receptor+ligand → /home/chan/Research/Monomer_screening_in_Bio/results/phase3/CD9/NSGA_7_TTMS/cross_CD63/receptor_step4.pdb
2026-08-31 18:23:15,959 [Pipeline] Receptor PDBQT [ADFR prepare_receptor4 (python2.7)] → /home/chan/Research/Monomer_screening_in_Bio/results/phase3/CD9/NSGA_7_TTMS/cross_CD63/receptor_step4.pdbqt
2026-08-31 18:23:15,960 [Pipeline]   charge check skipped (indeterminate: non-standard residues ['UNL']); net=+2.025 e
2026-08-31 18:23:15,962 [Pipeline] Custom AD4 parameters (B, Si) written: /home/chan/Research/Monomer_screening_in_Bio/results/phase3/CD9/NSGA_7_TTMS/cross_CD63/step5_TEOS/AD4_parameters_custom.dat
2026-08-31 18:23:15,962 [Pipeline] GPF written → /home/chan/Research/Monomer_screening_in_Bio/results/phase3/CD9/NSGA_7_TTMS/cross_CD63/step5_TEOS/receptor_step4_TEOS.gpf
2026-08-31 18:23:20,704 [Pipeline] DPF written → /home/chan/Research/Monomer_screening_in_Bio/results/phase3/CD9/NSGA_7_TTMS/cross_CD63/step5_TEOS/receptor_step4_TEOS.dpf
2026-08-31 18:23:20,705 [Pipeline] AutoDock-GPU settings not transferable from DPF: parameter_file: AD-GPU ignores it. Receptor-side Si/B parameters reach the run only through the AutoGrid maps; ligand-internal ones only through --modpair (applied) | ls_search_freq / set_psw1 / sw_*: AD-GPU uses ADADELTA local search at 100% rate; the DPF's Solis-Wets block does not apply and the GPU search protocol is NOT identical to AD4 CPU | ga_num_evals is a CEILING on the GPU: --autostop 1 ends a run on convergence, so the DLG's 'evaluations performed' is normally well below the configured budget
2026-08-31 18:23:22,436 [Pipeline] AutoDock-GPU completed: receptor_step4_TEOS.dlg (seed (20260812, 1270892758, 1277859558))
2026-08-31 18:23:22,436 [Pipeline] Parsed 25 clusters from receptor_step4_TEOS.dlg
2026-08-31 18:23:22,437 [Pipeline] Parsed 25 clusters from receptor_step4_TEOS.dlg
2026-08-31 18:23:22,438 [Pipeline] Parsed 25 clusters from receptor_step4_TEOS.dlg
2026-08-31 18:23:22,438 [Pipeline]     XL TEOS: BE=-3.04
2026-08-31 18:23:22,440 [Pipeline] Custom AD4 parameters (B, Si) written: /home/chan/Research/Monomer_screening_in_Bio/results/phase3/CD9/NSGA_7_TTMS/cross_CD63/step5_TMOS/AD4_parameters_custom.dat
2026-08-31 18:23:22,441 [Pipeline] GPF written → /home/chan/Research/Monomer_screening_in_Bio/results/phase3/CD9/NSGA_7_TTMS/cross_CD63/step5_TMOS/receptor_step4_TMOS.gpf
2026-08-31 18:23:28,685 [Pipeline] DPF written → /home/chan/Research/Monomer_screening_in_Bio/results/phase3/CD9/NSGA_7_TTMS/cross_CD63/step5_TMOS/receptor_step4_TMOS.dpf
2026-08-31 18:23:28,685 [Pipeline] AutoDock-GPU settings not transferable from DPF: parameter_file: AD-GPU ignores it. Receptor-side Si/B parameters reach the run only through the AutoGrid maps; ligand-internal ones only through --modpair (applied) | ls_search_freq / set_psw1 / sw_*: AD-GPU uses ADADELTA local search at 100% rate; the DPF's Solis-Wets block does not apply and the GPU search protocol is NOT identical to AD4 CPU | ga_num_evals is a CEILING on the GPU: --autostop 1 ends a run on convergence, so the DLG's 'evaluations performed' is normally well below the configured budget
2026-08-31 18:23:30,648 [Pipeline] AutoDock-GPU completed: receptor_step4_TMOS.dlg (seed (20260812, 594624773, 595168917))
2026-08-31 18:23:30,649 [Pipeline] Parsed 25 clusters from receptor_step4_TMOS.dlg
2026-08-31 18:23:30,650 [Pipeline] Parsed 25 clusters from receptor_step4_TMOS.dlg
2026-08-31 18:23:30,650 [Pipeline] Parsed 25 clusters from receptor_step4_TMOS.dlg
2026-08-31 18:23:30,651 [Pipeline]     XL TMOS: BE=-2.91
2026-08-31 18:23:30,651 [Pipeline]     Best XL: TEOS (BE=-3.04)
2026-08-31 18:23:30,653 [Pipeline] Custom AD4 parameters (B, Si) written: /home/chan/Research/Monomer_screening_in_Bio/results/phase3/CD9/NSGA_7_TTMS/cross_CD81/step0_FPBA/AD4_parameters_custom.dat
2026-08-31 18:23:30,654 [Pipeline] GPF written → /home/chan/Research/Monomer_screening_in_Bio/results/phase3/CD9/NSGA_7_TTMS/cross_CD81/step0_FPBA/CD81_receptor_FPBA.gpf
2026-08-31 18:23:32,214 [Pipeline] DPF written → /home/chan/Research/Monomer_screening_in_Bio/results/phase3/CD9/NSGA_7_TTMS/cross_CD81/step0_FPBA/CD81_receptor_FPBA.dpf
2026-08-31 18:23:32,215 [Pipeline] AutoDock-GPU settings not transferable from DPF: parameter_file: AD-GPU ignores it. Receptor-side Si/B parameters reach the run only through the AutoGrid maps; ligand-internal ones only through --modpair (applied) | ls_search_freq / set_psw1 / sw_*: AD-GPU uses ADADELTA local search at 100% rate; the DPF's Solis-Wets block does not apply and the GPU search protocol is NOT identical to AD4 CPU | ga_num_evals is a CEILING on the GPU: --autostop 1 ends a run on convergence, so the DLG's 'evaluations performed' is normally well below the configured budget
2026-08-31 18:23:33,254 [Pipeline] AutoDock-GPU completed: CD81_receptor_FPBA.dlg (seed (20260812, 1063573366, 1065818246))
2026-08-31 18:23:33,254 [Pipeline] Parsed 25 clusters from CD81_receptor_FPBA.dlg
2026-08-31 18:23:33,255 [Pipeline] Parsed 25 clusters from CD81_receptor_FPBA.dlg
2026-08-31 18:23:33,256 [Pipeline] Parsed 25 clusters from CD81_receptor_FPBA.dlg
2026-08-31 18:23:33,256 [Pipeline] Merged receptor+ligand → /home/chan/Research/Monomer_screening_in_Bio/results/phase3/CD9/NSGA_7_TTMS/cross_CD81/receptor_step0.pdb
2026-08-31 18:23:33,457 [Pipeline] Receptor PDBQT [ADFR prepare_receptor4 (python2.7)] → /home/chan/Research/Monomer_screening_in_Bio/results/phase3/CD9/NSGA_7_TTMS/cross_CD81/receptor_step0.pdbqt
2026-08-31 18:23:33,458 [Pipeline]   charge check skipped (indeterminate: non-standard residues ['UNL']); net=-1.964 e
2026-08-31 18:23:33,460 [Pipeline] Custom AD4 parameters (B, Si) written: /home/chan/Research/Monomer_screening_in_Bio/results/phase3/CD9/NSGA_7_TTMS/cross_CD81/step1_APBA/AD4_parameters_custom.dat
2026-08-31 18:23:33,460 [Pipeline] GPF written → /home/chan/Research/Monomer_screening_in_Bio/results/phase3/CD9/NSGA_7_TTMS/cross_CD81/step1_APBA/receptor_step0_APBA.gpf
2026-08-31 18:23:35,061 [Pipeline] DPF written → /home/chan/Research/Monomer_screening_in_Bio/results/phase3/CD9/NSGA_7_TTMS/cross_CD81/step1_APBA/receptor_step0_APBA.dpf
2026-08-31 18:23:35,062 [Pipeline] AutoDock-GPU settings not transferable from DPF: parameter_file: AD-GPU ignores it. Receptor-side Si/B parameters reach the run only through the AutoGrid maps; ligand-internal ones only through --modpair (applied) | ls_search_freq / set_psw1 / sw_*: AD-GPU uses ADADELTA local search at 100% rate; the DPF's Solis-Wets block does not apply and the GPU search protocol is NOT identical to AD4 CPU | ga_num_evals is a CEILING on the GPU: --autostop 1 ends a run on convergence, so the DLG's 'evaluations performed' is normally well below the configured budget
2026-08-31 18:23:36,215 [Pipeline] AutoDock-GPU completed: receptor_step0_APBA.dlg (seed (20260812, 1559272050, 1593501066))
2026-08-31 18:23:36,216 [Pipeline] Parsed 25 clusters from receptor_step0_APBA.dlg
2026-08-31 18:23:36,217 [Pipeline] Parsed 25 clusters from receptor_step0_APBA.dlg
2026-08-31 18:23:36,217 [Pipeline] Parsed 25 clusters from receptor_step0_APBA.dlg
2026-08-31 18:23:36,218 [Pipeline] Merged receptor+ligand → /home/chan/Research/Monomer_screening_in_Bio/results/phase3/CD9/NSGA_7_TTMS/cross_CD81/receptor_step1.pdb
2026-08-31 18:23:36,474 [Pipeline] Receptor PDBQT [ADFR prepare_receptor4 (python2.7)] → /home/chan/Research/Monomer_screening_in_Bio/results/phase3/CD9/NSGA_7_TTMS/cross_CD81/receptor_step1.pdbqt
2026-08-31 18:23:36,475 [Pipeline]   charge check skipped (indeterminate: non-standard residues ['UNL']); net=-1.962 e
2026-08-31 18:23:36,478 [Pipeline] Custom AD4 parameters (B, Si) written: /home/chan/Research/Monomer_screening_in_Bio/results/phase3/CD9/NSGA_7_TTMS/cross_CD81/step2_ICTES/AD4_parameters_custom.dat
2026-08-31 18:23:36,478 [Pipeline] GPF written → /home/chan/Research/Monomer_screening_in_Bio/results/phase3/CD9/NSGA_7_TTMS/cross_CD81/step2_ICTES/receptor_step1_ICTES.gpf
2026-08-31 18:23:38,189 [Pipeline] DPF written → /home/chan/Research/Monomer_screening_in_Bio/results/phase3/CD9/NSGA_7_TTMS/cross_CD81/step2_ICTES/receptor_step1_ICTES.dpf
2026-08-31 18:23:38,189 [Pipeline] AutoDock-GPU settings not transferable from DPF: parameter_file: AD-GPU ignores it. Receptor-side Si/B parameters reach the run only through the AutoGrid maps; ligand-internal ones only through --modpair (applied) | ls_search_freq / set_psw1 / sw_*: AD-GPU uses ADADELTA local search at 100% rate; the DPF's Solis-Wets block does not apply and the GPU search protocol is NOT identical to AD4 CPU | ga_num_evals is a CEILING on the GPU: --autostop 1 ends a run on convergence, so the DLG's 'evaluations performed' is normally well below the configured budget
2026-08-31 18:23:39,946 [Pipeline] AutoDock-GPU completed: receptor_step1_ICTES.dlg (seed (20260812, 1284275869, 1324253469))
2026-08-31 18:23:39,947 [Pipeline] Parsed 25 clusters from receptor_step1_ICTES.dlg
2026-08-31 18:23:39,948 [Pipeline] Parsed 25 clusters from receptor_step1_ICTES.dlg
2026-08-31 18:23:39,949 [Pipeline] Parsed 25 clusters from receptor_step1_ICTES.dlg
2026-08-31 18:23:39,950 [Pipeline] Merged receptor+ligand → /home/chan/Research/Monomer_screening_in_Bio/results/phase3/CD9/NSGA_7_TTMS/cross_CD81/receptor_step2.pdb
2026-08-31 18:23:40,164 [Pipeline] Receptor PDBQT [ADFR prepare_receptor4 (python2.7)] → /home/chan/Research/Monomer_screening_in_Bio/results/phase3/CD9/NSGA_7_TTMS/cross_CD81/receptor_step2.pdbqt
2026-08-31 18:23:40,164 [Pipeline]   charge check skipped (indeterminate: non-standard residues ['UNL']); net=-1.961 e
2026-08-31 18:23:40,167 [Pipeline] Custom AD4 parameters (B, Si) written: /home/chan/Research/Monomer_screening_in_Bio/results/phase3/CD9/NSGA_7_TTMS/cross_CD81/step3_TTMS/AD4_parameters_custom.dat
2026-08-31 18:23:40,167 [Pipeline] GPF written → /home/chan/Research/Monomer_screening_in_Bio/results/phase3/CD9/NSGA_7_TTMS/cross_CD81/step3_TTMS/receptor_step2_TTMS.gpf
2026-08-31 18:23:41,769 [Pipeline] DPF written → /home/chan/Research/Monomer_screening_in_Bio/results/phase3/CD9/NSGA_7_TTMS/cross_CD81/step3_TTMS/receptor_step2_TTMS.dpf
2026-08-31 18:23:41,770 [Pipeline] AutoDock-GPU settings not transferable from DPF: parameter_file: AD-GPU ignores it. Receptor-side Si/B parameters reach the run only through the AutoGrid maps; ligand-internal ones only through --modpair (applied) | ls_search_freq / set_psw1 / sw_*: AD-GPU uses ADADELTA local search at 100% rate; the DPF's Solis-Wets block does not apply and the GPU search protocol is NOT identical to AD4 CPU | ga_num_evals is a CEILING on the GPU: --autostop 1 ends a run on convergence, so the DLG's 'evaluations performed' is normally well below the configured budget
2026-08-31 18:23:42,716 [Pipeline] AutoDock-GPU completed: receptor_step2_TTMS.dlg (seed (20260812, 1821052748, 1861439564))
2026-08-31 18:23:42,717 [Pipeline] Parsed 25 clusters from receptor_step2_TTMS.dlg
2026-08-31 18:23:42,717 [Pipeline] Parsed 25 clusters from receptor_step2_TTMS.dlg
2026-08-31 18:23:42,718 [Pipeline] Parsed 25 clusters from receptor_step2_TTMS.dlg
2026-08-31 18:23:42,719 [Pipeline] Merged receptor+ligand → /home/chan/Research/Monomer_screening_in_Bio/results/phase3/CD9/NSGA_7_TTMS/cross_CD81/receptor_step3.pdb
2026-08-31 18:23:42,933 [Pipeline] Receptor PDBQT [ADFR prepare_receptor4 (python2.7)] → /home/chan/Research/Monomer_screening_in_Bio/results/phase3/CD9/NSGA_7_TTMS/cross_CD81/receptor_step3.pdbqt
2026-08-31 18:23:42,933 [Pipeline]   charge check skipped (indeterminate: non-standard residues ['UNL']); net=-1.961 e
2026-08-31 18:23:42,935 [Pipeline] Custom AD4 parameters (B, Si) written: /home/chan/Research/Monomer_screening_in_Bio/results/phase3/CD9/NSGA_7_TTMS/cross_CD81/step4_IBTES/AD4_parameters_custom.dat
2026-08-31 18:23:42,935 [Pipeline] GPF written → /home/chan/Research/Monomer_screening_in_Bio/results/phase3/CD9/NSGA_7_TTMS/cross_CD81/step4_IBTES/receptor_step3_IBTES.gpf
2026-08-31 18:23:44,491 [Pipeline] DPF written → /home/chan/Research/Monomer_screening_in_Bio/results/phase3/CD9/NSGA_7_TTMS/cross_CD81/step4_IBTES/receptor_step3_IBTES.dpf
2026-08-31 18:23:44,491 [Pipeline] AutoDock-GPU settings not transferable from DPF: parameter_file: AD-GPU ignores it. Receptor-side Si/B parameters reach the run only through the AutoGrid maps; ligand-internal ones only through --modpair (applied) | ls_search_freq / set_psw1 / sw_*: AD-GPU uses ADADELTA local search at 100% rate; the DPF's Solis-Wets block does not apply and the GPU search protocol is NOT identical to AD4 CPU | ga_num_evals is a CEILING on the GPU: --autostop 1 ends a run on convergence, so the DLG's 'evaluations performed' is normally well below the configured budget
2026-08-31 18:23:45,702 [Pipeline] AutoDock-GPU completed: receptor_step3_IBTES.dlg (seed (20260812, 872205429, 872354693))
2026-08-31 18:23:45,703 [Pipeline] Parsed 25 clusters from receptor_step3_IBTES.dlg
2026-08-31 18:23:45,704 [Pipeline] Parsed 25 clusters from receptor_step3_IBTES.dlg
2026-08-31 18:23:45,704 [Pipeline] Parsed 25 clusters from receptor_step3_IBTES.dlg
2026-08-31 18:23:45,705 [Pipeline] Merged receptor+ligand → /home/chan/Research/Monomer_screening_in_Bio/results/phase3/CD9/NSGA_7_TTMS/cross_CD81/receptor_step4.pdb
2026-08-31 18:23:45,947 [Pipeline] Receptor PDBQT [ADFR prepare_receptor4 (python2.7)] → /home/chan/Research/Monomer_screening_in_Bio/results/phase3/CD9/NSGA_7_TTMS/cross_CD81/receptor_step4.pdbqt
2026-08-31 18:23:45,948 [Pipeline]   charge check skipped (indeterminate: non-standard residues ['UNL']); net=-1.962 e
2026-08-31 18:23:45,950 [Pipeline] Custom AD4 parameters (B, Si) written: /home/chan/Research/Monomer_screening_in_Bio/results/phase3/CD9/NSGA_7_TTMS/cross_CD81/step5_TEOS/AD4_parameters_custom.dat
2026-08-31 18:23:45,950 [Pipeline] GPF written → /home/chan/Research/Monomer_screening_in_Bio/results/phase3/CD9/NSGA_7_TTMS/cross_CD81/step5_TEOS/receptor_step4_TEOS.gpf
2026-08-31 18:23:47,557 [Pipeline] DPF written → /home/chan/Research/Monomer_screening_in_Bio/results/phase3/CD9/NSGA_7_TTMS/cross_CD81/step5_TEOS/receptor_step4_TEOS.dpf
2026-08-31 18:23:47,557 [Pipeline] AutoDock-GPU settings not transferable from DPF: parameter_file: AD-GPU ignores it. Receptor-side Si/B parameters reach the run only through the AutoGrid maps; ligand-internal ones only through --modpair (applied) | ls_search_freq / set_psw1 / sw_*: AD-GPU uses ADADELTA local search at 100% rate; the DPF's Solis-Wets block does not apply and the GPU search protocol is NOT identical to AD4 CPU | ga_num_evals is a CEILING on the GPU: --autostop 1 ends a run on convergence, so the DLG's 'evaluations performed' is normally well below the configured budget
2026-08-31 18:23:48,587 [Pipeline] AutoDock-GPU completed: receptor_step4_TEOS.dlg (seed (20260812, 1270892758, 1277859558))
2026-08-31 18:23:48,588 [Pipeline] Parsed 25 clusters from receptor_step4_TEOS.dlg
2026-08-31 18:23:48,589 [Pipeline] Parsed 25 clusters from receptor_step4_TEOS.dlg
2026-08-31 18:23:48,589 [Pipeline] Parsed 25 clusters from receptor_step4_TEOS.dlg
2026-08-31 18:23:48,590 [Pipeline]     XL TEOS: BE=-3.16
2026-08-31 18:23:48,591 [Pipeline] Custom AD4 parameters (B, Si) written: /home/chan/Research/Monomer_screening_in_Bio/results/phase3/CD9/NSGA_7_TTMS/cross_CD81/step5_TMOS/AD4_parameters_custom.dat
2026-08-31 18:23:48,592 [Pipeline] GPF written → /home/chan/Research/Monomer_screening_in_Bio/results/phase3/CD9/NSGA_7_TTMS/cross_CD81/step5_TMOS/receptor_step4_TMOS.gpf
2026-08-31 18:23:48,952 [Pipeline] DPF written → /home/chan/Research/Monomer_screening_in_Bio/results/phase3/CD9/NSGA_7_TTMS/cross_CD81/step5_TMOS/receptor_step4_TMOS.dpf
2026-08-31 18:23:48,953 [Pipeline] AutoDock-GPU settings not transferable from DPF: parameter_file: AD-GPU ignores it. Receptor-side Si/B parameters reach the run only through the AutoGrid maps; ligand-internal ones only through --modpair (applied) | ls_search_freq / set_psw1 / sw_*: AD-GPU uses ADADELTA local search at 100% rate; the DPF's Solis-Wets block does not apply and the GPU search protocol is NOT identical to AD4 CPU | ga_num_evals is a CEILING on the GPU: --autostop 1 ends a run on convergence, so the DLG's 'evaluations performed' is normally well below the configured budget
2026-08-31 18:23:49,795 [Pipeline] AutoDock-GPU completed: receptor_step4_TMOS.dlg (seed (20260812, 594624773, 595168917))
2026-08-31 18:23:49,796 [Pipeline] Parsed 25 clusters from receptor_step4_TMOS.dlg
2026-08-31 18:23:49,797 [Pipeline] Parsed 25 clusters from receptor_step4_TMOS.dlg
2026-08-31 18:23:49,797 [Pipeline] Parsed 25 clusters from receptor_step4_TMOS.dlg
2026-08-31 18:23:49,798 [Pipeline]     XL TMOS: BE=-3.03
2026-08-31 18:23:49,798 [Pipeline]     Best XL: TEOS (BE=-3.16)
2026-08-31 18:23:49,798 [Pipeline]     NSGA_7_TTMS ΔΔG=+1.21 kcal/mol, penalty=1.11 → obj=-2.277
2026-08-31 18:23:49,798 [Pipeline]   NSGA[7]: ['TTMS', 'APBA', 'FPBA', 'IBTES', 'ICTES'] → aff=-4.15, sel=0.29, synth=7.8/10, ΔΔG=+1.21
2026-08-31 18:23:49,800 [Pipeline] Custom AD4 parameters (B, Si) written: /home/chan/Research/Monomer_screening_in_Bio/results/phase3/CD9/NSGA_8_FPBA/step0_FPBA/AD4_parameters_custom.dat
2026-08-31 18:23:49,801 [Pipeline] GPF written → /home/chan/Research/Monomer_screening_in_Bio/results/phase3/CD9/NSGA_8_FPBA/step0_FPBA/CD9_receptor_FPBA.gpf
2026-08-31 18:23:51,296 [Pipeline] DPF written → /home/chan/Research/Monomer_screening_in_Bio/results/phase3/CD9/NSGA_8_FPBA/step0_FPBA/CD9_receptor_FPBA.dpf
2026-08-31 18:23:51,296 [Pipeline] AutoDock-GPU settings not transferable from DPF: parameter_file: AD-GPU ignores it. Receptor-side Si/B parameters reach the run only through the AutoGrid maps; ligand-internal ones only through --modpair (applied) | ls_search_freq / set_psw1 / sw_*: AD-GPU uses ADADELTA local search at 100% rate; the DPF's Solis-Wets block does not apply and the GPU search protocol is NOT identical to AD4 CPU | ga_num_evals is a CEILING on the GPU: --autostop 1 ends a run on convergence, so the DLG's 'evaluations performed' is normally well below the configured budget
2026-08-31 18:23:52,321 [Pipeline] AutoDock-GPU completed: CD9_receptor_FPBA.dlg (seed (20260812, 1964201909, 1968937029))
2026-08-31 18:23:52,322 [Pipeline] Parsed 25 clusters from CD9_receptor_FPBA.dlg
2026-08-31 18:23:52,323 [Pipeline] Parsed 25 clusters from CD9_receptor_FPBA.dlg
2026-08-31 18:23:52,323 [Pipeline] Parsed 25 clusters from CD9_receptor_FPBA.dlg
2026-08-31 18:23:52,324 [Pipeline] Merged receptor+ligand → /home/chan/Research/Monomer_screening_in_Bio/results/phase3/CD9/NSGA_8_FPBA/receptor_step0.pdb
2026-08-31 18:23:52,540 [Pipeline] Receptor PDBQT [ADFR prepare_receptor4 (python2.7)] → /home/chan/Research/Monomer_screening_in_Bio/results/phase3/CD9/NSGA_8_FPBA/receptor_step0.pdbqt
2026-08-31 18:23:52,541 [Pipeline]   charge check skipped (indeterminate: non-standard residues ['UNL']); net=-0.971 e
2026-08-31 18:23:52,543 [Pipeline] Custom AD4 parameters (B, Si) written: /home/chan/Research/Monomer_screening_in_Bio/results/phase3/CD9/NSGA_8_FPBA/step1_APBA/AD4_parameters_custom.dat
2026-08-31 18:23:52,543 [Pipeline] GPF written → /home/chan/Research/Monomer_screening_in_Bio/results/phase3/CD9/NSGA_8_FPBA/step1_APBA/receptor_step0_APBA.gpf
2026-08-31 18:23:54,118 [Pipeline] DPF written → /home/chan/Research/Monomer_screening_in_Bio/results/phase3/CD9/NSGA_8_FPBA/step1_APBA/receptor_step0_APBA.dpf
2026-08-31 18:23:54,119 [Pipeline] AutoDock-GPU settings not transferable from DPF: parameter_file: AD-GPU ignores it. Receptor-side Si/B parameters reach the run only through the AutoGrid maps; ligand-internal ones only through --modpair (applied) | ls_search_freq / set_psw1 / sw_*: AD-GPU uses ADADELTA local search at 100% rate; the DPF's Solis-Wets block does not apply and the GPU search protocol is NOT identical to AD4 CPU | ga_num_evals is a CEILING on the GPU: --autostop 1 ends a run on convergence, so the DLG's 'evaluations performed' is normally well below the configured budget
2026-08-31 18:23:55,112 [Pipeline] AutoDock-GPU completed: receptor_step0_APBA.dlg (seed (20260812, 1559272050, 1593501066))
2026-08-31 18:23:55,113 [Pipeline] Parsed 25 clusters from receptor_step0_APBA.dlg
2026-08-31 18:23:55,113 [Pipeline] Parsed 25 clusters from receptor_step0_APBA.dlg
2026-08-31 18:23:55,114 [Pipeline] Parsed 25 clusters from receptor_step0_APBA.dlg
2026-08-31 18:23:55,115 [Pipeline] Merged receptor+ligand → /home/chan/Research/Monomer_screening_in_Bio/results/phase3/CD9/NSGA_8_FPBA/receptor_step1.pdb
2026-08-31 18:23:55,323 [Pipeline] Receptor PDBQT [ADFR prepare_receptor4 (python2.7)] → /home/chan/Research/Monomer_screening_in_Bio/results/phase3/CD9/NSGA_8_FPBA/receptor_step1.pdbqt
2026-08-31 18:23:55,329 [Pipeline]   charge check skipped (indeterminate: non-standard residues ['UNL']); net=-0.969 e
2026-08-31 18:23:55,331 [Pipeline] Custom AD4 parameters (B, Si) written: /home/chan/Research/Monomer_screening_in_Bio/results/phase3/CD9/NSGA_8_FPBA/step2_IBTES/AD4_parameters_custom.dat
2026-08-31 18:23:55,331 [Pipeline] GPF written → /home/chan/Research/Monomer_screening_in_Bio/results/phase3/CD9/NSGA_8_FPBA/step2_IBTES/receptor_step1_IBTES.gpf
2026-08-31 18:23:56,800 [Pipeline] DPF written → /home/chan/Research/Monomer_screening_in_Bio/results/phase3/CD9/NSGA_8_FPBA/step2_IBTES/receptor_step1_IBTES.dpf
2026-08-31 18:23:56,801 [Pipeline] AutoDock-GPU settings not transferable from DPF: parameter_file: AD-GPU ignores it. Receptor-side Si/B parameters reach the run only through the AutoGrid maps; ligand-internal ones only through --modpair (applied) | ls_search_freq / set_psw1 / sw_*: AD-GPU uses ADADELTA local search at 100% rate; the DPF's Solis-Wets block does not apply and the GPU search protocol is NOT identical to AD4 CPU | ga_num_evals is a CEILING on the GPU: --autostop 1 ends a run on convergence, so the DLG's 'evaluations performed' is normally well below the configured budget
2026-08-31 18:23:57,777 [Pipeline] AutoDock-GPU completed: receptor_step1_IBTES.dlg (seed (20260812, 958535893, 961308389))
2026-08-31 18:23:57,778 [Pipeline] Parsed 25 clusters from receptor_step1_IBTES.dlg
2026-08-31 18:23:57,779 [Pipeline] Parsed 25 clusters from receptor_step1_IBTES.dlg
2026-08-31 18:23:57,779 [Pipeline] Parsed 25 clusters from receptor_step1_IBTES.dlg
2026-08-31 18:23:57,780 [Pipeline] Merged receptor+ligand → /home/chan/Research/Monomer_screening_in_Bio/results/phase3/CD9/NSGA_8_FPBA/receptor_step2.pdb
2026-08-31 18:23:57,980 [Pipeline] Receptor PDBQT [ADFR prepare_receptor4 (python2.7)] → /home/chan/Research/Monomer_screening_in_Bio/results/phase3/CD9/NSGA_8_FPBA/receptor_step2.pdbqt
2026-08-31 18:23:57,980 [Pipeline]   charge check skipped (indeterminate: non-standard residues ['UNL']); net=-0.970 e
2026-08-31 18:23:57,983 [Pipeline] Custom AD4 parameters (B, Si) written: /home/chan/Research/Monomer_screening_in_Bio/results/phase3/CD9/NSGA_8_FPBA/step3_TEOS/AD4_parameters_custom.dat
2026-08-31 18:23:57,983 [Pipeline] GPF written → /home/chan/Research/Monomer_screening_in_Bio/results/phase3/CD9/NSGA_8_FPBA/step3_TEOS/receptor_step2_TEOS.gpf
2026-08-31 18:23:59,393 [Pipeline] DPF written → /home/chan/Research/Monomer_screening_in_Bio/results/phase3/CD9/NSGA_8_FPBA/step3_TEOS/receptor_step2_TEOS.dpf
2026-08-31 18:23:59,393 [Pipeline] AutoDock-GPU settings not transferable from DPF: parameter_file: AD-GPU ignores it. Receptor-side Si/B parameters reach the run only through the AutoGrid maps; ligand-internal ones only through --modpair (applied) | ls_search_freq / set_psw1 / sw_*: AD-GPU uses ADADELTA local search at 100% rate; the DPF's Solis-Wets block does not apply and the GPU search protocol is NOT identical to AD4 CPU | ga_num_evals is a CEILING on the GPU: --autostop 1 ends a run on convergence, so the DLG's 'evaluations performed' is normally well below the configured budget
2026-08-31 18:24:00,225 [Pipeline] AutoDock-GPU completed: receptor_step2_TEOS.dlg (seed (20260812, 727588156, 731931324))
2026-08-31 18:24:00,226 [Pipeline] Parsed 25 clusters from receptor_step2_TEOS.dlg
2026-08-31 18:24:00,227 [Pipeline] Parsed 25 clusters from receptor_step2_TEOS.dlg
2026-08-31 18:24:00,227 [Pipeline] Parsed 25 clusters from receptor_step2_TEOS.dlg
2026-08-31 18:24:00,228 [Pipeline]     XL TEOS: BE=-3.42
2026-08-31 18:24:00,229 [Pipeline] Custom AD4 parameters (B, Si) written: /home/chan/Research/Monomer_screening_in_Bio/results/phase3/CD9/NSGA_8_FPBA/step3_TMOS/AD4_parameters_custom.dat
2026-08-31 18:24:00,229 [Pipeline] GPF written → /home/chan/Research/Monomer_screening_in_Bio/results/phase3/CD9/NSGA_8_FPBA/step3_TMOS/receptor_step2_TMOS.gpf
2026-08-31 18:24:01,666 [Pipeline] DPF written → /home/chan/Research/Monomer_screening_in_Bio/results/phase3/CD9/NSGA_8_FPBA/step3_TMOS/receptor_step2_TMOS.dpf
2026-08-31 18:24:01,666 [Pipeline] AutoDock-GPU settings not transferable from DPF: parameter_file: AD-GPU ignores it. Receptor-side Si/B parameters reach the run only through the AutoGrid maps; ligand-internal ones only through --modpair (applied) | ls_search_freq / set_psw1 / sw_*: AD-GPU uses ADADELTA local search at 100% rate; the DPF's Solis-Wets block does not apply and the GPU search protocol is NOT identical to AD4 CPU | ga_num_evals is a CEILING on the GPU: --autostop 1 ends a run on convergence, so the DLG's 'evaluations performed' is normally well below the configured budget
2026-08-31 18:24:02,461 [Pipeline] AutoDock-GPU completed: receptor_step2_TMOS.dlg (seed (20260812, 709148884, 749145836))
2026-08-31 18:24:02,462 [Pipeline] Parsed 25 clusters from receptor_step2_TMOS.dlg
2026-08-31 18:24:02,463 [Pipeline] Parsed 25 clusters from receptor_step2_TMOS.dlg
2026-08-31 18:24:02,463 [Pipeline] Parsed 25 clusters from receptor_step2_TMOS.dlg
2026-08-31 18:24:02,464 [Pipeline]     XL TMOS: BE=-3.36
2026-08-31 18:24:02,464 [Pipeline]     Best XL: TEOS (BE=-3.42)
2026-08-31 18:24:02,467 [Pipeline] Custom AD4 parameters (B, Si) written: /home/chan/Research/Monomer_screening_in_Bio/results/phase3/CD9/NSGA_8_FPBA/cross_CD63/step0_FPBA/AD4_parameters_custom.dat
2026-08-31 18:24:02,467 [Pipeline] GPF written → /home/chan/Research/Monomer_screening_in_Bio/results/phase3/CD9/NSGA_8_FPBA/cross_CD63/step0_FPBA/CD63_receptor_glyco_FPBA.gpf
2026-08-31 18:24:09,350 [Pipeline] DPF written → /home/chan/Research/Monomer_screening_in_Bio/results/phase3/CD9/NSGA_8_FPBA/cross_CD63/step0_FPBA/CD63_receptor_glyco_FPBA.dpf
2026-08-31 18:24:09,350 [Pipeline] AutoDock-GPU settings not transferable from DPF: parameter_file: AD-GPU ignores it. Receptor-side Si/B parameters reach the run only through the AutoGrid maps; ligand-internal ones only through --modpair (applied) | ls_search_freq / set_psw1 / sw_*: AD-GPU uses ADADELTA local search at 100% rate; the DPF's Solis-Wets block does not apply and the GPU search protocol is NOT identical to AD4 CPU | ga_num_evals is a CEILING on the GPU: --autostop 1 ends a run on convergence, so the DLG's 'evaluations performed' is normally well below the configured budget
2026-08-31 18:24:11,708 [Pipeline] AutoDock-GPU completed: CD63_receptor_glyco_FPBA.dlg (seed (20260812, 329769312, 331869792))
2026-08-31 18:24:11,709 [Pipeline] Parsed 25 clusters from CD63_receptor_glyco_FPBA.dlg
2026-08-31 18:24:11,709 [Pipeline] Parsed 25 clusters from CD63_receptor_glyco_FPBA.dlg
2026-08-31 18:24:11,710 [Pipeline] Parsed 25 clusters from CD63_receptor_glyco_FPBA.dlg
2026-08-31 18:24:11,711 [Pipeline] Merged receptor+ligand → /home/chan/Research/Monomer_screening_in_Bio/results/phase3/CD9/NSGA_8_FPBA/cross_CD63/receptor_step0.pdb
2026-08-31 18:24:11,967 [Pipeline] Receptor PDBQT [ADFR prepare_receptor4 (python2.7)] → /home/chan/Research/Monomer_screening_in_Bio/results/phase3/CD9/NSGA_8_FPBA/cross_CD63/receptor_step0.pdbqt
2026-08-31 18:24:11,968 [Pipeline]   charge check skipped (indeterminate: non-standard residues ['UNL']); net=+2.023 e
2026-08-31 18:24:11,971 [Pipeline] Custom AD4 parameters (B, Si) written: /home/chan/Research/Monomer_screening_in_Bio/results/phase3/CD9/NSGA_8_FPBA/cross_CD63/step1_APBA/AD4_parameters_custom.dat
2026-08-31 18:24:11,971 [Pipeline] GPF written → /home/chan/Research/Monomer_screening_in_Bio/results/phase3/CD9/NSGA_8_FPBA/cross_CD63/step1_APBA/receptor_step0_APBA.gpf
2026-08-31 18:24:17,990 [Pipeline] DPF written → /home/chan/Research/Monomer_screening_in_Bio/results/phase3/CD9/NSGA_8_FPBA/cross_CD63/step1_APBA/receptor_step0_APBA.dpf
2026-08-31 18:24:17,991 [Pipeline] AutoDock-GPU settings not transferable from DPF: parameter_file: AD-GPU ignores it. Receptor-side Si/B parameters reach the run only through the AutoGrid maps; ligand-internal ones only through --modpair (applied) | ls_search_freq / set_psw1 / sw_*: AD-GPU uses ADADELTA local search at 100% rate; the DPF's Solis-Wets block does not apply and the GPU search protocol is NOT identical to AD4 CPU | ga_num_evals is a CEILING on the GPU: --autostop 1 ends a run on convergence, so the DLG's 'evaluations performed' is normally well below the configured budget
2026-08-31 18:24:20,106 [Pipeline] AutoDock-GPU completed: receptor_step0_APBA.dlg (seed (20260812, 1559272050, 1593501066))
2026-08-31 18:24:20,107 [Pipeline] Parsed 25 clusters from receptor_step0_APBA.dlg
2026-08-31 18:24:20,107 [Pipeline] Parsed 25 clusters from receptor_step0_APBA.dlg
2026-08-31 18:24:20,108 [Pipeline] Parsed 25 clusters from receptor_step0_APBA.dlg
2026-08-31 18:24:20,109 [Pipeline] Merged receptor+ligand → /home/chan/Research/Monomer_screening_in_Bio/results/phase3/CD9/NSGA_8_FPBA/cross_CD63/receptor_step1.pdb
2026-08-31 18:24:20,358 [Pipeline] Receptor PDBQT [ADFR prepare_receptor4 (python2.7)] → /home/chan/Research/Monomer_screening_in_Bio/results/phase3/CD9/NSGA_8_FPBA/cross_CD63/receptor_step1.pdbqt
2026-08-31 18:24:20,359 [Pipeline]   charge check skipped (indeterminate: non-standard residues ['UNL']); net=+2.025 e
2026-08-31 18:24:20,361 [Pipeline] Custom AD4 parameters (B, Si) written: /home/chan/Research/Monomer_screening_in_Bio/results/phase3/CD9/NSGA_8_FPBA/cross_CD63/step2_IBTES/AD4_parameters_custom.dat
2026-08-31 18:24:20,361 [Pipeline] GPF written → /home/chan/Research/Monomer_screening_in_Bio/results/phase3/CD9/NSGA_8_FPBA/cross_CD63/step2_IBTES/receptor_step1_IBTES.gpf
2026-08-31 18:24:24,864 [Pipeline] DPF written → /home/chan/Research/Monomer_screening_in_Bio/results/phase3/CD9/NSGA_8_FPBA/cross_CD63/step2_IBTES/receptor_step1_IBTES.dpf
2026-08-31 18:24:24,865 [Pipeline] AutoDock-GPU settings not transferable from DPF: parameter_file: AD-GPU ignores it. Receptor-side Si/B parameters reach the run only through the AutoGrid maps; ligand-internal ones only through --modpair (applied) | ls_search_freq / set_psw1 / sw_*: AD-GPU uses ADADELTA local search at 100% rate; the DPF's Solis-Wets block does not apply and the GPU search protocol is NOT identical to AD4 CPU | ga_num_evals is a CEILING on the GPU: --autostop 1 ends a run on convergence, so the DLG's 'evaluations performed' is normally well below the configured budget
2026-08-31 18:24:26,750 [Pipeline] AutoDock-GPU completed: receptor_step1_IBTES.dlg (seed (20260812, 958535893, 961308389))
2026-08-31 18:24:26,751 [Pipeline] Parsed 25 clusters from receptor_step1_IBTES.dlg
2026-08-31 18:24:26,752 [Pipeline] Parsed 25 clusters from receptor_step1_IBTES.dlg
2026-08-31 18:24:26,753 [Pipeline] Parsed 25 clusters from receptor_step1_IBTES.dlg
2026-08-31 18:24:26,753 [Pipeline] Merged receptor+ligand → /home/chan/Research/Monomer_screening_in_Bio/results/phase3/CD9/NSGA_8_FPBA/cross_CD63/receptor_step2.pdb
2026-08-31 18:24:27,012 [Pipeline] Receptor PDBQT [ADFR prepare_receptor4 (python2.7)] → /home/chan/Research/Monomer_screening_in_Bio/results/phase3/CD9/NSGA_8_FPBA/cross_CD63/receptor_step2.pdbqt
2026-08-31 18:24:27,013 [Pipeline]   charge check skipped (indeterminate: non-standard residues ['UNL']); net=+2.024 e
2026-08-31 18:24:27,015 [Pipeline] Custom AD4 parameters (B, Si) written: /home/chan/Research/Monomer_screening_in_Bio/results/phase3/CD9/NSGA_8_FPBA/cross_CD63/step3_TEOS/AD4_parameters_custom.dat
2026-08-31 18:24:27,016 [Pipeline] GPF written → /home/chan/Research/Monomer_screening_in_Bio/results/phase3/CD9/NSGA_8_FPBA/cross_CD63/step3_TEOS/receptor_step2_TEOS.gpf
2026-08-31 18:24:32,792 [Pipeline] DPF written → /home/chan/Research/Monomer_screening_in_Bio/results/phase3/CD9/NSGA_8_FPBA/cross_CD63/step3_TEOS/receptor_step2_TEOS.dpf
2026-08-31 18:24:32,792 [Pipeline] AutoDock-GPU settings not transferable from DPF: parameter_file: AD-GPU ignores it. Receptor-side Si/B parameters reach the run only through the AutoGrid maps; ligand-internal ones only through --modpair (applied) | ls_search_freq / set_psw1 / sw_*: AD-GPU uses ADADELTA local search at 100% rate; the DPF's Solis-Wets block does not apply and the GPU search protocol is NOT identical to AD4 CPU | ga_num_evals is a CEILING on the GPU: --autostop 1 ends a run on convergence, so the DLG's 'evaluations performed' is normally well below the configured budget
2026-08-31 18:24:34,671 [Pipeline] AutoDock-GPU completed: receptor_step2_TEOS.dlg (seed (20260812, 727588156, 731931324))
2026-08-31 18:24:34,672 [Pipeline] Parsed 25 clusters from receptor_step2_TEOS.dlg
2026-08-31 18:24:34,673 [Pipeline] Parsed 25 clusters from receptor_step2_TEOS.dlg
2026-08-31 18:24:34,674 [Pipeline] Parsed 25 clusters from receptor_step2_TEOS.dlg
2026-08-31 18:24:34,674 [Pipeline]     XL TEOS: BE=-3.03
2026-08-31 18:24:34,677 [Pipeline] Custom AD4 parameters (B, Si) written: /home/chan/Research/Monomer_screening_in_Bio/results/phase3/CD9/NSGA_8_FPBA/cross_CD63/step3_TMOS/AD4_parameters_custom.dat
2026-08-31 18:24:34,677 [Pipeline] GPF written → /home/chan/Research/Monomer_screening_in_Bio/results/phase3/CD9/NSGA_8_FPBA/cross_CD63/step3_TMOS/receptor_step2_TMOS.gpf
2026-08-31 18:24:41,348 [Pipeline] DPF written → /home/chan/Research/Monomer_screening_in_Bio/results/phase3/CD9/NSGA_8_FPBA/cross_CD63/step3_TMOS/receptor_step2_TMOS.dpf
2026-08-31 18:24:41,348 [Pipeline] AutoDock-GPU settings not transferable from DPF: parameter_file: AD-GPU ignores it. Receptor-side Si/B parameters reach the run only through the AutoGrid maps; ligand-internal ones only through --modpair (applied) | ls_search_freq / set_psw1 / sw_*: AD-GPU uses ADADELTA local search at 100% rate; the DPF's Solis-Wets block does not apply and the GPU search protocol is NOT identical to AD4 CPU | ga_num_evals is a CEILING on the GPU: --autostop 1 ends a run on convergence, so the DLG's 'evaluations performed' is normally well below the configured budget
2026-08-31 18:24:43,052 [Pipeline] AutoDock-GPU completed: receptor_step2_TMOS.dlg (seed (20260812, 709148884, 749145836))
2026-08-31 18:24:43,053 [Pipeline] Parsed 25 clusters from receptor_step2_TMOS.dlg
2026-08-31 18:24:43,053 [Pipeline] Parsed 25 clusters from receptor_step2_TMOS.dlg
2026-08-31 18:24:43,054 [Pipeline] Parsed 25 clusters from receptor_step2_TMOS.dlg
2026-08-31 18:24:43,054 [Pipeline]     XL TMOS: BE=-2.90
2026-08-31 18:24:43,054 [Pipeline]     Best XL: TEOS (BE=-3.03)
2026-08-31 18:24:43,057 [Pipeline] Custom AD4 parameters (B, Si) written: /home/chan/Research/Monomer_screening_in_Bio/results/phase3/CD9/NSGA_8_FPBA/cross_CD81/step0_FPBA/AD4_parameters_custom.dat
2026-08-31 18:24:43,057 [Pipeline] GPF written → /home/chan/Research/Monomer_screening_in_Bio/results/phase3/CD9/NSGA_8_FPBA/cross_CD81/step0_FPBA/CD81_receptor_FPBA.gpf
2026-08-31 18:24:44,764 [Pipeline] DPF written → /home/chan/Research/Monomer_screening_in_Bio/results/phase3/CD9/NSGA_8_FPBA/cross_CD81/step0_FPBA/CD81_receptor_FPBA.dpf
2026-08-31 18:24:44,765 [Pipeline] AutoDock-GPU settings not transferable from DPF: parameter_file: AD-GPU ignores it. Receptor-side Si/B parameters reach the run only through the AutoGrid maps; ligand-internal ones only through --modpair (applied) | ls_search_freq / set_psw1 / sw_*: AD-GPU uses ADADELTA local search at 100% rate; the DPF's Solis-Wets block does not apply and the GPU search protocol is NOT identical to AD4 CPU | ga_num_evals is a CEILING on the GPU: --autostop 1 ends a run on convergence, so the DLG's 'evaluations performed' is normally well below the configured budget
2026-08-31 18:24:45,818 [Pipeline] AutoDock-GPU completed: CD81_receptor_FPBA.dlg (seed (20260812, 1063573366, 1065818246))
2026-08-31 18:24:45,819 [Pipeline] Parsed 25 clusters from CD81_receptor_FPBA.dlg
2026-08-31 18:24:45,820 [Pipeline] Parsed 25 clusters from CD81_receptor_FPBA.dlg
2026-08-31 18:24:45,821 [Pipeline] Parsed 25 clusters from CD81_receptor_FPBA.dlg
2026-08-31 18:24:45,821 [Pipeline] Merged receptor+ligand → /home/chan/Research/Monomer_screening_in_Bio/results/phase3/CD9/NSGA_8_FPBA/cross_CD81/receptor_step0.pdb
2026-08-31 18:24:46,027 [Pipeline] Receptor PDBQT [ADFR prepare_receptor4 (python2.7)] → /home/chan/Research/Monomer_screening_in_Bio/results/phase3/CD9/NSGA_8_FPBA/cross_CD81/receptor_step0.pdbqt
2026-08-31 18:24:46,028 [Pipeline]   charge check skipped (indeterminate: non-standard residues ['UNL']); net=-1.964 e
2026-08-31 18:24:46,030 [Pipeline] Custom AD4 parameters (B, Si) written: /home/chan/Research/Monomer_screening_in_Bio/results/phase3/CD9/NSGA_8_FPBA/cross_CD81/step1_APBA/AD4_parameters_custom.dat
2026-08-31 18:24:46,030 [Pipeline] GPF written → /home/chan/Research/Monomer_screening_in_Bio/results/phase3/CD9/NSGA_8_FPBA/cross_CD81/step1_APBA/receptor_step0_APBA.gpf
2026-08-31 18:24:47,790 [Pipeline] DPF written → /home/chan/Research/Monomer_screening_in_Bio/results/phase3/CD9/NSGA_8_FPBA/cross_CD81/step1_APBA/receptor_step0_APBA.dpf
2026-08-31 18:24:47,791 [Pipeline] AutoDock-GPU settings not transferable from DPF: parameter_file: AD-GPU ignores it. Receptor-side Si/B parameters reach the run only through the AutoGrid maps; ligand-internal ones only through --modpair (applied) | ls_search_freq / set_psw1 / sw_*: AD-GPU uses ADADELTA local search at 100% rate; the DPF's Solis-Wets block does not apply and the GPU search protocol is NOT identical to AD4 CPU | ga_num_evals is a CEILING on the GPU: --autostop 1 ends a run on convergence, so the DLG's 'evaluations performed' is normally well below the configured budget
2026-08-31 18:24:48,912 [Pipeline] AutoDock-GPU completed: receptor_step0_APBA.dlg (seed (20260812, 1559272050, 1593501066))
2026-08-31 18:24:48,913 [Pipeline] Parsed 25 clusters from receptor_step0_APBA.dlg
2026-08-31 18:24:48,914 [Pipeline] Parsed 25 clusters from receptor_step0_APBA.dlg
2026-08-31 18:24:48,915 [Pipeline] Parsed 25 clusters from receptor_step0_APBA.dlg
2026-08-31 18:24:48,915 [Pipeline] Merged receptor+ligand → /home/chan/Research/Monomer_screening_in_Bio/results/phase3/CD9/NSGA_8_FPBA/cross_CD81/receptor_step1.pdb
2026-08-31 18:24:49,115 [Pipeline] Receptor PDBQT [ADFR prepare_receptor4 (python2.7)] → /home/chan/Research/Monomer_screening_in_Bio/results/phase3/CD9/NSGA_8_FPBA/cross_CD81/receptor_step1.pdbqt
2026-08-31 18:24:49,115 [Pipeline]   charge check skipped (indeterminate: non-standard residues ['UNL']); net=-1.962 e
2026-08-31 18:24:49,117 [Pipeline] Custom AD4 parameters (B, Si) written: /home/chan/Research/Monomer_screening_in_Bio/results/phase3/CD9/NSGA_8_FPBA/cross_CD81/step2_IBTES/AD4_parameters_custom.dat
2026-08-31 18:24:49,118 [Pipeline] GPF written → /home/chan/Research/Monomer_screening_in_Bio/results/phase3/CD9/NSGA_8_FPBA/cross_CD81/step2_IBTES/receptor_step1_IBTES.gpf
2026-08-31 18:24:50,827 [Pipeline] DPF written → /home/chan/Research/Monomer_screening_in_Bio/results/phase3/CD9/NSGA_8_FPBA/cross_CD81/step2_IBTES/receptor_step1_IBTES.dpf
2026-08-31 18:24:50,827 [Pipeline] AutoDock-GPU settings not transferable from DPF: parameter_file: AD-GPU ignores it. Receptor-side Si/B parameters reach the run only through the AutoGrid maps; ligand-internal ones only through --modpair (applied) | ls_search_freq / set_psw1 / sw_*: AD-GPU uses ADADELTA local search at 100% rate; the DPF's Solis-Wets block does not apply and the GPU search protocol is NOT identical to AD4 CPU | ga_num_evals is a CEILING on the GPU: --autostop 1 ends a run on convergence, so the DLG's 'evaluations performed' is normally well below the configured budget
2026-08-31 18:24:51,868 [Pipeline] AutoDock-GPU completed: receptor_step1_IBTES.dlg (seed (20260812, 958535893, 961308389))
2026-08-31 18:24:51,869 [Pipeline] Parsed 25 clusters from receptor_step1_IBTES.dlg
2026-08-31 18:24:51,870 [Pipeline] Parsed 25 clusters from receptor_step1_IBTES.dlg
2026-08-31 18:24:51,871 [Pipeline] Parsed 25 clusters from receptor_step1_IBTES.dlg
2026-08-31 18:24:51,872 [Pipeline] Merged receptor+ligand → /home/chan/Research/Monomer_screening_in_Bio/results/phase3/CD9/NSGA_8_FPBA/cross_CD81/receptor_step2.pdb
2026-08-31 18:24:52,081 [Pipeline] Receptor PDBQT [ADFR prepare_receptor4 (python2.7)] → /home/chan/Research/Monomer_screening_in_Bio/results/phase3/CD9/NSGA_8_FPBA/cross_CD81/receptor_step2.pdbqt
2026-08-31 18:24:52,082 [Pipeline]   charge check skipped (indeterminate: non-standard residues ['UNL']); net=-1.963 e
2026-08-31 18:24:52,084 [Pipeline] Custom AD4 parameters (B, Si) written: /home/chan/Research/Monomer_screening_in_Bio/results/phase3/CD9/NSGA_8_FPBA/cross_CD81/step3_TEOS/AD4_parameters_custom.dat
2026-08-31 18:24:52,084 [Pipeline] GPF written → /home/chan/Research/Monomer_screening_in_Bio/results/phase3/CD9/NSGA_8_FPBA/cross_CD81/step3_TEOS/receptor_step2_TEOS.gpf
2026-08-31 18:24:52,492 [Pipeline] DPF written → /home/chan/Research/Monomer_screening_in_Bio/results/phase3/CD9/NSGA_8_FPBA/cross_CD81/step3_TEOS/receptor_step2_TEOS.dpf
2026-08-31 18:24:52,492 [Pipeline] AutoDock-GPU settings not transferable from DPF: parameter_file: AD-GPU ignores it. Receptor-side Si/B parameters reach the run only through the AutoGrid maps; ligand-internal ones only through --modpair (applied) | ls_search_freq / set_psw1 / sw_*: AD-GPU uses ADADELTA local search at 100% rate; the DPF's Solis-Wets block does not apply and the GPU search protocol is NOT identical to AD4 CPU | ga_num_evals is a CEILING on the GPU: --autostop 1 ends a run on convergence, so the DLG's 'evaluations performed' is normally well below the configured budget
2026-08-31 18:24:53,579 [Pipeline] AutoDock-GPU completed: receptor_step2_TEOS.dlg (seed (20260812, 727588156, 731931324))
2026-08-31 18:24:53,580 [Pipeline] Parsed 25 clusters from receptor_step2_TEOS.dlg
2026-08-31 18:24:53,581 [Pipeline] Parsed 25 clusters from receptor_step2_TEOS.dlg
2026-08-31 18:24:53,582 [Pipeline] Parsed 25 clusters from receptor_step2_TEOS.dlg
2026-08-31 18:24:53,582 [Pipeline]     XL TEOS: BE=-3.17
2026-08-31 18:24:53,584 [Pipeline] Custom AD4 parameters (B, Si) written: /home/chan/Research/Monomer_screening_in_Bio/results/phase3/CD9/NSGA_8_FPBA/cross_CD81/step3_TMOS/AD4_parameters_custom.dat
2026-08-31 18:24:53,584 [Pipeline] GPF written → /home/chan/Research/Monomer_screening_in_Bio/results/phase3/CD9/NSGA_8_FPBA/cross_CD81/step3_TMOS/receptor_step2_TMOS.gpf
2026-08-31 18:24:55,351 [Pipeline] DPF written → /home/chan/Research/Monomer_screening_in_Bio/results/phase3/CD9/NSGA_8_FPBA/cross_CD81/step3_TMOS/receptor_step2_TMOS.dpf
2026-08-31 18:24:55,351 [Pipeline] AutoDock-GPU settings not transferable from DPF: parameter_file: AD-GPU ignores it. Receptor-side Si/B parameters reach the run only through the AutoGrid maps; ligand-internal ones only through --modpair (applied) | ls_search_freq / set_psw1 / sw_*: AD-GPU uses ADADELTA local search at 100% rate; the DPF's Solis-Wets block does not apply and the GPU search protocol is NOT identical to AD4 CPU | ga_num_evals is a CEILING on the GPU: --autostop 1 ends a run on convergence, so the DLG's 'evaluations performed' is normally well below the configured budget
2026-08-31 18:24:56,256 [Pipeline] AutoDock-GPU completed: receptor_step2_TMOS.dlg (seed (20260812, 709148884, 749145836))
2026-08-31 18:24:56,257 [Pipeline] Parsed 25 clusters from receptor_step2_TMOS.dlg
2026-08-31 18:24:56,257 [Pipeline] Parsed 25 clusters from receptor_step2_TMOS.dlg
2026-08-31 18:24:56,258 [Pipeline] Parsed 25 clusters from receptor_step2_TMOS.dlg
2026-08-31 18:24:56,258 [Pipeline]     XL TMOS: BE=-3.03
2026-08-31 18:24:56,258 [Pipeline]     Best XL: TEOS (BE=-3.17)
2026-08-31 18:24:56,258 [Pipeline]     NSGA_8_FPBA ΔΔG=-0.17 kcal/mol, penalty=0.41 → obj=-3.717
2026-08-31 18:24:56,259 [Pipeline]   NSGA[8]: ['FPBA', 'APBA', 'IBTES'] → aff=-4.41, sel=0.45, synth=9.2/10, ΔΔG=-0.17
2026-08-31 18:24:56,263 [Pipeline] Custom AD4 parameters (B, Si) written: /home/chan/Research/Monomer_screening_in_Bio/results/phase3/CD9/NSGA_9_IBTES/step0_FPBA/AD4_parameters_custom.dat
2026-08-31 18:24:56,263 [Pipeline] GPF written → /home/chan/Research/Monomer_screening_in_Bio/results/phase3/CD9/NSGA_9_IBTES/step0_FPBA/CD9_receptor_FPBA.gpf
2026-08-31 18:24:57,660 [Pipeline] DPF written → /home/chan/Research/Monomer_screening_in_Bio/results/phase3/CD9/NSGA_9_IBTES/step0_FPBA/CD9_receptor_FPBA.dpf
2026-08-31 18:24:57,660 [Pipeline] AutoDock-GPU settings not transferable from DPF: parameter_file: AD-GPU ignores it. Receptor-side Si/B parameters reach the run only through the AutoGrid maps; ligand-internal ones only through --modpair (applied) | ls_search_freq / set_psw1 / sw_*: AD-GPU uses ADADELTA local search at 100% rate; the DPF's Solis-Wets block does not apply and the GPU search protocol is NOT identical to AD4 CPU | ga_num_evals is a CEILING on the GPU: --autostop 1 ends a run on convergence, so the DLG's 'evaluations performed' is normally well below the configured budget
2026-08-31 18:24:58,630 [Pipeline] AutoDock-GPU completed: CD9_receptor_FPBA.dlg (seed (20260812, 1964201909, 1968937029))
2026-08-31 18:24:58,630 [Pipeline] Parsed 25 clusters from CD9_receptor_FPBA.dlg
2026-08-31 18:24:58,631 [Pipeline] Parsed 25 clusters from CD9_receptor_FPBA.dlg
2026-08-31 18:24:58,632 [Pipeline] Parsed 25 clusters from CD9_receptor_FPBA.dlg
2026-08-31 18:24:58,632 [Pipeline] Merged receptor+ligand → /home/chan/Research/Monomer_screening_in_Bio/results/phase3/CD9/NSGA_9_IBTES/receptor_step0.pdb
2026-08-31 18:24:58,833 [Pipeline] Receptor PDBQT [ADFR prepare_receptor4 (python2.7)] → /home/chan/Research/Monomer_screening_in_Bio/results/phase3/CD9/NSGA_9_IBTES/receptor_step0.pdbqt
2026-08-31 18:24:58,834 [Pipeline]   charge check skipped (indeterminate: non-standard residues ['UNL']); net=-0.971 e
2026-08-31 18:24:58,836 [Pipeline] Custom AD4 parameters (B, Si) written: /home/chan/Research/Monomer_screening_in_Bio/results/phase3/CD9/NSGA_9_IBTES/step1_APBA/AD4_parameters_custom.dat
2026-08-31 18:24:58,836 [Pipeline] GPF written → /home/chan/Research/Monomer_screening_in_Bio/results/phase3/CD9/NSGA_9_IBTES/step1_APBA/receptor_step0_APBA.gpf
2026-08-31 18:25:00,294 [Pipeline] DPF written → /home/chan/Research/Monomer_screening_in_Bio/results/phase3/CD9/NSGA_9_IBTES/step1_APBA/receptor_step0_APBA.dpf
2026-08-31 18:25:00,294 [Pipeline] AutoDock-GPU settings not transferable from DPF: parameter_file: AD-GPU ignores it. Receptor-side Si/B parameters reach the run only through the AutoGrid maps; ligand-internal ones only through --modpair (applied) | ls_search_freq / set_psw1 / sw_*: AD-GPU uses ADADELTA local search at 100% rate; the DPF's Solis-Wets block does not apply and the GPU search protocol is NOT identical to AD4 CPU | ga_num_evals is a CEILING on the GPU: --autostop 1 ends a run on convergence, so the DLG's 'evaluations performed' is normally well below the configured budget
2026-08-31 18:25:01,266 [Pipeline] AutoDock-GPU completed: receptor_step0_APBA.dlg (seed (20260812, 1559272050, 1593501066))
2026-08-31 18:25:01,266 [Pipeline] Parsed 25 clusters from receptor_step0_APBA.dlg
2026-08-31 18:25:01,267 [Pipeline] Parsed 25 clusters from receptor_step0_APBA.dlg
2026-08-31 18:25:01,268 [Pipeline] Parsed 25 clusters from receptor_step0_APBA.dlg
2026-08-31 18:25:01,268 [Pipeline] Merged receptor+ligand → /home/chan/Research/Monomer_screening_in_Bio/results/phase3/CD9/NSGA_9_IBTES/receptor_step1.pdb
2026-08-31 18:25:01,471 [Pipeline] Receptor PDBQT [ADFR prepare_receptor4 (python2.7)] → /home/chan/Research/Monomer_screening_in_Bio/results/phase3/CD9/NSGA_9_IBTES/receptor_step1.pdbqt
2026-08-31 18:25:01,472 [Pipeline]   charge check skipped (indeterminate: non-standard residues ['UNL']); net=-0.969 e
2026-08-31 18:25:01,474 [Pipeline] Custom AD4 parameters (B, Si) written: /home/chan/Research/Monomer_screening_in_Bio/results/phase3/CD9/NSGA_9_IBTES/step2_PTES/AD4_parameters_custom.dat
2026-08-31 18:25:01,474 [Pipeline] GPF written → /home/chan/Research/Monomer_screening_in_Bio/results/phase3/CD9/NSGA_9_IBTES/step2_PTES/receptor_step1_PTES.gpf
2026-08-31 18:25:02,906 [Pipeline] DPF written → /home/chan/Research/Monomer_screening_in_Bio/results/phase3/CD9/NSGA_9_IBTES/step2_PTES/receptor_step1_PTES.dpf
2026-08-31 18:25:02,906 [Pipeline] AutoDock-GPU settings not transferable from DPF: parameter_file: AD-GPU ignores it. Receptor-side Si/B parameters reach the run only through the AutoGrid maps; ligand-internal ones only through --modpair (applied) | ls_search_freq / set_psw1 / sw_*: AD-GPU uses ADADELTA local search at 100% rate; the DPF's Solis-Wets block does not apply and the GPU search protocol is NOT identical to AD4 CPU | ga_num_evals is a CEILING on the GPU: --autostop 1 ends a run on convergence, so the DLG's 'evaluations performed' is normally well below the configured budget
2026-08-31 18:25:04,002 [Pipeline] AutoDock-GPU completed: receptor_step1_PTES.dlg (seed (20260812, 1379640900, 1413720404))
2026-08-31 18:25:04,003 [Pipeline] Parsed 25 clusters from receptor_step1_PTES.dlg
2026-08-31 18:25:04,004 [Pipeline] Parsed 25 clusters from receptor_step1_PTES.dlg
2026-08-31 18:25:04,005 [Pipeline] Parsed 25 clusters from receptor_step1_PTES.dlg
2026-08-31 18:25:04,005 [Pipeline] Merged receptor+ligand → /home/chan/Research/Monomer_screening_in_Bio/results/phase3/CD9/NSGA_9_IBTES/receptor_step2.pdb
2026-08-31 18:25:04,209 [Pipeline] Receptor PDBQT [ADFR prepare_receptor4 (python2.7)] → /home/chan/Research/Monomer_screening_in_Bio/results/phase3/CD9/NSGA_9_IBTES/receptor_step2.pdbqt
2026-08-31 18:25:04,209 [Pipeline]   charge check skipped (indeterminate: non-standard residues ['UNL']); net=-0.969 e
2026-08-31 18:25:04,211 [Pipeline] Custom AD4 parameters (B, Si) written: /home/chan/Research/Monomer_screening_in_Bio/results/phase3/CD9/NSGA_9_IBTES/step3_TTMS/AD4_parameters_custom.dat
2026-08-31 18:25:04,211 [Pipeline] GPF written → /home/chan/Research/Monomer_screening_in_Bio/results/phase3/CD9/NSGA_9_IBTES/step3_TTMS/receptor_step2_TTMS.gpf
2026-08-31 18:25:05,652 [Pipeline] DPF written → /home/chan/Research/Monomer_screening_in_Bio/results/phase3/CD9/NSGA_9_IBTES/step3_TTMS/receptor_step2_TTMS.dpf
2026-08-31 18:25:05,652 [Pipeline] AutoDock-GPU settings not transferable from DPF: parameter_file: AD-GPU ignores it. Receptor-side Si/B parameters reach the run only through the AutoGrid maps; ligand-internal ones only through --modpair (applied) | ls_search_freq / set_psw1 / sw_*: AD-GPU uses ADADELTA local search at 100% rate; the DPF's Solis-Wets block does not apply and the GPU search protocol is NOT identical to AD4 CPU | ga_num_evals is a CEILING on the GPU: --autostop 1 ends a run on convergence, so the DLG's 'evaluations performed' is normally well below the configured budget
2026-08-31 18:25:06,551 [Pipeline] AutoDock-GPU completed: receptor_step2_TTMS.dlg (seed (20260812, 1821052748, 1861439564))
2026-08-31 18:25:06,552 [Pipeline] Parsed 25 clusters from receptor_step2_TTMS.dlg
2026-08-31 18:25:06,552 [Pipeline] Parsed 25 clusters from receptor_step2_TTMS.dlg
2026-08-31 18:25:06,553 [Pipeline] Parsed 25 clusters from receptor_step2_TTMS.dlg
2026-08-31 18:25:06,554 [Pipeline] Merged receptor+ligand → /home/chan/Research/Monomer_screening_in_Bio/results/phase3/CD9/NSGA_9_IBTES/receptor_step3.pdb
2026-08-31 18:25:06,767 [Pipeline] Receptor PDBQT [ADFR prepare_receptor4 (python2.7)] → /home/chan/Research/Monomer_screening_in_Bio/results/phase3/CD9/NSGA_9_IBTES/receptor_step3.pdbqt
2026-08-31 18:25:06,768 [Pipeline]   charge check skipped (indeterminate: non-standard residues ['UNL']); net=-0.969 e
2026-08-31 18:25:06,769 [Pipeline] Custom AD4 parameters (B, Si) written: /home/chan/Research/Monomer_screening_in_Bio/results/phase3/CD9/NSGA_9_IBTES/step4_IBTES/AD4_parameters_custom.dat
2026-08-31 18:25:06,770 [Pipeline] GPF written → /home/chan/Research/Monomer_screening_in_Bio/results/phase3/CD9/NSGA_9_IBTES/step4_IBTES/receptor_step3_IBTES.gpf
2026-08-31 18:25:08,174 [Pipeline] DPF written → /home/chan/Research/Monomer_screening_in_Bio/results/phase3/CD9/NSGA_9_IBTES/step4_IBTES/receptor_step3_IBTES.dpf
2026-08-31 18:25:08,175 [Pipeline] AutoDock-GPU settings not transferable from DPF: parameter_file: AD-GPU ignores it. Receptor-side Si/B parameters reach the run only through the AutoGrid maps; ligand-internal ones only through --modpair (applied) | ls_search_freq / set_psw1 / sw_*: AD-GPU uses ADADELTA local search at 100% rate; the DPF's Solis-Wets block does not apply and the GPU search protocol is NOT identical to AD4 CPU | ga_num_evals is a CEILING on the GPU: --autostop 1 ends a run on convergence, so the DLG's 'evaluations performed' is normally well below the configured budget
2026-08-31 18:25:09,474 [Pipeline] AutoDock-GPU completed: receptor_step3_IBTES.dlg (seed (20260812, 872205429, 872354693))
2026-08-31 18:25:09,475 [Pipeline] Parsed 25 clusters from receptor_step3_IBTES.dlg
2026-08-31 18:25:09,475 [Pipeline] Parsed 25 clusters from receptor_step3_IBTES.dlg
2026-08-31 18:25:09,476 [Pipeline] Parsed 25 clusters from receptor_step3_IBTES.dlg
2026-08-31 18:25:09,477 [Pipeline] Merged receptor+ligand → /home/chan/Research/Monomer_screening_in_Bio/results/phase3/CD9/NSGA_9_IBTES/receptor_step4.pdb
2026-08-31 18:25:09,690 [Pipeline] Receptor PDBQT [ADFR prepare_receptor4 (python2.7)] → /home/chan/Research/Monomer_screening_in_Bio/results/phase3/CD9/NSGA_9_IBTES/receptor_step4.pdbqt
2026-08-31 18:25:09,691 [Pipeline]   charge check skipped (indeterminate: non-standard residues ['UNL']); net=-0.970 e
2026-08-31 18:25:09,693 [Pipeline] Custom AD4 parameters (B, Si) written: /home/chan/Research/Monomer_screening_in_Bio/results/phase3/CD9/NSGA_9_IBTES/step5_TEOS/AD4_parameters_custom.dat
2026-08-31 18:25:09,693 [Pipeline] GPF written → /home/chan/Research/Monomer_screening_in_Bio/results/phase3/CD9/NSGA_9_IBTES/step5_TEOS/receptor_step4_TEOS.gpf
2026-08-31 18:25:11,105 [Pipeline] DPF written → /home/chan/Research/Monomer_screening_in_Bio/results/phase3/CD9/NSGA_9_IBTES/step5_TEOS/receptor_step4_TEOS.dpf
2026-08-31 18:25:11,106 [Pipeline] AutoDock-GPU settings not transferable from DPF: parameter_file: AD-GPU ignores it. Receptor-side Si/B parameters reach the run only through the AutoGrid maps; ligand-internal ones only through --modpair (applied) | ls_search_freq / set_psw1 / sw_*: AD-GPU uses ADADELTA local search at 100% rate; the DPF's Solis-Wets block does not apply and the GPU search protocol is NOT identical to AD4 CPU | ga_num_evals is a CEILING on the GPU: --autostop 1 ends a run on convergence, so the DLG's 'evaluations performed' is normally well below the configured budget
2026-08-31 18:25:11,970 [Pipeline] AutoDock-GPU completed: receptor_step4_TEOS.dlg (seed (20260812, 1270892758, 1277859558))
2026-08-31 18:25:11,971 [Pipeline] Parsed 25 clusters from receptor_step4_TEOS.dlg
2026-08-31 18:25:11,972 [Pipeline] Parsed 25 clusters from receptor_step4_TEOS.dlg
2026-08-31 18:25:11,973 [Pipeline] Parsed 25 clusters from receptor_step4_TEOS.dlg
2026-08-31 18:25:11,973 [Pipeline]     XL TEOS: BE=-2.66
2026-08-31 18:25:11,975 [Pipeline] Custom AD4 parameters (B, Si) written: /home/chan/Research/Monomer_screening_in_Bio/results/phase3/CD9/NSGA_9_IBTES/step5_TMOS/AD4_parameters_custom.dat
2026-08-31 18:25:11,975 [Pipeline] GPF written → /home/chan/Research/Monomer_screening_in_Bio/results/phase3/CD9/NSGA_9_IBTES/step5_TMOS/receptor_step4_TMOS.gpf
2026-08-31 18:25:13,414 [Pipeline] DPF written → /home/chan/Research/Monomer_screening_in_Bio/results/phase3/CD9/NSGA_9_IBTES/step5_TMOS/receptor_step4_TMOS.dpf
2026-08-31 18:25:13,414 [Pipeline] AutoDock-GPU settings not transferable from DPF: parameter_file: AD-GPU ignores it. Receptor-side Si/B parameters reach the run only through the AutoGrid maps; ligand-internal ones only through --modpair (applied) | ls_search_freq / set_psw1 / sw_*: AD-GPU uses ADADELTA local search at 100% rate; the DPF's Solis-Wets block does not apply and the GPU search protocol is NOT identical to AD4 CPU | ga_num_evals is a CEILING on the GPU: --autostop 1 ends a run on convergence, so the DLG's 'evaluations performed' is normally well below the configured budget
2026-08-31 18:25:14,221 [Pipeline] AutoDock-GPU completed: receptor_step4_TMOS.dlg (seed (20260812, 594624773, 595168917))
2026-08-31 18:25:14,222 [Pipeline] Parsed 25 clusters from receptor_step4_TMOS.dlg
2026-08-31 18:25:14,222 [Pipeline] Parsed 25 clusters from receptor_step4_TMOS.dlg
2026-08-31 18:25:14,223 [Pipeline] Parsed 25 clusters from receptor_step4_TMOS.dlg
2026-08-31 18:25:14,223 [Pipeline]     XL TMOS: BE=-2.76
2026-08-31 18:25:14,223 [Pipeline]     Best XL: TMOS (BE=-2.76)
2026-08-31 18:25:14,226 [Pipeline] Custom AD4 parameters (B, Si) written: /home/chan/Research/Monomer_screening_in_Bio/results/phase3/CD9/NSGA_9_IBTES/cross_CD63/step0_FPBA/AD4_parameters_custom.dat
2026-08-31 18:25:14,226 [Pipeline] GPF written → /home/chan/Research/Monomer_screening_in_Bio/results/phase3/CD9/NSGA_9_IBTES/cross_CD63/step0_FPBA/CD63_receptor_glyco_FPBA.gpf
2026-08-31 18:25:21,088 [Pipeline] DPF written → /home/chan/Research/Monomer_screening_in_Bio/results/phase3/CD9/NSGA_9_IBTES/cross_CD63/step0_FPBA/CD63_receptor_glyco_FPBA.dpf
2026-08-31 18:25:21,088 [Pipeline] AutoDock-GPU settings not transferable from DPF: parameter_file: AD-GPU ignores it. Receptor-side Si/B parameters reach the run only through the AutoGrid maps; ligand-internal ones only through --modpair (applied) | ls_search_freq / set_psw1 / sw_*: AD-GPU uses ADADELTA local search at 100% rate; the DPF's Solis-Wets block does not apply and the GPU search protocol is NOT identical to AD4 CPU | ga_num_evals is a CEILING on the GPU: --autostop 1 ends a run on convergence, so the DLG's 'evaluations performed' is normally well below the configured budget
2026-08-31 18:25:23,237 [Pipeline] AutoDock-GPU completed: CD63_receptor_glyco_FPBA.dlg (seed (20260812, 329769312, 331869792))
2026-08-31 18:25:23,237 [Pipeline] Parsed 25 clusters from CD63_receptor_glyco_FPBA.dlg
2026-08-31 18:25:23,238 [Pipeline] Parsed 25 clusters from CD63_receptor_glyco_FPBA.dlg
2026-08-31 18:25:23,239 [Pipeline] Parsed 25 clusters from CD63_receptor_glyco_FPBA.dlg
2026-08-31 18:25:23,239 [Pipeline] Merged receptor+ligand → /home/chan/Research/Monomer_screening_in_Bio/results/phase3/CD9/NSGA_9_IBTES/cross_CD63/receptor_step0.pdb
2026-08-31 18:25:23,488 [Pipeline] Receptor PDBQT [ADFR prepare_receptor4 (python2.7)] → /home/chan/Research/Monomer_screening_in_Bio/results/phase3/CD9/NSGA_9_IBTES/cross_CD63/receptor_step0.pdbqt
2026-08-31 18:25:23,489 [Pipeline]   charge check skipped (indeterminate: non-standard residues ['UNL']); net=+2.023 e
2026-08-31 18:25:23,492 [Pipeline] Custom AD4 parameters (B, Si) written: /home/chan/Research/Monomer_screening_in_Bio/results/phase3/CD9/NSGA_9_IBTES/cross_CD63/step1_APBA/AD4_parameters_custom.dat
2026-08-31 18:25:23,492 [Pipeline] GPF written → /home/chan/Research/Monomer_screening_in_Bio/results/phase3/CD9/NSGA_9_IBTES/cross_CD63/step1_APBA/receptor_step0_APBA.gpf
2026-08-31 18:25:28,207 [Pipeline] DPF written → /home/chan/Research/Monomer_screening_in_Bio/results/phase3/CD9/NSGA_9_IBTES/cross_CD63/step1_APBA/receptor_step0_APBA.dpf
2026-08-31 18:25:28,207 [Pipeline] AutoDock-GPU settings not transferable from DPF: parameter_file: AD-GPU ignores it. Receptor-side Si/B parameters reach the run only through the AutoGrid maps; ligand-internal ones only through --modpair (applied) | ls_search_freq / set_psw1 / sw_*: AD-GPU uses ADADELTA local search at 100% rate; the DPF's Solis-Wets block does not apply and the GPU search protocol is NOT identical to AD4 CPU | ga_num_evals is a CEILING on the GPU: --autostop 1 ends a run on convergence, so the DLG's 'evaluations performed' is normally well below the configured budget
2026-08-31 18:25:30,215 [Pipeline] AutoDock-GPU completed: receptor_step0_APBA.dlg (seed (20260812, 1559272050, 1593501066))
2026-08-31 18:25:30,216 [Pipeline] Parsed 25 clusters from receptor_step0_APBA.dlg
2026-08-31 18:25:30,217 [Pipeline] Parsed 25 clusters from receptor_step0_APBA.dlg
2026-08-31 18:25:30,218 [Pipeline] Parsed 25 clusters from receptor_step0_APBA.dlg
2026-08-31 18:25:30,219 [Pipeline] Merged receptor+ligand → /home/chan/Research/Monomer_screening_in_Bio/results/phase3/CD9/NSGA_9_IBTES/cross_CD63/receptor_step1.pdb
2026-08-31 18:25:30,492 [Pipeline] Receptor PDBQT [ADFR prepare_receptor4 (python2.7)] → /home/chan/Research/Monomer_screening_in_Bio/results/phase3/CD9/NSGA_9_IBTES/cross_CD63/receptor_step1.pdbqt
2026-08-31 18:25:30,493 [Pipeline]   charge check skipped (indeterminate: non-standard residues ['UNL']); net=+2.025 e
2026-08-31 18:25:30,496 [Pipeline] Custom AD4 parameters (B, Si) written: /home/chan/Research/Monomer_screening_in_Bio/results/phase3/CD9/NSGA_9_IBTES/cross_CD63/step2_PTES/AD4_parameters_custom.dat
2026-08-31 18:25:30,496 [Pipeline] GPF written → /home/chan/Research/Monomer_screening_in_Bio/results/phase3/CD9/NSGA_9_IBTES/cross_CD63/step2_PTES/receptor_step1_PTES.gpf
2026-08-31 18:25:36,281 [Pipeline] DPF written → /home/chan/Research/Monomer_screening_in_Bio/results/phase3/CD9/NSGA_9_IBTES/cross_CD63/step2_PTES/receptor_step1_PTES.dpf
2026-08-31 18:25:36,281 [Pipeline] AutoDock-GPU settings not transferable from DPF: parameter_file: AD-GPU ignores it. Receptor-side Si/B parameters reach the run only through the AutoGrid maps; ligand-internal ones only through --modpair (applied) | ls_search_freq / set_psw1 / sw_*: AD-GPU uses ADADELTA local search at 100% rate; the DPF's Solis-Wets block does not apply and the GPU search protocol is NOT identical to AD4 CPU | ga_num_evals is a CEILING on the GPU: --autostop 1 ends a run on convergence, so the DLG's 'evaluations performed' is normally well below the configured budget
2026-08-31 18:25:38,193 [Pipeline] AutoDock-GPU completed: receptor_step1_PTES.dlg (seed (20260812, 1379640900, 1413720404))
2026-08-31 18:25:38,194 [Pipeline] Parsed 25 clusters from receptor_step1_PTES.dlg
2026-08-31 18:25:38,194 [Pipeline] Parsed 25 clusters from receptor_step1_PTES.dlg
2026-08-31 18:25:38,195 [Pipeline] Parsed 25 clusters from receptor_step1_PTES.dlg
2026-08-31 18:25:38,196 [Pipeline] Merged receptor+ligand → /home/chan/Research/Monomer_screening_in_Bio/results/phase3/CD9/NSGA_9_IBTES/cross_CD63/receptor_step2.pdb
2026-08-31 18:25:38,464 [Pipeline] Receptor PDBQT [ADFR prepare_receptor4 (python2.7)] → /home/chan/Research/Monomer_screening_in_Bio/results/phase3/CD9/NSGA_9_IBTES/cross_CD63/receptor_step2.pdbqt
2026-08-31 18:25:38,465 [Pipeline]   charge check skipped (indeterminate: non-standard residues ['UNL']); net=+2.025 e
2026-08-31 18:25:38,467 [Pipeline] Custom AD4 parameters (B, Si) written: /home/chan/Research/Monomer_screening_in_Bio/results/phase3/CD9/NSGA_9_IBTES/cross_CD63/step3_TTMS/AD4_parameters_custom.dat
2026-08-31 18:25:38,467 [Pipeline] GPF written → /home/chan/Research/Monomer_screening_in_Bio/results/phase3/CD9/NSGA_9_IBTES/cross_CD63/step3_TTMS/receptor_step2_TTMS.gpf
2026-08-31 18:25:44,326 [Pipeline] DPF written → /home/chan/Research/Monomer_screening_in_Bio/results/phase3/CD9/NSGA_9_IBTES/cross_CD63/step3_TTMS/receptor_step2_TTMS.dpf
2026-08-31 18:25:44,326 [Pipeline] AutoDock-GPU settings not transferable from DPF: parameter_file: AD-GPU ignores it. Receptor-side Si/B parameters reach the run only through the AutoGrid maps; ligand-internal ones only through --modpair (applied) | ls_search_freq / set_psw1 / sw_*: AD-GPU uses ADADELTA local search at 100% rate; the DPF's Solis-Wets block does not apply and the GPU search protocol is NOT identical to AD4 CPU | ga_num_evals is a CEILING on the GPU: --autostop 1 ends a run on convergence, so the DLG's 'evaluations performed' is normally well below the configured budget
2026-08-31 18:25:46,125 [Pipeline] AutoDock-GPU completed: receptor_step2_TTMS.dlg (seed (20260812, 1821052748, 1861439564))
2026-08-31 18:25:46,125 [Pipeline] Parsed 25 clusters from receptor_step2_TTMS.dlg
2026-08-31 18:25:46,126 [Pipeline] Parsed 25 clusters from receptor_step2_TTMS.dlg
2026-08-31 18:25:46,127 [Pipeline] Parsed 25 clusters from receptor_step2_TTMS.dlg
2026-08-31 18:25:46,127 [Pipeline] Merged receptor+ligand → /home/chan/Research/Monomer_screening_in_Bio/results/phase3/CD9/NSGA_9_IBTES/cross_CD63/receptor_step3.pdb
2026-08-31 18:25:46,382 [Pipeline] Receptor PDBQT [ADFR prepare_receptor4 (python2.7)] → /home/chan/Research/Monomer_screening_in_Bio/results/phase3/CD9/NSGA_9_IBTES/cross_CD63/receptor_step3.pdbqt
2026-08-31 18:25:46,382 [Pipeline]   charge check skipped (indeterminate: non-standard residues ['UNL']); net=+2.025 e
2026-08-31 18:25:46,385 [Pipeline] Custom AD4 parameters (B, Si) written: /home/chan/Research/Monomer_screening_in_Bio/results/phase3/CD9/NSGA_9_IBTES/cross_CD63/step4_IBTES/AD4_parameters_custom.dat
2026-08-31 18:25:46,385 [Pipeline] GPF written → /home/chan/Research/Monomer_screening_in_Bio/results/phase3/CD9/NSGA_9_IBTES/cross_CD63/step4_IBTES/receptor_step3_IBTES.gpf
2026-08-31 18:25:52,432 [Pipeline] DPF written → /home/chan/Research/Monomer_screening_in_Bio/results/phase3/CD9/NSGA_9_IBTES/cross_CD63/step4_IBTES/receptor_step3_IBTES.dpf
2026-08-31 18:25:52,432 [Pipeline] AutoDock-GPU settings not transferable from DPF: parameter_file: AD-GPU ignores it. Receptor-side Si/B parameters reach the run only through the AutoGrid maps; ligand-internal ones only through --modpair (applied) | ls_search_freq / set_psw1 / sw_*: AD-GPU uses ADADELTA local search at 100% rate; the DPF's Solis-Wets block does not apply and the GPU search protocol is NOT identical to AD4 CPU | ga_num_evals is a CEILING on the GPU: --autostop 1 ends a run on convergence, so the DLG's 'evaluations performed' is normally well below the configured budget
2026-08-31 18:25:54,203 [Pipeline] AutoDock-GPU completed: receptor_step3_IBTES.dlg (seed (20260812, 872205429, 872354693))
2026-08-31 18:25:54,204 [Pipeline] Parsed 25 clusters from receptor_step3_IBTES.dlg
2026-08-31 18:25:54,205 [Pipeline] Parsed 25 clusters from receptor_step3_IBTES.dlg
2026-08-31 18:25:54,206 [Pipeline] Parsed 25 clusters from receptor_step3_IBTES.dlg
2026-08-31 18:25:54,207 [Pipeline] Merged receptor+ligand → /home/chan/Research/Monomer_screening_in_Bio/results/phase3/CD9/NSGA_9_IBTES/cross_CD63/receptor_step4.pdb
2026-08-31 18:25:54,465 [Pipeline] Receptor PDBQT [ADFR prepare_receptor4 (python2.7)] → /home/chan/Research/Monomer_screening_in_Bio/results/phase3/CD9/NSGA_9_IBTES/cross_CD63/receptor_step4.pdbqt
2026-08-31 18:25:54,466 [Pipeline]   charge check skipped (indeterminate: non-standard residues ['UNL']); net=+2.024 e
2026-08-31 18:25:54,468 [Pipeline] Custom AD4 parameters (B, Si) written: /home/chan/Research/Monomer_screening_in_Bio/results/phase3/CD9/NSGA_9_IBTES/cross_CD63/step5_TEOS/AD4_parameters_custom.dat
2026-08-31 18:25:54,468 [Pipeline] GPF written → /home/chan/Research/Monomer_screening_in_Bio/results/phase3/CD9/NSGA_9_IBTES/cross_CD63/step5_TEOS/receptor_step4_TEOS.gpf
2026-08-31 18:25:58,975 [Pipeline] DPF written → /home/chan/Research/Monomer_screening_in_Bio/results/phase3/CD9/NSGA_9_IBTES/cross_CD63/step5_TEOS/receptor_step4_TEOS.dpf
2026-08-31 18:25:58,976 [Pipeline] AutoDock-GPU settings not transferable from DPF: parameter_file: AD-GPU ignores it. Receptor-side Si/B parameters reach the run only through the AutoGrid maps; ligand-internal ones only through --modpair (applied) | ls_search_freq / set_psw1 / sw_*: AD-GPU uses ADADELTA local search at 100% rate; the DPF's Solis-Wets block does not apply and the GPU search protocol is NOT identical to AD4 CPU | ga_num_evals is a CEILING on the GPU: --autostop 1 ends a run on convergence, so the DLG's 'evaluations performed' is normally well below the configured budget
2026-08-31 18:26:00,776 [Pipeline] AutoDock-GPU completed: receptor_step4_TEOS.dlg (seed (20260812, 1270892758, 1277859558))
2026-08-31 18:26:00,777 [Pipeline] Parsed 25 clusters from receptor_step4_TEOS.dlg
2026-08-31 18:26:00,777 [Pipeline] Parsed 25 clusters from receptor_step4_TEOS.dlg
2026-08-31 18:26:00,778 [Pipeline] Parsed 25 clusters from receptor_step4_TEOS.dlg
2026-08-31 18:26:00,778 [Pipeline]     XL TEOS: BE=-3.11
2026-08-31 18:26:00,781 [Pipeline] Custom AD4 parameters (B, Si) written: /home/chan/Research/Monomer_screening_in_Bio/results/phase3/CD9/NSGA_9_IBTES/cross_CD63/step5_TMOS/AD4_parameters_custom.dat
2026-08-31 18:26:00,781 [Pipeline] GPF written → /home/chan/Research/Monomer_screening_in_Bio/results/phase3/CD9/NSGA_9_IBTES/cross_CD63/step5_TMOS/receptor_step4_TMOS.gpf
2026-08-31 18:26:06,618 [Pipeline] DPF written → /home/chan/Research/Monomer_screening_in_Bio/results/phase3/CD9/NSGA_9_IBTES/cross_CD63/step5_TMOS/receptor_step4_TMOS.dpf
2026-08-31 18:26:06,619 [Pipeline] AutoDock-GPU settings not transferable from DPF: parameter_file: AD-GPU ignores it. Receptor-side Si/B parameters reach the run only through the AutoGrid maps; ligand-internal ones only through --modpair (applied) | ls_search_freq / set_psw1 / sw_*: AD-GPU uses ADADELTA local search at 100% rate; the DPF's Solis-Wets block does not apply and the GPU search protocol is NOT identical to AD4 CPU | ga_num_evals is a CEILING on the GPU: --autostop 1 ends a run on convergence, so the DLG's 'evaluations performed' is normally well below the configured budget
2026-08-31 18:26:08,238 [Pipeline] AutoDock-GPU completed: receptor_step4_TMOS.dlg (seed (20260812, 594624773, 595168917))
2026-08-31 18:26:08,239 [Pipeline] Parsed 25 clusters from receptor_step4_TMOS.dlg
2026-08-31 18:26:08,239 [Pipeline] Parsed 25 clusters from receptor_step4_TMOS.dlg
2026-08-31 18:26:08,240 [Pipeline] Parsed 25 clusters from receptor_step4_TMOS.dlg
2026-08-31 18:26:08,241 [Pipeline]     XL TMOS: BE=-2.95
2026-08-31 18:26:08,241 [Pipeline]     Best XL: TEOS (BE=-3.11)
2026-08-31 18:26:08,243 [Pipeline] Custom AD4 parameters (B, Si) written: /home/chan/Research/Monomer_screening_in_Bio/results/phase3/CD9/NSGA_9_IBTES/cross_CD81/step0_FPBA/AD4_parameters_custom.dat
2026-08-31 18:26:08,244 [Pipeline] GPF written → /home/chan/Research/Monomer_screening_in_Bio/results/phase3/CD9/NSGA_9_IBTES/cross_CD81/step0_FPBA/CD81_receptor_FPBA.gpf
2026-08-31 18:26:09,786 [Pipeline] DPF written → /home/chan/Research/Monomer_screening_in_Bio/results/phase3/CD9/NSGA_9_IBTES/cross_CD81/step0_FPBA/CD81_receptor_FPBA.dpf
2026-08-31 18:26:09,786 [Pipeline] AutoDock-GPU settings not transferable from DPF: parameter_file: AD-GPU ignores it. Receptor-side Si/B parameters reach the run only through the AutoGrid maps; ligand-internal ones only through --modpair (applied) | ls_search_freq / set_psw1 / sw_*: AD-GPU uses ADADELTA local search at 100% rate; the DPF's Solis-Wets block does not apply and the GPU search protocol is NOT identical to AD4 CPU | ga_num_evals is a CEILING on the GPU: --autostop 1 ends a run on convergence, so the DLG's 'evaluations performed' is normally well below the configured budget
2026-08-31 18:26:10,778 [Pipeline] AutoDock-GPU completed: CD81_receptor_FPBA.dlg (seed (20260812, 1063573366, 1065818246))
2026-08-31 18:26:10,779 [Pipeline] Parsed 25 clusters from CD81_receptor_FPBA.dlg
2026-08-31 18:26:10,780 [Pipeline] Parsed 25 clusters from CD81_receptor_FPBA.dlg
2026-08-31 18:26:10,780 [Pipeline] Parsed 25 clusters from CD81_receptor_FPBA.dlg
2026-08-31 18:26:10,781 [Pipeline] Merged receptor+ligand → /home/chan/Research/Monomer_screening_in_Bio/results/phase3/CD9/NSGA_9_IBTES/cross_CD81/receptor_step0.pdb
2026-08-31 18:26:10,980 [Pipeline] Receptor PDBQT [ADFR prepare_receptor4 (python2.7)] → /home/chan/Research/Monomer_screening_in_Bio/results/phase3/CD9/NSGA_9_IBTES/cross_CD81/receptor_step0.pdbqt
2026-08-31 18:26:10,981 [Pipeline]   charge check skipped (indeterminate: non-standard residues ['UNL']); net=-1.964 e
2026-08-31 18:26:10,983 [Pipeline] Custom AD4 parameters (B, Si) written: /home/chan/Research/Monomer_screening_in_Bio/results/phase3/CD9/NSGA_9_IBTES/cross_CD81/step1_APBA/AD4_parameters_custom.dat
2026-08-31 18:26:10,983 [Pipeline] GPF written → /home/chan/Research/Monomer_screening_in_Bio/results/phase3/CD9/NSGA_9_IBTES/cross_CD81/step1_APBA/receptor_step0_APBA.gpf
2026-08-31 18:26:12,517 [Pipeline] DPF written → /home/chan/Research/Monomer_screening_in_Bio/results/phase3/CD9/NSGA_9_IBTES/cross_CD81/step1_APBA/receptor_step0_APBA.dpf
2026-08-31 18:26:12,518 [Pipeline] AutoDock-GPU settings not transferable from DPF: parameter_file: AD-GPU ignores it. Receptor-side Si/B parameters reach the run only through the AutoGrid maps; ligand-internal ones only through --modpair (applied) | ls_search_freq / set_psw1 / sw_*: AD-GPU uses ADADELTA local search at 100% rate; the DPF's Solis-Wets block does not apply and the GPU search protocol is NOT identical to AD4 CPU | ga_num_evals is a CEILING on the GPU: --autostop 1 ends a run on convergence, so the DLG's 'evaluations performed' is normally well below the configured budget
2026-08-31 18:26:13,586 [Pipeline] AutoDock-GPU completed: receptor_step0_APBA.dlg (seed (20260812, 1559272050, 1593501066))
2026-08-31 18:26:13,587 [Pipeline] Parsed 25 clusters from receptor_step0_APBA.dlg
2026-08-31 18:26:13,588 [Pipeline] Parsed 25 clusters from receptor_step0_APBA.dlg
2026-08-31 18:26:13,588 [Pipeline] Parsed 25 clusters from receptor_step0_APBA.dlg
2026-08-31 18:26:13,589 [Pipeline] Merged receptor+ligand → /home/chan/Research/Monomer_screening_in_Bio/results/phase3/CD9/NSGA_9_IBTES/cross_CD81/receptor_step1.pdb
2026-08-31 18:26:13,778 [Pipeline] Receptor PDBQT [ADFR prepare_receptor4 (python2.7)] → /home/chan/Research/Monomer_screening_in_Bio/results/phase3/CD9/NSGA_9_IBTES/cross_CD81/receptor_step1.pdbqt
2026-08-31 18:26:13,779 [Pipeline]   charge check skipped (indeterminate: non-standard residues ['UNL']); net=-1.962 e
2026-08-31 18:26:13,781 [Pipeline] Custom AD4 parameters (B, Si) written: /home/chan/Research/Monomer_screening_in_Bio/results/phase3/CD9/NSGA_9_IBTES/cross_CD81/step2_PTES/AD4_parameters_custom.dat
2026-08-31 18:26:13,781 [Pipeline] GPF written → /home/chan/Research/Monomer_screening_in_Bio/results/phase3/CD9/NSGA_9_IBTES/cross_CD81/step2_PTES/receptor_step1_PTES.gpf
2026-08-31 18:26:15,262 [Pipeline] DPF written → /home/chan/Research/Monomer_screening_in_Bio/results/phase3/CD9/NSGA_9_IBTES/cross_CD81/step2_PTES/receptor_step1_PTES.dpf
2026-08-31 18:26:15,263 [Pipeline] AutoDock-GPU settings not transferable from DPF: parameter_file: AD-GPU ignores it. Receptor-side Si/B parameters reach the run only through the AutoGrid maps; ligand-internal ones only through --modpair (applied) | ls_search_freq / set_psw1 / sw_*: AD-GPU uses ADADELTA local search at 100% rate; the DPF's Solis-Wets block does not apply and the GPU search protocol is NOT identical to AD4 CPU | ga_num_evals is a CEILING on the GPU: --autostop 1 ends a run on convergence, so the DLG's 'evaluations performed' is normally well below the configured budget
2026-08-31 18:26:16,439 [Pipeline] AutoDock-GPU completed: receptor_step1_PTES.dlg (seed (20260812, 1379640900, 1413720404))
2026-08-31 18:26:16,440 [Pipeline] Parsed 25 clusters from receptor_step1_PTES.dlg
2026-08-31 18:26:16,441 [Pipeline] Parsed 25 clusters from receptor_step1_PTES.dlg
2026-08-31 18:26:16,441 [Pipeline] Parsed 25 clusters from receptor_step1_PTES.dlg
2026-08-31 18:26:16,442 [Pipeline] Merged receptor+ligand → /home/chan/Research/Monomer_screening_in_Bio/results/phase3/CD9/NSGA_9_IBTES/cross_CD81/receptor_step2.pdb
2026-08-31 18:26:16,635 [Pipeline] Receptor PDBQT [ADFR prepare_receptor4 (python2.7)] → /home/chan/Research/Monomer_screening_in_Bio/results/phase3/CD9/NSGA_9_IBTES/cross_CD81/receptor_step2.pdbqt
2026-08-31 18:26:16,636 [Pipeline]   charge check skipped (indeterminate: non-standard residues ['UNL']); net=-1.962 e
2026-08-31 18:26:16,638 [Pipeline] Custom AD4 parameters (B, Si) written: /home/chan/Research/Monomer_screening_in_Bio/results/phase3/CD9/NSGA_9_IBTES/cross_CD81/step3_TTMS/AD4_parameters_custom.dat
2026-08-31 18:26:16,638 [Pipeline] GPF written → /home/chan/Research/Monomer_screening_in_Bio/results/phase3/CD9/NSGA_9_IBTES/cross_CD81/step3_TTMS/receptor_step2_TTMS.gpf
2026-08-31 18:26:18,179 [Pipeline] DPF written → /home/chan/Research/Monomer_screening_in_Bio/results/phase3/CD9/NSGA_9_IBTES/cross_CD81/step3_TTMS/receptor_step2_TTMS.dpf
2026-08-31 18:26:18,179 [Pipeline] AutoDock-GPU settings not transferable from DPF: parameter_file: AD-GPU ignores it. Receptor-side Si/B parameters reach the run only through the AutoGrid maps; ligand-internal ones only through --modpair (applied) | ls_search_freq / set_psw1 / sw_*: AD-GPU uses ADADELTA local search at 100% rate; the DPF's Solis-Wets block does not apply and the GPU search protocol is NOT identical to AD4 CPU | ga_num_evals is a CEILING on the GPU: --autostop 1 ends a run on convergence, so the DLG's 'evaluations performed' is normally well below the configured budget
2026-08-31 18:26:19,073 [Pipeline] AutoDock-GPU completed: receptor_step2_TTMS.dlg (seed (20260812, 1821052748, 1861439564))
2026-08-31 18:26:19,073 [Pipeline] Parsed 25 clusters from receptor_step2_TTMS.dlg
2026-08-31 18:26:19,074 [Pipeline] Parsed 25 clusters from receptor_step2_TTMS.dlg
2026-08-31 18:26:19,075 [Pipeline] Parsed 25 clusters from receptor_step2_TTMS.dlg
2026-08-31 18:26:19,075 [Pipeline] Merged receptor+ligand → /home/chan/Research/Monomer_screening_in_Bio/results/phase3/CD9/NSGA_9_IBTES/cross_CD81/receptor_step3.pdb
2026-08-31 18:26:19,283 [Pipeline] Receptor PDBQT [ADFR prepare_receptor4 (python2.7)] → /home/chan/Research/Monomer_screening_in_Bio/results/phase3/CD9/NSGA_9_IBTES/cross_CD81/receptor_step3.pdbqt
2026-08-31 18:26:19,284 [Pipeline]   charge check skipped (indeterminate: non-standard residues ['UNL']); net=-1.962 e
2026-08-31 18:26:19,286 [Pipeline] Custom AD4 parameters (B, Si) written: /home/chan/Research/Monomer_screening_in_Bio/results/phase3/CD9/NSGA_9_IBTES/cross_CD81/step4_IBTES/AD4_parameters_custom.dat
2026-08-31 18:26:19,286 [Pipeline] GPF written → /home/chan/Research/Monomer_screening_in_Bio/results/phase3/CD9/NSGA_9_IBTES/cross_CD81/step4_IBTES/receptor_step3_IBTES.gpf
2026-08-31 18:26:20,769 [Pipeline] DPF written → /home/chan/Research/Monomer_screening_in_Bio/results/phase3/CD9/NSGA_9_IBTES/cross_CD81/step4_IBTES/receptor_step3_IBTES.dpf
2026-08-31 18:26:20,769 [Pipeline] AutoDock-GPU settings not transferable from DPF: parameter_file: AD-GPU ignores it. Receptor-side Si/B parameters reach the run only through the AutoGrid maps; ligand-internal ones only through --modpair (applied) | ls_search_freq / set_psw1 / sw_*: AD-GPU uses ADADELTA local search at 100% rate; the DPF's Solis-Wets block does not apply and the GPU search protocol is NOT identical to AD4 CPU | ga_num_evals is a CEILING on the GPU: --autostop 1 ends a run on convergence, so the DLG's 'evaluations performed' is normally well below the configured budget
2026-08-31 18:26:21,787 [Pipeline] AutoDock-GPU completed: receptor_step3_IBTES.dlg (seed (20260812, 872205429, 872354693))
2026-08-31 18:26:21,788 [Pipeline] Parsed 25 clusters from receptor_step3_IBTES.dlg
2026-08-31 18:26:21,789 [Pipeline] Parsed 25 clusters from receptor_step3_IBTES.dlg
2026-08-31 18:26:21,790 [Pipeline] Parsed 25 clusters from receptor_step3_IBTES.dlg
2026-08-31 18:26:21,790 [Pipeline] Merged receptor+ligand → /home/chan/Research/Monomer_screening_in_Bio/results/phase3/CD9/NSGA_9_IBTES/cross_CD81/receptor_step4.pdb
2026-08-31 18:26:22,000 [Pipeline] Receptor PDBQT [ADFR prepare_receptor4 (python2.7)] → /home/chan/Research/Monomer_screening_in_Bio/results/phase3/CD9/NSGA_9_IBTES/cross_CD81/receptor_step4.pdbqt
2026-08-31 18:26:22,001 [Pipeline]   charge check skipped (indeterminate: non-standard residues ['UNL']); net=-1.963 e
2026-08-31 18:26:22,003 [Pipeline] Custom AD4 parameters (B, Si) written: /home/chan/Research/Monomer_screening_in_Bio/results/phase3/CD9/NSGA_9_IBTES/cross_CD81/step5_TEOS/AD4_parameters_custom.dat
2026-08-31 18:26:22,003 [Pipeline] GPF written → /home/chan/Research/Monomer_screening_in_Bio/results/phase3/CD9/NSGA_9_IBTES/cross_CD81/step5_TEOS/receptor_step4_TEOS.gpf
2026-08-31 18:26:23,505 [Pipeline] DPF written → /home/chan/Research/Monomer_screening_in_Bio/results/phase3/CD9/NSGA_9_IBTES/cross_CD81/step5_TEOS/receptor_step4_TEOS.dpf
2026-08-31 18:26:23,506 [Pipeline] AutoDock-GPU settings not transferable from DPF: parameter_file: AD-GPU ignores it. Receptor-side Si/B parameters reach the run only through the AutoGrid maps; ligand-internal ones only through --modpair (applied) | ls_search_freq / set_psw1 / sw_*: AD-GPU uses ADADELTA local search at 100% rate; the DPF's Solis-Wets block does not apply and the GPU search protocol is NOT identical to AD4 CPU | ga_num_evals is a CEILING on the GPU: --autostop 1 ends a run on convergence, so the DLG's 'evaluations performed' is normally well below the configured budget
2026-08-31 18:26:24,372 [Pipeline] AutoDock-GPU completed: receptor_step4_TEOS.dlg (seed (20260812, 1270892758, 1277859558))
2026-08-31 18:26:24,373 [Pipeline] Parsed 25 clusters from receptor_step4_TEOS.dlg
2026-08-31 18:26:24,373 [Pipeline] Parsed 25 clusters from receptor_step4_TEOS.dlg
2026-08-31 18:26:24,374 [Pipeline] Parsed 25 clusters from receptor_step4_TEOS.dlg
2026-08-31 18:26:24,374 [Pipeline]     XL TEOS: BE=-3.06
2026-08-31 18:26:24,376 [Pipeline] Custom AD4 parameters (B, Si) written: /home/chan/Research/Monomer_screening_in_Bio/results/phase3/CD9/NSGA_9_IBTES/cross_CD81/step5_TMOS/AD4_parameters_custom.dat
2026-08-31 18:26:24,376 [Pipeline] GPF written → /home/chan/Research/Monomer_screening_in_Bio/results/phase3/CD9/NSGA_9_IBTES/cross_CD81/step5_TMOS/receptor_step4_TMOS.gpf
2026-08-31 18:26:25,885 [Pipeline] DPF written → /home/chan/Research/Monomer_screening_in_Bio/results/phase3/CD9/NSGA_9_IBTES/cross_CD81/step5_TMOS/receptor_step4_TMOS.dpf
2026-08-31 18:26:25,885 [Pipeline] AutoDock-GPU settings not transferable from DPF: parameter_file: AD-GPU ignores it. Receptor-side Si/B parameters reach the run only through the AutoGrid maps; ligand-internal ones only through --modpair (applied) | ls_search_freq / set_psw1 / sw_*: AD-GPU uses ADADELTA local search at 100% rate; the DPF's Solis-Wets block does not apply and the GPU search protocol is NOT identical to AD4 CPU | ga_num_evals is a CEILING on the GPU: --autostop 1 ends a run on convergence, so the DLG's 'evaluations performed' is normally well below the configured budget
2026-08-31 18:26:25,369 [Pipeline] AutoDock-GPU completed: receptor_step4_TMOS.dlg (seed (20260812, 594624773, 595168917))
2026-08-31 18:26:25,370 [Pipeline] Parsed 25 clusters from receptor_step4_TMOS.dlg
2026-08-31 18:26:25,371 [Pipeline] Parsed 25 clusters from receptor_step4_TMOS.dlg
2026-08-31 18:26:25,371 [Pipeline] Parsed 25 clusters from receptor_step4_TMOS.dlg
2026-08-31 18:26:25,372 [Pipeline]     XL TMOS: BE=-3.06
2026-08-31 18:26:25,372 [Pipeline]     Best XL: TEOS (BE=-3.06)
2026-08-31 18:26:25,372 [Pipeline]     NSGA_9_IBTES ΔΔG=+1.09 kcal/mol, penalty=1.05 → obj=-2.348
2026-08-31 18:26:25,372 [Pipeline]   NSGA[9]: ['IBTES', 'APBA', 'TTMS', 'FPBA', 'PTES'] → aff=-4.19, sel=0.29, synth=9.2/10, ΔΔG=+1.09
2026-08-31 18:26:25,374 [Pipeline] Custom AD4 parameters (B, Si) written: /home/chan/Research/Monomer_screening_in_Bio/results/phase3/CD9/NSGA_10_CETES/step0_FPBA/AD4_parameters_custom.dat
2026-08-31 18:26:25,374 [Pipeline] GPF written → /home/chan/Research/Monomer_screening_in_Bio/results/phase3/CD9/NSGA_10_CETES/step0_FPBA/CD9_receptor_FPBA.gpf
2026-08-31 18:26:26,749 [Pipeline] DPF written → /home/chan/Research/Monomer_screening_in_Bio/results/phase3/CD9/NSGA_10_CETES/step0_FPBA/CD9_receptor_FPBA.dpf
2026-08-31 18:26:26,749 [Pipeline] AutoDock-GPU settings not transferable from DPF: parameter_file: AD-GPU ignores it. Receptor-side Si/B parameters reach the run only through the AutoGrid maps; ligand-internal ones only through --modpair (applied) | ls_search_freq / set_psw1 / sw_*: AD-GPU uses ADADELTA local search at 100% rate; the DPF's Solis-Wets block does not apply and the GPU search protocol is NOT identical to AD4 CPU | ga_num_evals is a CEILING on the GPU: --autostop 1 ends a run on convergence, so the DLG's 'evaluations performed' is normally well below the configured budget
2026-08-31 18:26:27,683 [Pipeline] AutoDock-GPU completed: CD9_receptor_FPBA.dlg (seed (20260812, 1964201909, 1968937029))
2026-08-31 18:26:27,683 [Pipeline] Parsed 25 clusters from CD9_receptor_FPBA.dlg
2026-08-31 18:26:27,684 [Pipeline] Parsed 25 clusters from CD9_receptor_FPBA.dlg
2026-08-31 18:26:27,685 [Pipeline] Parsed 25 clusters from CD9_receptor_FPBA.dlg
2026-08-31 18:26:27,685 [Pipeline] Merged receptor+ligand → /home/chan/Research/Monomer_screening_in_Bio/results/phase3/CD9/NSGA_10_CETES/receptor_step0.pdb
2026-08-31 18:26:27,876 [Pipeline] Receptor PDBQT [ADFR prepare_receptor4 (python2.7)] → /home/chan/Research/Monomer_screening_in_Bio/results/phase3/CD9/NSGA_10_CETES/receptor_step0.pdbqt
2026-08-31 18:26:27,877 [Pipeline]   charge check skipped (indeterminate: non-standard residues ['UNL']); net=-0.971 e
2026-08-31 18:26:27,879 [Pipeline] Custom AD4 parameters (B, Si) written: /home/chan/Research/Monomer_screening_in_Bio/results/phase3/CD9/NSGA_10_CETES/step1_APBA/AD4_parameters_custom.dat
2026-08-31 18:26:27,879 [Pipeline] GPF written → /home/chan/Research/Monomer_screening_in_Bio/results/phase3/CD9/NSGA_10_CETES/step1_APBA/receptor_step0_APBA.gpf
2026-08-31 18:26:29,394 [Pipeline] DPF written → /home/chan/Research/Monomer_screening_in_Bio/results/phase3/CD9/NSGA_10_CETES/step1_APBA/receptor_step0_APBA.dpf
2026-08-31 18:26:29,395 [Pipeline] AutoDock-GPU settings not transferable from DPF: parameter_file: AD-GPU ignores it. Receptor-side Si/B parameters reach the run only through the AutoGrid maps; ligand-internal ones only through --modpair (applied) | ls_search_freq / set_psw1 / sw_*: AD-GPU uses ADADELTA local search at 100% rate; the DPF's Solis-Wets block does not apply and the GPU search protocol is NOT identical to AD4 CPU | ga_num_evals is a CEILING on the GPU: --autostop 1 ends a run on convergence, so the DLG's 'evaluations performed' is normally well below the configured budget
2026-08-31 18:26:30,330 [Pipeline] AutoDock-GPU completed: receptor_step0_APBA.dlg (seed (20260812, 1559272050, 1593501066))
2026-08-31 18:26:30,331 [Pipeline] Parsed 25 clusters from receptor_step0_APBA.dlg
2026-08-31 18:26:30,332 [Pipeline] Parsed 25 clusters from receptor_step0_APBA.dlg
2026-08-31 18:26:30,332 [Pipeline] Parsed 25 clusters from receptor_step0_APBA.dlg
2026-08-31 18:26:30,333 [Pipeline] Merged receptor+ligand → /home/chan/Research/Monomer_screening_in_Bio/results/phase3/CD9/NSGA_10_CETES/receptor_step1.pdb
2026-08-31 18:26:30,534 [Pipeline] Receptor PDBQT [ADFR prepare_receptor4 (python2.7)] → /home/chan/Research/Monomer_screening_in_Bio/results/phase3/CD9/NSGA_10_CETES/receptor_step1.pdbqt
2026-08-31 18:26:30,534 [Pipeline]   charge check skipped (indeterminate: non-standard residues ['UNL']); net=-0.969 e
2026-08-31 18:26:30,536 [Pipeline] Custom AD4 parameters (B, Si) written: /home/chan/Research/Monomer_screening_in_Bio/results/phase3/CD9/NSGA_10_CETES/step2_PTES/AD4_parameters_custom.dat
2026-08-31 18:26:30,537 [Pipeline] GPF written → /home/chan/Research/Monomer_screening_in_Bio/results/phase3/CD9/NSGA_10_CETES/step2_PTES/receptor_step1_PTES.gpf
2026-08-31 18:26:31,945 [Pipeline] DPF written → /home/chan/Research/Monomer_screening_in_Bio/results/phase3/CD9/NSGA_10_CETES/step2_PTES/receptor_step1_PTES.dpf
2026-08-31 18:26:31,945 [Pipeline] AutoDock-GPU settings not transferable from DPF: parameter_file: AD-GPU ignores it. Receptor-side Si/B parameters reach the run only through the AutoGrid maps; ligand-internal ones only through --modpair (applied) | ls_search_freq / set_psw1 / sw_*: AD-GPU uses ADADELTA local search at 100% rate; the DPF's Solis-Wets block does not apply and the GPU search protocol is NOT identical to AD4 CPU | ga_num_evals is a CEILING on the GPU: --autostop 1 ends a run on convergence, so the DLG's 'evaluations performed' is normally well below the configured budget
2026-08-31 18:26:32,984 [Pipeline] AutoDock-GPU completed: receptor_step1_PTES.dlg (seed (20260812, 1379640900, 1413720404))
2026-08-31 18:26:32,985 [Pipeline] Parsed 25 clusters from receptor_step1_PTES.dlg
2026-08-31 18:26:32,986 [Pipeline] Parsed 25 clusters from receptor_step1_PTES.dlg
2026-08-31 18:26:32,987 [Pipeline] Parsed 25 clusters from receptor_step1_PTES.dlg
2026-08-31 18:26:32,987 [Pipeline] Merged receptor+ligand → /home/chan/Research/Monomer_screening_in_Bio/results/phase3/CD9/NSGA_10_CETES/receptor_step2.pdb
2026-08-31 18:26:33,186 [Pipeline] Receptor PDBQT [ADFR prepare_receptor4 (python2.7)] → /home/chan/Research/Monomer_screening_in_Bio/results/phase3/CD9/NSGA_10_CETES/receptor_step2.pdbqt
2026-08-31 18:26:33,187 [Pipeline]   charge check skipped (indeterminate: non-standard residues ['UNL']); net=-0.969 e
2026-08-31 18:26:33,189 [Pipeline] Custom AD4 parameters (B, Si) written: /home/chan/Research/Monomer_screening_in_Bio/results/phase3/CD9/NSGA_10_CETES/step3_CETES/AD4_parameters_custom.dat
2026-08-31 18:26:33,189 [Pipeline] GPF written → /home/chan/Research/Monomer_screening_in_Bio/results/phase3/CD9/NSGA_10_CETES/step3_CETES/receptor_step2_CETES.gpf
2026-08-31 18:26:34,654 [Pipeline] DPF written → /home/chan/Research/Monomer_screening_in_Bio/results/phase3/CD9/NSGA_10_CETES/step3_CETES/receptor_step2_CETES.dpf
2026-08-31 18:26:34,654 [Pipeline] AutoDock-GPU settings not transferable from DPF: parameter_file: AD-GPU ignores it. Receptor-side Si/B parameters reach the run only through the AutoGrid maps; ligand-internal ones only through --modpair (applied) | ls_search_freq / set_psw1 / sw_*: AD-GPU uses ADADELTA local search at 100% rate; the DPF's Solis-Wets block does not apply and the GPU search protocol is NOT identical to AD4 CPU | ga_num_evals is a CEILING on the GPU: --autostop 1 ends a run on convergence, so the DLG's 'evaluations performed' is normally well below the configured budget
2026-08-31 18:26:35,700 [Pipeline] AutoDock-GPU completed: receptor_step2_CETES.dlg (seed (20260812, 596622926, 602915150))
2026-08-31 18:26:35,701 [Pipeline] Parsed 25 clusters from receptor_step2_CETES.dlg
2026-08-31 18:26:35,702 [Pipeline] Parsed 25 clusters from receptor_step2_CETES.dlg
2026-08-31 18:26:35,703 [Pipeline] Parsed 25 clusters from receptor_step2_CETES.dlg
2026-08-31 18:26:35,703 [Pipeline] Merged receptor+ligand → /home/chan/Research/Monomer_screening_in_Bio/results/phase3/CD9/NSGA_10_CETES/receptor_step3.pdb
2026-08-31 18:26:35,915 [Pipeline] Receptor PDBQT [ADFR prepare_receptor4 (python2.7)] → /home/chan/Research/Monomer_screening_in_Bio/results/phase3/CD9/NSGA_10_CETES/receptor_step3.pdbqt
2026-08-31 18:26:35,916 [Pipeline]   charge check skipped (indeterminate: non-standard residues ['UNL']); net=-0.968 e
2026-08-31 18:26:35,918 [Pipeline] Custom AD4 parameters (B, Si) written: /home/chan/Research/Monomer_screening_in_Bio/results/phase3/CD9/NSGA_10_CETES/step4_ICTES/AD4_parameters_custom.dat
2026-08-31 18:26:35,918 [Pipeline] GPF written → /home/chan/Research/Monomer_screening_in_Bio/results/phase3/CD9/NSGA_10_CETES/step4_ICTES/receptor_step3_ICTES.gpf
2026-08-31 18:26:37,468 [Pipeline] DPF written → /home/chan/Research/Monomer_screening_in_Bio/results/phase3/CD9/NSGA_10_CETES/step4_ICTES/receptor_step3_ICTES.dpf
2026-08-31 18:26:37,469 [Pipeline] AutoDock-GPU settings not transferable from DPF: parameter_file: AD-GPU ignores it. Receptor-side Si/B parameters reach the run only through the AutoGrid maps; ligand-internal ones only through --modpair (applied) | ls_search_freq / set_psw1 / sw_*: AD-GPU uses ADADELTA local search at 100% rate; the DPF's Solis-Wets block does not apply and the GPU search protocol is NOT identical to AD4 CPU | ga_num_evals is a CEILING on the GPU: --autostop 1 ends a run on convergence, so the DLG's 'evaluations performed' is normally well below the configured budget
2026-08-31 18:26:38,532 [Pipeline] AutoDock-GPU completed: receptor_step3_ICTES.dlg (seed (20260812, 216670599, 252980759))
2026-08-31 18:26:38,533 [Pipeline] Parsed 25 clusters from receptor_step3_ICTES.dlg
2026-08-31 18:26:38,533 [Pipeline] Parsed 25 clusters from receptor_step3_ICTES.dlg
2026-08-31 18:26:38,534 [Pipeline] Parsed 25 clusters from receptor_step3_ICTES.dlg
2026-08-31 18:26:38,535 [Pipeline] Merged receptor+ligand → /home/chan/Research/Monomer_screening_in_Bio/results/phase3/CD9/NSGA_10_CETES/receptor_step4.pdb
2026-08-31 18:26:38,757 [Pipeline] Receptor PDBQT [ADFR prepare_receptor4 (python2.7)] → /home/chan/Research/Monomer_screening_in_Bio/results/phase3/CD9/NSGA_10_CETES/receptor_step4.pdbqt
2026-08-31 18:26:38,758 [Pipeline]   charge check skipped (indeterminate: non-standard residues ['UNL']); net=-0.967 e
2026-08-31 18:26:38,760 [Pipeline] Custom AD4 parameters (B, Si) written: /home/chan/Research/Monomer_screening_in_Bio/results/phase3/CD9/NSGA_10_CETES/step5_IBTES/AD4_parameters_custom.dat
2026-08-31 18:26:38,760 [Pipeline] GPF written → /home/chan/Research/Monomer_screening_in_Bio/results/phase3/CD9/NSGA_10_CETES/step5_IBTES/receptor_step4_IBTES.gpf
2026-08-31 18:26:40,214 [Pipeline] DPF written → /home/chan/Research/Monomer_screening_in_Bio/results/phase3/CD9/NSGA_10_CETES/step5_IBTES/receptor_step4_IBTES.dpf
2026-08-31 18:26:40,214 [Pipeline] AutoDock-GPU settings not transferable from DPF: parameter_file: AD-GPU ignores it. Receptor-side Si/B parameters reach the run only through the AutoGrid maps; ligand-internal ones only through --modpair (applied) | ls_search_freq / set_psw1 / sw_*: AD-GPU uses ADADELTA local search at 100% rate; the DPF's Solis-Wets block does not apply and the GPU search protocol is NOT identical to AD4 CPU | ga_num_evals is a CEILING on the GPU: --autostop 1 ends a run on convergence, so the DLG's 'evaluations performed' is normally well below the configured budget
2026-08-31 18:26:41,182 [Pipeline] AutoDock-GPU completed: receptor_step4_IBTES.dlg (seed (20260812, 408637363, 446926923))
2026-08-31 18:26:41,183 [Pipeline] Parsed 25 clusters from receptor_step4_IBTES.dlg
2026-08-31 18:26:41,183 [Pipeline] Parsed 25 clusters from receptor_step4_IBTES.dlg
2026-08-31 18:26:41,184 [Pipeline] Parsed 25 clusters from receptor_step4_IBTES.dlg
2026-08-31 18:26:41,185 [Pipeline] Merged receptor+ligand → /home/chan/Research/Monomer_screening_in_Bio/results/phase3/CD9/NSGA_10_CETES/receptor_step5.pdb
2026-08-31 18:26:41,403 [Pipeline] Receptor PDBQT [ADFR prepare_receptor4 (python2.7)] → /home/chan/Research/Monomer_screening_in_Bio/results/phase3/CD9/NSGA_10_CETES/receptor_step5.pdbqt
2026-08-31 18:26:41,403 [Pipeline]   charge check skipped (indeterminate: non-standard residues ['UNL']); net=-0.968 e
2026-08-31 18:26:41,405 [Pipeline] Custom AD4 parameters (B, Si) written: /home/chan/Research/Monomer_screening_in_Bio/results/phase3/CD9/NSGA_10_CETES/step6_TEOS/AD4_parameters_custom.dat
2026-08-31 18:26:41,405 [Pipeline] GPF written → /home/chan/Research/Monomer_screening_in_Bio/results/phase3/CD9/NSGA_10_CETES/step6_TEOS/receptor_step5_TEOS.gpf
2026-08-31 18:26:42,928 [Pipeline] DPF written → /home/chan/Research/Monomer_screening_in_Bio/results/phase3/CD9/NSGA_10_CETES/step6_TEOS/receptor_step5_TEOS.dpf
2026-08-31 18:26:42,929 [Pipeline] AutoDock-GPU settings not transferable from DPF: parameter_file: AD-GPU ignores it. Receptor-side Si/B parameters reach the run only through the AutoGrid maps; ligand-internal ones only through --modpair (applied) | ls_search_freq / set_psw1 / sw_*: AD-GPU uses ADADELTA local search at 100% rate; the DPF's Solis-Wets block does not apply and the GPU search protocol is NOT identical to AD4 CPU | ga_num_evals is a CEILING on the GPU: --autostop 1 ends a run on convergence, so the DLG's 'evaluations performed' is normally well below the configured budget
2026-08-31 18:26:43,948 [Pipeline] AutoDock-GPU completed: receptor_step5_TEOS.dlg (seed (20260812, 2004831758, 2004849038))
2026-08-31 18:26:43,948 [Pipeline] Parsed 25 clusters from receptor_step5_TEOS.dlg
2026-08-31 18:26:43,949 [Pipeline] Parsed 25 clusters from receptor_step5_TEOS.dlg
2026-08-31 18:26:43,950 [Pipeline] Parsed 25 clusters from receptor_step5_TEOS.dlg
2026-08-31 18:26:43,950 [Pipeline]     XL TEOS: BE=-2.68
2026-08-31 18:26:43,952 [Pipeline] Custom AD4 parameters (B, Si) written: /home/chan/Research/Monomer_screening_in_Bio/results/phase3/CD9/NSGA_10_CETES/step6_TMOS/AD4_parameters_custom.dat
2026-08-31 18:26:43,952 [Pipeline] GPF written → /home/chan/Research/Monomer_screening_in_Bio/results/phase3/CD9/NSGA_10_CETES/step6_TMOS/receptor_step5_TMOS.gpf
2026-08-31 18:26:45,402 [Pipeline] DPF written → /home/chan/Research/Monomer_screening_in_Bio/results/phase3/CD9/NSGA_10_CETES/step6_TMOS/receptor_step5_TMOS.dpf
2026-08-31 18:26:45,403 [Pipeline] AutoDock-GPU settings not transferable from DPF: parameter_file: AD-GPU ignores it. Receptor-side Si/B parameters reach the run only through the AutoGrid maps; ligand-internal ones only through --modpair (applied) | ls_search_freq / set_psw1 / sw_*: AD-GPU uses ADADELTA local search at 100% rate; the DPF's Solis-Wets block does not apply and the GPU search protocol is NOT identical to AD4 CPU | ga_num_evals is a CEILING on the GPU: --autostop 1 ends a run on convergence, so the DLG's 'evaluations performed' is normally well below the configured budget
2026-08-31 18:26:46,164 [Pipeline] AutoDock-GPU completed: receptor_step5_TMOS.dlg (seed (20260812, 456742869, 457283557))
2026-08-31 18:26:46,165 [Pipeline] Parsed 25 clusters from receptor_step5_TMOS.dlg
2026-08-31 18:26:46,166 [Pipeline] Parsed 25 clusters from receptor_step5_TMOS.dlg
2026-08-31 18:26:46,166 [Pipeline] Parsed 25 clusters from receptor_step5_TMOS.dlg
2026-08-31 18:26:46,167 [Pipeline]     XL TMOS: BE=-2.73
2026-08-31 18:26:46,167 [Pipeline]     Best XL: TMOS (BE=-2.73)
2026-08-31 18:26:46,169 [Pipeline] Custom AD4 parameters (B, Si) written: /home/chan/Research/Monomer_screening_in_Bio/results/phase3/CD9/NSGA_10_CETES/cross_CD63/step0_FPBA/AD4_parameters_custom.dat
2026-08-31 18:26:46,169 [Pipeline] GPF written → /home/chan/Research/Monomer_screening_in_Bio/results/phase3/CD9/NSGA_10_CETES/cross_CD63/step0_FPBA/CD63_receptor_glyco_FPBA.gpf
2026-08-31 18:26:52,942 [Pipeline] DPF written → /home/chan/Research/Monomer_screening_in_Bio/results/phase3/CD9/NSGA_10_CETES/cross_CD63/step0_FPBA/CD63_receptor_glyco_FPBA.dpf
2026-08-31 18:26:52,943 [Pipeline] AutoDock-GPU settings not transferable from DPF: parameter_file: AD-GPU ignores it. Receptor-side Si/B parameters reach the run only through the AutoGrid maps; ligand-internal ones only through --modpair (applied) | ls_search_freq / set_psw1 / sw_*: AD-GPU uses ADADELTA local search at 100% rate; the DPF's Solis-Wets block does not apply and the GPU search protocol is NOT identical to AD4 CPU | ga_num_evals is a CEILING on the GPU: --autostop 1 ends a run on convergence, so the DLG's 'evaluations performed' is normally well below the configured budget
2026-08-31 18:26:55,044 [Pipeline] AutoDock-GPU completed: CD63_receptor_glyco_FPBA.dlg (seed (20260812, 329769312, 331869792))
2026-08-31 18:26:55,045 [Pipeline] Parsed 25 clusters from CD63_receptor_glyco_FPBA.dlg
2026-08-31 18:26:55,046 [Pipeline] Parsed 25 clusters from CD63_receptor_glyco_FPBA.dlg
2026-08-31 18:26:55,047 [Pipeline] Parsed 25 clusters from CD63_receptor_glyco_FPBA.dlg
2026-08-31 18:26:55,047 [Pipeline] Merged receptor+ligand → /home/chan/Research/Monomer_screening_in_Bio/results/phase3/CD9/NSGA_10_CETES/cross_CD63/receptor_step0.pdb
2026-08-31 18:26:55,273 [Pipeline] Receptor PDBQT [ADFR prepare_receptor4 (python2.7)] → /home/chan/Research/Monomer_screening_in_Bio/results/phase3/CD9/NSGA_10_CETES/cross_CD63/receptor_step0.pdbqt
2026-08-31 18:26:55,275 [Pipeline]   charge check skipped (indeterminate: non-standard residues ['UNL']); net=+2.023 e
2026-08-31 18:26:55,277 [Pipeline] Custom AD4 parameters (B, Si) written: /home/chan/Research/Monomer_screening_in_Bio/results/phase3/CD9/NSGA_10_CETES/cross_CD63/step1_APBA/AD4_parameters_custom.dat
2026-08-31 18:26:55,277 [Pipeline] GPF written → /home/chan/Research/Monomer_screening_in_Bio/results/phase3/CD9/NSGA_10_CETES/cross_CD63/step1_APBA/receptor_step0_APBA.gpf
2026-08-31 18:27:00,012 [Pipeline] DPF written → /home/chan/Research/Monomer_screening_in_Bio/results/phase3/CD9/NSGA_10_CETES/cross_CD63/step1_APBA/receptor_step0_APBA.dpf
2026-08-31 18:27:00,013 [Pipeline] AutoDock-GPU settings not transferable from DPF: parameter_file: AD-GPU ignores it. Receptor-side Si/B parameters reach the run only through the AutoGrid maps; ligand-internal ones only through --modpair (applied) | ls_search_freq / set_psw1 / sw_*: AD-GPU uses ADADELTA local search at 100% rate; the DPF's Solis-Wets block does not apply and the GPU search protocol is NOT identical to AD4 CPU | ga_num_evals is a CEILING on the GPU: --autostop 1 ends a run on convergence, so the DLG's 'evaluations performed' is normally well below the configured budget
2026-08-31 18:27:02,056 [Pipeline] AutoDock-GPU completed: receptor_step0_APBA.dlg (seed (20260812, 1559272050, 1593501066))
2026-08-31 18:27:02,057 [Pipeline] Parsed 25 clusters from receptor_step0_APBA.dlg
2026-08-31 18:27:02,058 [Pipeline] Parsed 25 clusters from receptor_step0_APBA.dlg
2026-08-31 18:27:02,058 [Pipeline] Parsed 25 clusters from receptor_step0_APBA.dlg
2026-08-31 18:27:02,059 [Pipeline] Merged receptor+ligand → /home/chan/Research/Monomer_screening_in_Bio/results/phase3/CD9/NSGA_10_CETES/cross_CD63/receptor_step1.pdb
2026-08-31 18:27:02,321 [Pipeline] Receptor PDBQT [ADFR prepare_receptor4 (python2.7)] → /home/chan/Research/Monomer_screening_in_Bio/results/phase3/CD9/NSGA_10_CETES/cross_CD63/receptor_step1.pdbqt
2026-08-31 18:27:02,322 [Pipeline]   charge check skipped (indeterminate: non-standard residues ['UNL']); net=+2.025 e
2026-08-31 18:27:02,324 [Pipeline] Custom AD4 parameters (B, Si) written: /home/chan/Research/Monomer_screening_in_Bio/results/phase3/CD9/NSGA_10_CETES/cross_CD63/step2_PTES/AD4_parameters_custom.dat
2026-08-31 18:27:02,324 [Pipeline] GPF written → /home/chan/Research/Monomer_screening_in_Bio/results/phase3/CD9/NSGA_10_CETES/cross_CD63/step2_PTES/receptor_step1_PTES.gpf
2026-08-31 18:27:08,390 [Pipeline] DPF written → /home/chan/Research/Monomer_screening_in_Bio/results/phase3/CD9/NSGA_10_CETES/cross_CD63/step2_PTES/receptor_step1_PTES.dpf
2026-08-31 18:27:08,391 [Pipeline] AutoDock-GPU settings not transferable from DPF: parameter_file: AD-GPU ignores it. Receptor-side Si/B parameters reach the run only through the AutoGrid maps; ligand-internal ones only through --modpair (applied) | ls_search_freq / set_psw1 / sw_*: AD-GPU uses ADADELTA local search at 100% rate; the DPF's Solis-Wets block does not apply and the GPU search protocol is NOT identical to AD4 CPU | ga_num_evals is a CEILING on the GPU: --autostop 1 ends a run on convergence, so the DLG's 'evaluations performed' is normally well below the configured budget
2026-08-31 18:27:10,430 [Pipeline] AutoDock-GPU completed: receptor_step1_PTES.dlg (seed (20260812, 1379640900, 1413720404))
2026-08-31 18:27:10,431 [Pipeline] Parsed 25 clusters from receptor_step1_PTES.dlg
2026-08-31 18:27:10,431 [Pipeline] Parsed 25 clusters from receptor_step1_PTES.dlg
2026-08-31 18:27:10,432 [Pipeline] Parsed 25 clusters from receptor_step1_PTES.dlg
2026-08-31 18:27:10,433 [Pipeline] Merged receptor+ligand → /home/chan/Research/Monomer_screening_in_Bio/results/phase3/CD9/NSGA_10_CETES/cross_CD63/receptor_step2.pdb
2026-08-31 18:27:10,688 [Pipeline] Receptor PDBQT [ADFR prepare_receptor4 (python2.7)] → /home/chan/Research/Monomer_screening_in_Bio/results/phase3/CD9/NSGA_10_CETES/cross_CD63/receptor_step2.pdbqt
2026-08-31 18:27:10,689 [Pipeline]   charge check skipped (indeterminate: non-standard residues ['UNL']); net=+2.025 e
2026-08-31 18:27:10,692 [Pipeline] Custom AD4 parameters (B, Si) written: /home/chan/Research/Monomer_screening_in_Bio/results/phase3/CD9/NSGA_10_CETES/cross_CD63/step3_CETES/AD4_parameters_custom.dat
2026-08-31 18:27:10,692 [Pipeline] GPF written → /home/chan/Research/Monomer_screening_in_Bio/results/phase3/CD9/NSGA_10_CETES/cross_CD63/step3_CETES/receptor_step2_CETES.gpf
2026-08-31 18:27:16,640 [Pipeline] DPF written → /home/chan/Research/Monomer_screening_in_Bio/results/phase3/CD9/NSGA_10_CETES/cross_CD63/step3_CETES/receptor_step2_CETES.dpf
2026-08-31 18:27:16,640 [Pipeline] AutoDock-GPU settings not transferable from DPF: parameter_file: AD-GPU ignores it. Receptor-side Si/B parameters reach the run only through the AutoGrid maps; ligand-internal ones only through --modpair (applied) | ls_search_freq / set_psw1 / sw_*: AD-GPU uses ADADELTA local search at 100% rate; the DPF's Solis-Wets block does not apply and the GPU search protocol is NOT identical to AD4 CPU | ga_num_evals is a CEILING on the GPU: --autostop 1 ends a run on convergence, so the DLG's 'evaluations performed' is normally well below the configured budget
2026-08-31 18:27:18,556 [Pipeline] AutoDock-GPU completed: receptor_step2_CETES.dlg (seed (20260812, 596622926, 602915150))
2026-08-31 18:27:18,557 [Pipeline] Parsed 25 clusters from receptor_step2_CETES.dlg
2026-08-31 18:27:18,557 [Pipeline] Parsed 25 clusters from receptor_step2_CETES.dlg
2026-08-31 18:27:18,558 [Pipeline] Parsed 25 clusters from receptor_step2_CETES.dlg
2026-08-31 18:27:18,559 [Pipeline] Merged receptor+ligand → /home/chan/Research/Monomer_screening_in_Bio/results/phase3/CD9/NSGA_10_CETES/cross_CD63/receptor_step3.pdb
2026-08-31 18:27:18,812 [Pipeline] Receptor PDBQT [ADFR prepare_receptor4 (python2.7)] → /home/chan/Research/Monomer_screening_in_Bio/results/phase3/CD9/NSGA_10_CETES/cross_CD63/receptor_step3.pdbqt
2026-08-31 18:27:18,813 [Pipeline]   charge check skipped (indeterminate: non-standard residues ['UNL']); net=+2.026 e
2026-08-31 18:27:18,816 [Pipeline] Custom AD4 parameters (B, Si) written: /home/chan/Research/Monomer_screening_in_Bio/results/phase3/CD9/NSGA_10_CETES/cross_CD63/step4_ICTES/AD4_parameters_custom.dat
2026-08-31 18:27:18,816 [Pipeline] GPF written → /home/chan/Research/Monomer_screening_in_Bio/results/phase3/CD9/NSGA_10_CETES/cross_CD63/step4_ICTES/receptor_step3_ICTES.gpf
2026-08-31 18:27:24,804 [Pipeline] DPF written → /home/chan/Research/Monomer_screening_in_Bio/results/phase3/CD9/NSGA_10_CETES/cross_CD63/step4_ICTES/receptor_step3_ICTES.dpf
2026-08-31 18:27:24,805 [Pipeline] AutoDock-GPU settings not transferable from DPF: parameter_file: AD-GPU ignores it. Receptor-side Si/B parameters reach the run only through the AutoGrid maps; ligand-internal ones only through --modpair (applied) | ls_search_freq / set_psw1 / sw_*: AD-GPU uses ADADELTA local search at 100% rate; the DPF's Solis-Wets block does not apply and the GPU search protocol is NOT identical to AD4 CPU | ga_num_evals is a CEILING on the GPU: --autostop 1 ends a run on convergence, so the DLG's 'evaluations performed' is normally well below the configured budget
2026-08-31 18:27:26,915 [Pipeline] AutoDock-GPU completed: receptor_step3_ICTES.dlg (seed (20260812, 216670599, 252980759))
2026-08-31 18:27:26,916 [Pipeline] Parsed 25 clusters from receptor_step3_ICTES.dlg
2026-08-31 18:27:26,917 [Pipeline] Parsed 25 clusters from receptor_step3_ICTES.dlg
2026-08-31 18:27:26,917 [Pipeline] Parsed 25 clusters from receptor_step3_ICTES.dlg
2026-08-31 18:27:26,918 [Pipeline] Merged receptor+ligand → /home/chan/Research/Monomer_screening_in_Bio/results/phase3/CD9/NSGA_10_CETES/cross_CD63/receptor_step4.pdb
2026-08-31 18:27:27,167 [Pipeline] Receptor PDBQT [ADFR prepare_receptor4 (python2.7)] → /home/chan/Research/Monomer_screening_in_Bio/results/phase3/CD9/NSGA_10_CETES/cross_CD63/receptor_step4.pdbqt
2026-08-31 18:27:27,168 [Pipeline]   charge check skipped (indeterminate: non-standard residues ['UNL']); net=+2.027 e
2026-08-31 18:27:27,170 [Pipeline] Custom AD4 parameters (B, Si) written: /home/chan/Research/Monomer_screening_in_Bio/results/phase3/CD9/NSGA_10_CETES/cross_CD63/step5_IBTES/AD4_parameters_custom.dat
2026-08-31 18:27:27,171 [Pipeline] GPF written → /home/chan/Research/Monomer_screening_in_Bio/results/phase3/CD9/NSGA_10_CETES/cross_CD63/step5_IBTES/receptor_step4_IBTES.gpf
2026-08-31 18:27:31,893 [Pipeline] DPF written → /home/chan/Research/Monomer_screening_in_Bio/results/phase3/CD9/NSGA_10_CETES/cross_CD63/step5_IBTES/receptor_step4_IBTES.dpf
2026-08-31 18:27:31,893 [Pipeline] AutoDock-GPU settings not transferable from DPF: parameter_file: AD-GPU ignores it. Receptor-side Si/B parameters reach the run only through the AutoGrid maps; ligand-internal ones only through --modpair (applied) | ls_search_freq / set_psw1 / sw_*: AD-GPU uses ADADELTA local search at 100% rate; the DPF's Solis-Wets block does not apply and the GPU search protocol is NOT identical to AD4 CPU | ga_num_evals is a CEILING on the GPU: --autostop 1 ends a run on convergence, so the DLG's 'evaluations performed' is normally well below the configured budget
2026-08-31 18:27:33,625 [Pipeline] AutoDock-GPU completed: receptor_step4_IBTES.dlg (seed (20260812, 408637363, 446926923))
2026-08-31 18:27:33,626 [Pipeline] Parsed 25 clusters from receptor_step4_IBTES.dlg
2026-08-31 18:27:33,626 [Pipeline] Parsed 25 clusters from receptor_step4_IBTES.dlg
2026-08-31 18:27:33,627 [Pipeline] Parsed 25 clusters from receptor_step4_IBTES.dlg
2026-08-31 18:27:33,628 [Pipeline] Merged receptor+ligand → /home/chan/Research/Monomer_screening_in_Bio/results/phase3/CD9/NSGA_10_CETES/cross_CD63/receptor_step5.pdb
2026-08-31 18:27:33,882 [Pipeline] Receptor PDBQT [ADFR prepare_receptor4 (python2.7)] → /home/chan/Research/Monomer_screening_in_Bio/results/phase3/CD9/NSGA_10_CETES/cross_CD63/receptor_step5.pdbqt
2026-08-31 18:27:33,883 [Pipeline]   charge check skipped (indeterminate: non-standard residues ['UNL']); net=+2.026 e
2026-08-31 18:27:33,885 [Pipeline] Custom AD4 parameters (B, Si) written: /home/chan/Research/Monomer_screening_in_Bio/results/phase3/CD9/NSGA_10_CETES/cross_CD63/step6_TEOS/AD4_parameters_custom.dat
2026-08-31 18:27:33,886 [Pipeline] GPF written → /home/chan/Research/Monomer_screening_in_Bio/results/phase3/CD9/NSGA_10_CETES/cross_CD63/step6_TEOS/receptor_step5_TEOS.gpf
2026-08-31 18:27:39,827 [Pipeline] DPF written → /home/chan/Research/Monomer_screening_in_Bio/results/phase3/CD9/NSGA_10_CETES/cross_CD63/step6_TEOS/receptor_step5_TEOS.dpf
2026-08-31 18:27:39,828 [Pipeline] AutoDock-GPU settings not transferable from DPF: parameter_file: AD-GPU ignores it. Receptor-side Si/B parameters reach the run only through the AutoGrid maps; ligand-internal ones only through --modpair (applied) | ls_search_freq / set_psw1 / sw_*: AD-GPU uses ADADELTA local search at 100% rate; the DPF's Solis-Wets block does not apply and the GPU search protocol is NOT identical to AD4 CPU | ga_num_evals is a CEILING on the GPU: --autostop 1 ends a run on convergence, so the DLG's 'evaluations performed' is normally well below the configured budget
2026-08-31 18:27:41,714 [Pipeline] AutoDock-GPU completed: receptor_step5_TEOS.dlg (seed (20260812, 2004831758, 2004849038))
2026-08-31 18:27:41,715 [Pipeline] Parsed 25 clusters from receptor_step5_TEOS.dlg
2026-08-31 18:27:41,716 [Pipeline] Parsed 25 clusters from receptor_step5_TEOS.dlg
2026-08-31 18:27:41,716 [Pipeline] Parsed 25 clusters from receptor_step5_TEOS.dlg
2026-08-31 18:27:41,717 [Pipeline]     XL TEOS: BE=-3.21
2026-08-31 18:27:41,719 [Pipeline] Custom AD4 parameters (B, Si) written: /home/chan/Research/Monomer_screening_in_Bio/results/phase3/CD9/NSGA_10_CETES/cross_CD63/step6_TMOS/AD4_parameters_custom.dat
2026-08-31 18:27:41,720 [Pipeline] GPF written → /home/chan/Research/Monomer_screening_in_Bio/results/phase3/CD9/NSGA_10_CETES/cross_CD63/step6_TMOS/receptor_step5_TMOS.gpf
2026-08-31 18:27:47,745 [Pipeline] DPF written → /home/chan/Research/Monomer_screening_in_Bio/results/phase3/CD9/NSGA_10_CETES/cross_CD63/step6_TMOS/receptor_step5_TMOS.dpf
2026-08-31 18:27:47,745 [Pipeline] AutoDock-GPU settings not transferable from DPF: parameter_file: AD-GPU ignores it. Receptor-side Si/B parameters reach the run only through the AutoGrid maps; ligand-internal ones only through --modpair (applied) | ls_search_freq / set_psw1 / sw_*: AD-GPU uses ADADELTA local search at 100% rate; the DPF's Solis-Wets block does not apply and the GPU search protocol is NOT identical to AD4 CPU | ga_num_evals is a CEILING on the GPU: --autostop 1 ends a run on convergence, so the DLG's 'evaluations performed' is normally well below the configured budget
2026-08-31 18:27:49,319 [Pipeline] AutoDock-GPU completed: receptor_step5_TMOS.dlg (seed (20260812, 456742869, 457283557))
2026-08-31 18:27:49,320 [Pipeline] Parsed 25 clusters from receptor_step5_TMOS.dlg
2026-08-31 18:27:49,321 [Pipeline] Parsed 25 clusters from receptor_step5_TMOS.dlg
2026-08-31 18:27:49,321 [Pipeline] Parsed 25 clusters from receptor_step5_TMOS.dlg
2026-08-31 18:27:49,321 [Pipeline]     XL TMOS: BE=-2.93
2026-08-31 18:27:49,322 [Pipeline]     Best XL: TEOS (BE=-3.21)
2026-08-31 18:27:49,324 [Pipeline] Custom AD4 parameters (B, Si) written: /home/chan/Research/Monomer_screening_in_Bio/results/phase3/CD9/NSGA_10_CETES/cross_CD81/step0_FPBA/AD4_parameters_custom.dat
2026-08-31 18:27:49,324 [Pipeline] GPF written → /home/chan/Research/Monomer_screening_in_Bio/results/phase3/CD9/NSGA_10_CETES/cross_CD81/step0_FPBA/CD81_receptor_FPBA.gpf
2026-08-31 18:27:50,836 [Pipeline] DPF written → /home/chan/Research/Monomer_screening_in_Bio/results/phase3/CD9/NSGA_10_CETES/cross_CD81/step0_FPBA/CD81_receptor_FPBA.dpf
2026-08-31 18:27:50,837 [Pipeline] AutoDock-GPU settings not transferable from DPF: parameter_file: AD-GPU ignores it. Receptor-side Si/B parameters reach the run only through the AutoGrid maps; ligand-internal ones only through --modpair (applied) | ls_search_freq / set_psw1 / sw_*: AD-GPU uses ADADELTA local search at 100% rate; the DPF's Solis-Wets block does not apply and the GPU search protocol is NOT identical to AD4 CPU | ga_num_evals is a CEILING on the GPU: --autostop 1 ends a run on convergence, so the DLG's 'evaluations performed' is normally well below the configured budget
2026-08-31 18:27:51,828 [Pipeline] AutoDock-GPU completed: CD81_receptor_FPBA.dlg (seed (20260812, 1063573366, 1065818246))
2026-08-31 18:27:51,828 [Pipeline] Parsed 25 clusters from CD81_receptor_FPBA.dlg
2026-08-31 18:27:51,829 [Pipeline] Parsed 25 clusters from CD81_receptor_FPBA.dlg
2026-08-31 18:27:51,830 [Pipeline] Parsed 25 clusters from CD81_receptor_FPBA.dlg
2026-08-31 18:27:51,830 [Pipeline] Merged receptor+ligand → /home/chan/Research/Monomer_screening_in_Bio/results/phase3/CD9/NSGA_10_CETES/cross_CD81/receptor_step0.pdb
2026-08-31 18:27:52,027 [Pipeline] Receptor PDBQT [ADFR prepare_receptor4 (python2.7)] → /home/chan/Research/Monomer_screening_in_Bio/results/phase3/CD9/NSGA_10_CETES/cross_CD81/receptor_step0.pdbqt
2026-08-31 18:27:52,028 [Pipeline]   charge check skipped (indeterminate: non-standard residues ['UNL']); net=-1.964 e
2026-08-31 18:27:52,030 [Pipeline] Custom AD4 parameters (B, Si) written: /home/chan/Research/Monomer_screening_in_Bio/results/phase3/CD9/NSGA_10_CETES/cross_CD81/step1_APBA/AD4_parameters_custom.dat
2026-08-31 18:27:52,030 [Pipeline] GPF written → /home/chan/Research/Monomer_screening_in_Bio/results/phase3/CD9/NSGA_10_CETES/cross_CD81/step1_APBA/receptor_step0_APBA.gpf
2026-08-31 18:27:53,598 [Pipeline] DPF written → /home/chan/Research/Monomer_screening_in_Bio/results/phase3/CD9/NSGA_10_CETES/cross_CD81/step1_APBA/receptor_step0_APBA.dpf
2026-08-31 18:27:53,598 [Pipeline] AutoDock-GPU settings not transferable from DPF: parameter_file: AD-GPU ignores it. Receptor-side Si/B parameters reach the run only through the AutoGrid maps; ligand-internal ones only through --modpair (applied) | ls_search_freq / set_psw1 / sw_*: AD-GPU uses ADADELTA local search at 100% rate; the DPF's Solis-Wets block does not apply and the GPU search protocol is NOT identical to AD4 CPU | ga_num_evals is a CEILING on the GPU: --autostop 1 ends a run on convergence, so the DLG's 'evaluations performed' is normally well below the configured budget
2026-08-31 18:27:54,719 [Pipeline] AutoDock-GPU completed: receptor_step0_APBA.dlg (seed (20260812, 1559272050, 1593501066))
2026-08-31 18:27:54,720 [Pipeline] Parsed 25 clusters from receptor_step0_APBA.dlg
2026-08-31 18:27:54,720 [Pipeline] Parsed 25 clusters from receptor_step0_APBA.dlg
2026-08-31 18:27:54,721 [Pipeline] Parsed 25 clusters from receptor_step0_APBA.dlg
2026-08-31 18:27:54,722 [Pipeline] Merged receptor+ligand → /home/chan/Research/Monomer_screening_in_Bio/results/phase3/CD9/NSGA_10_CETES/cross_CD81/receptor_step1.pdb
2026-08-31 18:27:54,929 [Pipeline] Receptor PDBQT [ADFR prepare_receptor4 (python2.7)] → /home/chan/Research/Monomer_screening_in_Bio/results/phase3/CD9/NSGA_10_CETES/cross_CD81/receptor_step1.pdbqt
2026-08-31 18:27:54,929 [Pipeline]   charge check skipped (indeterminate: non-standard residues ['UNL']); net=-1.962 e
2026-08-31 18:27:54,931 [Pipeline] Custom AD4 parameters (B, Si) written: /home/chan/Research/Monomer_screening_in_Bio/results/phase3/CD9/NSGA_10_CETES/cross_CD81/step2_PTES/AD4_parameters_custom.dat
2026-08-31 18:27:54,931 [Pipeline] GPF written → /home/chan/Research/Monomer_screening_in_Bio/results/phase3/CD9/NSGA_10_CETES/cross_CD81/step2_PTES/receptor_step1_PTES.gpf
2026-08-31 18:27:56,540 [Pipeline] DPF written → /home/chan/Research/Monomer_screening_in_Bio/results/phase3/CD9/NSGA_10_CETES/cross_CD81/step2_PTES/receptor_step1_PTES.dpf
2026-08-31 18:27:56,540 [Pipeline] AutoDock-GPU settings not transferable from DPF: parameter_file: AD-GPU ignores it. Receptor-side Si/B parameters reach the run only through the AutoGrid maps; ligand-internal ones only through --modpair (applied) | ls_search_freq / set_psw1 / sw_*: AD-GPU uses ADADELTA local search at 100% rate; the DPF's Solis-Wets block does not apply and the GPU search protocol is NOT identical to AD4 CPU | ga_num_evals is a CEILING on the GPU: --autostop 1 ends a run on convergence, so the DLG's 'evaluations performed' is normally well below the configured budget
2026-08-31 18:27:57,931 [Pipeline] AutoDock-GPU completed: receptor_step1_PTES.dlg (seed (20260812, 1379640900, 1413720404))
2026-08-31 18:27:57,932 [Pipeline] Parsed 25 clusters from receptor_step1_PTES.dlg
2026-08-31 18:27:57,933 [Pipeline] Parsed 25 clusters from receptor_step1_PTES.dlg
2026-08-31 18:27:57,933 [Pipeline] Parsed 25 clusters from receptor_step1_PTES.dlg
2026-08-31 18:27:57,934 [Pipeline] Merged receptor+ligand → /home/chan/Research/Monomer_screening_in_Bio/results/phase3/CD9/NSGA_10_CETES/cross_CD81/receptor_step2.pdb
2026-08-31 18:27:58,135 [Pipeline] Receptor PDBQT [ADFR prepare_receptor4 (python2.7)] → /home/chan/Research/Monomer_screening_in_Bio/results/phase3/CD9/NSGA_10_CETES/cross_CD81/receptor_step2.pdbqt
2026-08-31 18:27:58,135 [Pipeline]   charge check skipped (indeterminate: non-standard residues ['UNL']); net=-1.962 e
2026-08-31 18:27:58,137 [Pipeline] Custom AD4 parameters (B, Si) written: /home/chan/Research/Monomer_screening_in_Bio/results/phase3/CD9/NSGA_10_CETES/cross_CD81/step3_CETES/AD4_parameters_custom.dat
2026-08-31 18:27:58,137 [Pipeline] GPF written → /home/chan/Research/Monomer_screening_in_Bio/results/phase3/CD9/NSGA_10_CETES/cross_CD81/step3_CETES/receptor_step2_CETES.gpf
2026-08-31 18:27:58,334 [Pipeline] DPF written → /home/chan/Research/Monomer_screening_in_Bio/results/phase3/CD9/NSGA_10_CETES/cross_CD81/step3_CETES/receptor_step2_CETES.dpf
2026-08-31 18:27:58,334 [Pipeline] AutoDock-GPU settings not transferable from DPF: parameter_file: AD-GPU ignores it. Receptor-side Si/B parameters reach the run only through the AutoGrid maps; ligand-internal ones only through --modpair (applied) | ls_search_freq / set_psw1 / sw_*: AD-GPU uses ADADELTA local search at 100% rate; the DPF's Solis-Wets block does not apply and the GPU search protocol is NOT identical to AD4 CPU | ga_num_evals is a CEILING on the GPU: --autostop 1 ends a run on convergence, so the DLG's 'evaluations performed' is normally well below the configured budget
2026-08-31 18:27:59,682 [Pipeline] AutoDock-GPU completed: receptor_step2_CETES.dlg (seed (20260812, 596622926, 602915150))
2026-08-31 18:27:59,683 [Pipeline] Parsed 25 clusters from receptor_step2_CETES.dlg
2026-08-31 18:27:59,684 [Pipeline] Parsed 25 clusters from receptor_step2_CETES.dlg
2026-08-31 18:27:59,685 [Pipeline] Parsed 25 clusters from receptor_step2_CETES.dlg
2026-08-31 18:27:59,686 [Pipeline] Merged receptor+ligand → /home/chan/Research/Monomer_screening_in_Bio/results/phase3/CD9/NSGA_10_CETES/cross_CD81/receptor_step3.pdb
2026-08-31 18:27:59,895 [Pipeline] Receptor PDBQT [ADFR prepare_receptor4 (python2.7)] → /home/chan/Research/Monomer_screening_in_Bio/results/phase3/CD9/NSGA_10_CETES/cross_CD81/receptor_step3.pdbqt
2026-08-31 18:27:59,896 [Pipeline]   charge check skipped (indeterminate: non-standard residues ['UNL']); net=-1.961 e
2026-08-31 18:27:59,898 [Pipeline] Custom AD4 parameters (B, Si) written: /home/chan/Research/Monomer_screening_in_Bio/results/phase3/CD9/NSGA_10_CETES/cross_CD81/step4_ICTES/AD4_parameters_custom.dat
2026-08-31 18:27:59,898 [Pipeline] GPF written → /home/chan/Research/Monomer_screening_in_Bio/results/phase3/CD9/NSGA_10_CETES/cross_CD81/step4_ICTES/receptor_step3_ICTES.gpf
2026-08-31 18:28:01,416 [Pipeline] DPF written → /home/chan/Research/Monomer_screening_in_Bio/results/phase3/CD9/NSGA_10_CETES/cross_CD81/step4_ICTES/receptor_step3_ICTES.dpf
2026-08-31 18:28:01,417 [Pipeline] AutoDock-GPU settings not transferable from DPF: parameter_file: AD-GPU ignores it. Receptor-side Si/B parameters reach the run only through the AutoGrid maps; ligand-internal ones only through --modpair (applied) | ls_search_freq / set_psw1 / sw_*: AD-GPU uses ADADELTA local search at 100% rate; the DPF's Solis-Wets block does not apply and the GPU search protocol is NOT identical to AD4 CPU | ga_num_evals is a CEILING on the GPU: --autostop 1 ends a run on convergence, so the DLG's 'evaluations performed' is normally well below the configured budget
2026-08-31 18:28:02,773 [Pipeline] AutoDock-GPU completed: receptor_step3_ICTES.dlg (seed (20260812, 216670599, 252980759))
2026-08-31 18:28:02,774 [Pipeline] Parsed 25 clusters from receptor_step3_ICTES.dlg
2026-08-31 18:28:02,775 [Pipeline] Parsed 25 clusters from receptor_step3_ICTES.dlg
2026-08-31 18:28:02,776 [Pipeline] Parsed 25 clusters from receptor_step3_ICTES.dlg
2026-08-31 18:28:02,776 [Pipeline] Merged receptor+ligand → /home/chan/Research/Monomer_screening_in_Bio/results/phase3/CD9/NSGA_10_CETES/cross_CD81/receptor_step4.pdb
2026-08-31 18:28:02,981 [Pipeline] Receptor PDBQT [ADFR prepare_receptor4 (python2.7)] → /home/chan/Research/Monomer_screening_in_Bio/results/phase3/CD9/NSGA_10_CETES/cross_CD81/receptor_step4.pdbqt
2026-08-31 18:28:02,982 [Pipeline]   charge check skipped (indeterminate: non-standard residues ['UNL']); net=-1.960 e
2026-08-31 18:28:02,984 [Pipeline] Custom AD4 parameters (B, Si) written: /home/chan/Research/Monomer_screening_in_Bio/results/phase3/CD9/NSGA_10_CETES/cross_CD81/step5_IBTES/AD4_parameters_custom.dat
2026-08-31 18:28:02,984 [Pipeline] GPF written → /home/chan/Research/Monomer_screening_in_Bio/results/phase3/CD9/NSGA_10_CETES/cross_CD81/step5_IBTES/receptor_step4_IBTES.gpf
2026-08-31 18:28:04,579 [Pipeline] DPF written → /home/chan/Research/Monomer_screening_in_Bio/results/phase3/CD9/NSGA_10_CETES/cross_CD81/step5_IBTES/receptor_step4_IBTES.dpf
2026-08-31 18:28:04,579 [Pipeline] AutoDock-GPU settings not transferable from DPF: parameter_file: AD-GPU ignores it. Receptor-side Si/B parameters reach the run only through the AutoGrid maps; ligand-internal ones only through --modpair (applied) | ls_search_freq / set_psw1 / sw_*: AD-GPU uses ADADELTA local search at 100% rate; the DPF's Solis-Wets block does not apply and the GPU search protocol is NOT identical to AD4 CPU | ga_num_evals is a CEILING on the GPU: --autostop 1 ends a run on convergence, so the DLG's 'evaluations performed' is normally well below the configured budget
2026-08-31 18:28:05,720 [Pipeline] AutoDock-GPU completed: receptor_step4_IBTES.dlg (seed (20260812, 408637363, 446926923))
2026-08-31 18:28:05,721 [Pipeline] Parsed 25 clusters from receptor_step4_IBTES.dlg
2026-08-31 18:28:05,722 [Pipeline] Parsed 25 clusters from receptor_step4_IBTES.dlg
2026-08-31 18:28:05,723 [Pipeline] Parsed 25 clusters from receptor_step4_IBTES.dlg
2026-08-31 18:28:05,723 [Pipeline] Merged receptor+ligand → /home/chan/Research/Monomer_screening_in_Bio/results/phase3/CD9/NSGA_10_CETES/cross_CD81/receptor_step5.pdb
2026-08-31 18:28:05,939 [Pipeline] Receptor PDBQT [ADFR prepare_receptor4 (python2.7)] → /home/chan/Research/Monomer_screening_in_Bio/results/phase3/CD9/NSGA_10_CETES/cross_CD81/receptor_step5.pdbqt
2026-08-31 18:28:05,939 [Pipeline]   charge check skipped (indeterminate: non-standard residues ['UNL']); net=-1.961 e
2026-08-31 18:28:05,942 [Pipeline] Custom AD4 parameters (B, Si) written: /home/chan/Research/Monomer_screening_in_Bio/results/phase3/CD9/NSGA_10_CETES/cross_CD81/step6_TEOS/AD4_parameters_custom.dat
2026-08-31 18:28:05,942 [Pipeline] GPF written → /home/chan/Research/Monomer_screening_in_Bio/results/phase3/CD9/NSGA_10_CETES/cross_CD81/step6_TEOS/receptor_step5_TEOS.gpf
2026-08-31 18:28:07,480 [Pipeline] DPF written → /home/chan/Research/Monomer_screening_in_Bio/results/phase3/CD9/NSGA_10_CETES/cross_CD81/step6_TEOS/receptor_step5_TEOS.dpf
2026-08-31 18:28:07,480 [Pipeline] AutoDock-GPU settings not transferable from DPF: parameter_file: AD-GPU ignores it. Receptor-side Si/B parameters reach the run only through the AutoGrid maps; ligand-internal ones only through --modpair (applied) | ls_search_freq / set_psw1 / sw_*: AD-GPU uses ADADELTA local search at 100% rate; the DPF's Solis-Wets block does not apply and the GPU search protocol is NOT identical to AD4 CPU | ga_num_evals is a CEILING on the GPU: --autostop 1 ends a run on convergence, so the DLG's 'evaluations performed' is normally well below the configured budget
2026-08-31 18:28:08,453 [Pipeline] AutoDock-GPU completed: receptor_step5_TEOS.dlg (seed (20260812, 2004831758, 2004849038))
2026-08-31 18:28:08,454 [Pipeline] Parsed 25 clusters from receptor_step5_TEOS.dlg
2026-08-31 18:28:08,454 [Pipeline] Parsed 25 clusters from receptor_step5_TEOS.dlg
2026-08-31 18:28:08,455 [Pipeline] Parsed 25 clusters from receptor_step5_TEOS.dlg
2026-08-31 18:28:08,455 [Pipeline]     XL TEOS: BE=-3.04
2026-08-31 18:28:08,457 [Pipeline] Custom AD4 parameters (B, Si) written: /home/chan/Research/Monomer_screening_in_Bio/results/phase3/CD9/NSGA_10_CETES/cross_CD81/step6_TMOS/AD4_parameters_custom.dat
2026-08-31 18:28:08,458 [Pipeline] GPF written → /home/chan/Research/Monomer_screening_in_Bio/results/phase3/CD9/NSGA_10_CETES/cross_CD81/step6_TMOS/receptor_step5_TMOS.gpf
2026-08-31 18:28:10,084 [Pipeline] DPF written → /home/chan/Research/Monomer_screening_in_Bio/results/phase3/CD9/NSGA_10_CETES/cross_CD81/step6_TMOS/receptor_step5_TMOS.dpf
2026-08-31 18:28:10,085 [Pipeline] AutoDock-GPU settings not transferable from DPF: parameter_file: AD-GPU ignores it. Receptor-side Si/B parameters reach the run only through the AutoGrid maps; ligand-internal ones only through --modpair (applied) | ls_search_freq / set_psw1 / sw_*: AD-GPU uses ADADELTA local search at 100% rate; the DPF's Solis-Wets block does not apply and the GPU search protocol is NOT identical to AD4 CPU | ga_num_evals is a CEILING on the GPU: --autostop 1 ends a run on convergence, so the DLG's 'evaluations performed' is normally well below the configured budget
2026-08-31 18:28:10,924 [Pipeline] AutoDock-GPU completed: receptor_step5_TMOS.dlg (seed (20260812, 456742869, 457283557))
2026-08-31 18:28:10,925 [Pipeline] Parsed 25 clusters from receptor_step5_TMOS.dlg
2026-08-31 18:28:10,925 [Pipeline] Parsed 25 clusters from receptor_step5_TMOS.dlg
2026-08-31 18:28:10,926 [Pipeline] Parsed 25 clusters from receptor_step5_TMOS.dlg
2026-08-31 18:28:10,926 [Pipeline]     XL TMOS: BE=-3.03
2026-08-31 18:28:10,926 [Pipeline]     Best XL: TEOS (BE=-3.04)
2026-08-31 18:28:10,927 [Pipeline]     NSGA_10_CETES ΔΔG=+2.55 kcal/mol, penalty=1.78 → obj=-0.614
2026-08-31 18:28:10,927 [Pipeline]   NSGA[10]: ['CETES', 'APBA', 'ICTES', 'FPBA', 'IBTES', 'PTES'] → aff=-3.93, sel=0.29, synth=7.8/10, ΔΔG=+2.55
2026-08-31 18:28:10,929 [Pipeline] Custom AD4 parameters (B, Si) written: /home/chan/Research/Monomer_screening_in_Bio/results/phase3/CD9/NSGA_11_TTMS/step0_FPBA/AD4_parameters_custom.dat
2026-08-31 18:28:10,929 [Pipeline] GPF written → /home/chan/Research/Monomer_screening_in_Bio/results/phase3/CD9/NSGA_11_TTMS/step0_FPBA/CD9_receptor_FPBA.gpf
2026-08-31 18:28:12,374 [Pipeline] DPF written → /home/chan/Research/Monomer_screening_in_Bio/results/phase3/CD9/NSGA_11_TTMS/step0_FPBA/CD9_receptor_FPBA.dpf
2026-08-31 18:28:12,374 [Pipeline] AutoDock-GPU settings not transferable from DPF: parameter_file: AD-GPU ignores it. Receptor-side Si/B parameters reach the run only through the AutoGrid maps; ligand-internal ones only through --modpair (applied) | ls_search_freq / set_psw1 / sw_*: AD-GPU uses ADADELTA local search at 100% rate; the DPF's Solis-Wets block does not apply and the GPU search protocol is NOT identical to AD4 CPU | ga_num_evals is a CEILING on the GPU: --autostop 1 ends a run on convergence, so the DLG's 'evaluations performed' is normally well below the configured budget
2026-08-31 18:28:13,357 [Pipeline] AutoDock-GPU completed: CD9_receptor_FPBA.dlg (seed (20260812, 1964201909, 1968937029))
2026-08-31 18:28:13,357 [Pipeline] Parsed 25 clusters from CD9_receptor_FPBA.dlg
2026-08-31 18:28:13,358 [Pipeline] Parsed 25 clusters from CD9_receptor_FPBA.dlg
2026-08-31 18:28:13,359 [Pipeline] Parsed 25 clusters from CD9_receptor_FPBA.dlg
2026-08-31 18:28:13,359 [Pipeline] Merged receptor+ligand → /home/chan/Research/Monomer_screening_in_Bio/results/phase3/CD9/NSGA_11_TTMS/receptor_step0.pdb
2026-08-31 18:28:13,559 [Pipeline] Receptor PDBQT [ADFR prepare_receptor4 (python2.7)] → /home/chan/Research/Monomer_screening_in_Bio/results/phase3/CD9/NSGA_11_TTMS/receptor_step0.pdbqt
2026-08-31 18:28:13,560 [Pipeline]   charge check skipped (indeterminate: non-standard residues ['UNL']); net=-0.971 e
2026-08-31 18:28:13,562 [Pipeline] Custom AD4 parameters (B, Si) written: /home/chan/Research/Monomer_screening_in_Bio/results/phase3/CD9/NSGA_11_TTMS/step1_ICTES/AD4_parameters_custom.dat
2026-08-31 18:28:13,562 [Pipeline] GPF written → /home/chan/Research/Monomer_screening_in_Bio/results/phase3/CD9/NSGA_11_TTMS/step1_ICTES/receptor_step0_ICTES.gpf
2026-08-31 18:28:14,971 [Pipeline] DPF written → /home/chan/Research/Monomer_screening_in_Bio/results/phase3/CD9/NSGA_11_TTMS/step1_ICTES/receptor_step0_ICTES.dpf
2026-08-31 18:28:14,972 [Pipeline] AutoDock-GPU settings not transferable from DPF: parameter_file: AD-GPU ignores it. Receptor-side Si/B parameters reach the run only through the AutoGrid maps; ligand-internal ones only through --modpair (applied) | ls_search_freq / set_psw1 / sw_*: AD-GPU uses ADADELTA local search at 100% rate; the DPF's Solis-Wets block does not apply and the GPU search protocol is NOT identical to AD4 CPU | ga_num_evals is a CEILING on the GPU: --autostop 1 ends a run on convergence, so the DLG's 'evaluations performed' is normally well below the configured budget
2026-08-31 18:28:16,081 [Pipeline] AutoDock-GPU completed: receptor_step0_ICTES.dlg (seed (20260812, 1893385739, 1931807123))
2026-08-31 18:28:16,082 [Pipeline] Parsed 25 clusters from receptor_step0_ICTES.dlg
2026-08-31 18:28:16,082 [Pipeline] Parsed 25 clusters from receptor_step0_ICTES.dlg
2026-08-31 18:28:16,083 [Pipeline] Parsed 25 clusters from receptor_step0_ICTES.dlg
2026-08-31 18:28:16,084 [Pipeline] Merged receptor+ligand → /home/chan/Research/Monomer_screening_in_Bio/results/phase3/CD9/NSGA_11_TTMS/receptor_step1.pdb
2026-08-31 18:28:16,276 [Pipeline] Receptor PDBQT [ADFR prepare_receptor4 (python2.7)] → /home/chan/Research/Monomer_screening_in_Bio/results/phase3/CD9/NSGA_11_TTMS/receptor_step1.pdbqt
2026-08-31 18:28:16,277 [Pipeline]   charge check skipped (indeterminate: non-standard residues ['UNL']); net=-0.970 e
2026-08-31 18:28:16,279 [Pipeline] Custom AD4 parameters (B, Si) written: /home/chan/Research/Monomer_screening_in_Bio/results/phase3/CD9/NSGA_11_TTMS/step2_TTMS/AD4_parameters_custom.dat
2026-08-31 18:28:16,279 [Pipeline] GPF written → /home/chan/Research/Monomer_screening_in_Bio/results/phase3/CD9/NSGA_11_TTMS/step2_TTMS/receptor_step1_TTMS.gpf
2026-08-31 18:28:17,781 [Pipeline] DPF written → /home/chan/Research/Monomer_screening_in_Bio/results/phase3/CD9/NSGA_11_TTMS/step2_TTMS/receptor_step1_TTMS.dpf
2026-08-31 18:28:17,782 [Pipeline] AutoDock-GPU settings not transferable from DPF: parameter_file: AD-GPU ignores it. Receptor-side Si/B parameters reach the run only through the AutoGrid maps; ligand-internal ones only through --modpair (applied) | ls_search_freq / set_psw1 / sw_*: AD-GPU uses ADADELTA local search at 100% rate; the DPF's Solis-Wets block does not apply and the GPU search protocol is NOT identical to AD4 CPU | ga_num_evals is a CEILING on the GPU: --autostop 1 ends a run on convergence, so the DLG's 'evaluations performed' is normally well below the configured budget
2026-08-31 18:28:18,731 [Pipeline] AutoDock-GPU completed: receptor_step1_TTMS.dlg (seed (20260812, 1328343326, 1330575006))
2026-08-31 18:28:18,732 [Pipeline] Parsed 25 clusters from receptor_step1_TTMS.dlg
2026-08-31 18:28:18,733 [Pipeline] Parsed 25 clusters from receptor_step1_TTMS.dlg
2026-08-31 18:28:18,733 [Pipeline] Parsed 25 clusters from receptor_step1_TTMS.dlg
2026-08-31 18:28:18,734 [Pipeline] Merged receptor+ligand → /home/chan/Research/Monomer_screening_in_Bio/results/phase3/CD9/NSGA_11_TTMS/receptor_step2.pdb
2026-08-31 18:28:18,939 [Pipeline] Receptor PDBQT [ADFR prepare_receptor4 (python2.7)] → /home/chan/Research/Monomer_screening_in_Bio/results/phase3/CD9/NSGA_11_TTMS/receptor_step2.pdbqt
2026-08-31 18:28:18,941 [Pipeline]   charge check skipped (indeterminate: non-standard residues ['UNL']); net=-0.970 e
2026-08-31 18:28:18,942 [Pipeline] Custom AD4 parameters (B, Si) written: /home/chan/Research/Monomer_screening_in_Bio/results/phase3/CD9/NSGA_11_TTMS/step3_IBTES/AD4_parameters_custom.dat
2026-08-31 18:28:18,943 [Pipeline] GPF written → /home/chan/Research/Monomer_screening_in_Bio/results/phase3/CD9/NSGA_11_TTMS/step3_IBTES/receptor_step2_IBTES.gpf
2026-08-31 18:28:20,378 [Pipeline] DPF written → /home/chan/Research/Monomer_screening_in_Bio/results/phase3/CD9/NSGA_11_TTMS/step3_IBTES/receptor_step2_IBTES.dpf
2026-08-31 18:28:20,378 [Pipeline] AutoDock-GPU settings not transferable from DPF: parameter_file: AD-GPU ignores it. Receptor-side Si/B parameters reach the run only through the AutoGrid maps; ligand-internal ones only through --modpair (applied) | ls_search_freq / set_psw1 / sw_*: AD-GPU uses ADADELTA local search at 100% rate; the DPF's Solis-Wets block does not apply and the GPU search protocol is NOT identical to AD4 CPU | ga_num_evals is a CEILING on the GPU: --autostop 1 ends a run on convergence, so the DLG's 'evaluations performed' is normally well below the configured budget
2026-08-31 18:28:21,403 [Pipeline] AutoDock-GPU completed: receptor_step2_IBTES.dlg (seed (20260812, 480102428, 517871524))
2026-08-31 18:28:21,404 [Pipeline] Parsed 25 clusters from receptor_step2_IBTES.dlg
2026-08-31 18:28:21,405 [Pipeline] Parsed 25 clusters from receptor_step2_IBTES.dlg
2026-08-31 18:28:21,406 [Pipeline] Parsed 25 clusters from receptor_step2_IBTES.dlg
2026-08-31 18:28:21,406 [Pipeline] Merged receptor+ligand → /home/chan/Research/Monomer_screening_in_Bio/results/phase3/CD9/NSGA_11_TTMS/receptor_step3.pdb
2026-08-31 18:28:21,610 [Pipeline] Receptor PDBQT [ADFR prepare_receptor4 (python2.7)] → /home/chan/Research/Monomer_screening_in_Bio/results/phase3/CD9/NSGA_11_TTMS/receptor_step3.pdbqt
2026-08-31 18:28:21,611 [Pipeline]   charge check skipped (indeterminate: non-standard residues ['UNL']); net=-0.971 e
2026-08-31 18:28:21,613 [Pipeline] Custom AD4 parameters (B, Si) written: /home/chan/Research/Monomer_screening_in_Bio/results/phase3/CD9/NSGA_11_TTMS/step4_TEOS/AD4_parameters_custom.dat
2026-08-31 18:28:21,613 [Pipeline] GPF written → /home/chan/Research/Monomer_screening_in_Bio/results/phase3/CD9/NSGA_11_TTMS/step4_TEOS/receptor_step3_TEOS.gpf
2026-08-31 18:28:23,023 [Pipeline] DPF written → /home/chan/Research/Monomer_screening_in_Bio/results/phase3/CD9/NSGA_11_TTMS/step4_TEOS/receptor_step3_TEOS.dpf
2026-08-31 18:28:23,023 [Pipeline] AutoDock-GPU settings not transferable from DPF: parameter_file: AD-GPU ignores it. Receptor-side Si/B parameters reach the run only through the AutoGrid maps; ligand-internal ones only through --modpair (applied) | ls_search_freq / set_psw1 / sw_*: AD-GPU uses ADADELTA local search at 100% rate; the DPF's Solis-Wets block does not apply and the GPU search protocol is NOT identical to AD4 CPU | ga_num_evals is a CEILING on the GPU: --autostop 1 ends a run on convergence, so the DLG's 'evaluations performed' is normally well below the configured budget
2026-08-31 18:28:23,993 [Pipeline] AutoDock-GPU completed: receptor_step3_TEOS.dlg (seed (20260812, 1864881821, 1866995997))
2026-08-31 18:28:23,993 [Pipeline] Parsed 25 clusters from receptor_step3_TEOS.dlg
2026-08-31 18:28:23,994 [Pipeline] Parsed 25 clusters from receptor_step3_TEOS.dlg
2026-08-31 18:28:23,995 [Pipeline] Parsed 25 clusters from receptor_step3_TEOS.dlg
2026-08-31 18:28:23,995 [Pipeline]     XL TEOS: BE=-2.64
2026-08-31 18:28:23,997 [Pipeline] Custom AD4 parameters (B, Si) written: /home/chan/Research/Monomer_screening_in_Bio/results/phase3/CD9/NSGA_11_TTMS/step4_TMOS/AD4_parameters_custom.dat
2026-08-31 18:28:23,997 [Pipeline] GPF written → /home/chan/Research/Monomer_screening_in_Bio/results/phase3/CD9/NSGA_11_TTMS/step4_TMOS/receptor_step3_TMOS.gpf
2026-08-31 18:28:25,450 [Pipeline] DPF written → /home/chan/Research/Monomer_screening_in_Bio/results/phase3/CD9/NSGA_11_TTMS/step4_TMOS/receptor_step3_TMOS.dpf
2026-08-31 18:28:25,450 [Pipeline] AutoDock-GPU settings not transferable from DPF: parameter_file: AD-GPU ignores it. Receptor-side Si/B parameters reach the run only through the AutoGrid maps; ligand-internal ones only through --modpair (applied) | ls_search_freq / set_psw1 / sw_*: AD-GPU uses ADADELTA local search at 100% rate; the DPF's Solis-Wets block does not apply and the GPU search protocol is NOT identical to AD4 CPU | ga_num_evals is a CEILING on the GPU: --autostop 1 ends a run on convergence, so the DLG's 'evaluations performed' is normally well below the configured budget
2026-08-31 18:28:26,254 [Pipeline] AutoDock-GPU completed: receptor_step3_TMOS.dlg (seed (20260812, 341728261, 379626389))
2026-08-31 18:28:26,254 [Pipeline] Parsed 25 clusters from receptor_step3_TMOS.dlg
2026-08-31 18:28:26,255 [Pipeline] Parsed 25 clusters from receptor_step3_TMOS.dlg
2026-08-31 18:28:26,256 [Pipeline] Parsed 25 clusters from receptor_step3_TMOS.dlg
2026-08-31 18:28:26,256 [Pipeline]     XL TMOS: BE=-2.69
2026-08-31 18:28:26,256 [Pipeline]     Best XL: TMOS (BE=-2.69)
2026-08-31 18:28:26,259 [Pipeline] Custom AD4 parameters (B, Si) written: /home/chan/Research/Monomer_screening_in_Bio/results/phase3/CD9/NSGA_11_TTMS/cross_CD63/step0_FPBA/AD4_parameters_custom.dat
2026-08-31 18:28:26,259 [Pipeline] GPF written → /home/chan/Research/Monomer_screening_in_Bio/results/phase3/CD9/NSGA_11_TTMS/cross_CD63/step0_FPBA/CD63_receptor_glyco_FPBA.gpf
2026-08-31 18:28:31,773 [Pipeline] DPF written → /home/chan/Research/Monomer_screening_in_Bio/results/phase3/CD9/NSGA_11_TTMS/cross_CD63/step0_FPBA/CD63_receptor_glyco_FPBA.dpf
2026-08-31 18:28:31,773 [Pipeline] AutoDock-GPU settings not transferable from DPF: parameter_file: AD-GPU ignores it. Receptor-side Si/B parameters reach the run only through the AutoGrid maps; ligand-internal ones only through --modpair (applied) | ls_search_freq / set_psw1 / sw_*: AD-GPU uses ADADELTA local search at 100% rate; the DPF's Solis-Wets block does not apply and the GPU search protocol is NOT identical to AD4 CPU | ga_num_evals is a CEILING on the GPU: --autostop 1 ends a run on convergence, so the DLG's 'evaluations performed' is normally well below the configured budget
2026-08-31 18:28:33,899 [Pipeline] AutoDock-GPU completed: CD63_receptor_glyco_FPBA.dlg (seed (20260812, 329769312, 331869792))
2026-08-31 18:28:33,900 [Pipeline] Parsed 25 clusters from CD63_receptor_glyco_FPBA.dlg
2026-08-31 18:28:33,900 [Pipeline] Parsed 25 clusters from CD63_receptor_glyco_FPBA.dlg
2026-08-31 18:28:33,901 [Pipeline] Parsed 25 clusters from CD63_receptor_glyco_FPBA.dlg
2026-08-31 18:28:33,902 [Pipeline] Merged receptor+ligand → /home/chan/Research/Monomer_screening_in_Bio/results/phase3/CD9/NSGA_11_TTMS/cross_CD63/receptor_step0.pdb
2026-08-31 18:28:34,153 [Pipeline] Receptor PDBQT [ADFR prepare_receptor4 (python2.7)] → /home/chan/Research/Monomer_screening_in_Bio/results/phase3/CD9/NSGA_11_TTMS/cross_CD63/receptor_step0.pdbqt
2026-08-31 18:28:34,154 [Pipeline]   charge check skipped (indeterminate: non-standard residues ['UNL']); net=+2.023 e
2026-08-31 18:28:34,156 [Pipeline] Custom AD4 parameters (B, Si) written: /home/chan/Research/Monomer_screening_in_Bio/results/phase3/CD9/NSGA_11_TTMS/cross_CD63/step1_ICTES/AD4_parameters_custom.dat
2026-08-31 18:28:34,157 [Pipeline] GPF written → /home/chan/Research/Monomer_screening_in_Bio/results/phase3/CD9/NSGA_11_TTMS/cross_CD63/step1_ICTES/receptor_step0_ICTES.gpf
2026-08-31 18:28:40,092 [Pipeline] DPF written → /home/chan/Research/Monomer_screening_in_Bio/results/phase3/CD9/NSGA_11_TTMS/cross_CD63/step1_ICTES/receptor_step0_ICTES.dpf
2026-08-31 18:28:40,092 [Pipeline] AutoDock-GPU settings not transferable from DPF: parameter_file: AD-GPU ignores it. Receptor-side Si/B parameters reach the run only through the AutoGrid maps; ligand-internal ones only through --modpair (applied) | ls_search_freq / set_psw1 / sw_*: AD-GPU uses ADADELTA local search at 100% rate; the DPF's Solis-Wets block does not apply and the GPU search protocol is NOT identical to AD4 CPU | ga_num_evals is a CEILING on the GPU: --autostop 1 ends a run on convergence, so the DLG's 'evaluations performed' is normally well below the configured budget
2026-08-31 18:28:42,792 [Pipeline] AutoDock-GPU completed: receptor_step0_ICTES.dlg (seed (20260812, 1893385739, 1931807123))
2026-08-31 18:28:42,793 [Pipeline] Parsed 25 clusters from receptor_step0_ICTES.dlg
2026-08-31 18:28:42,794 [Pipeline] Parsed 25 clusters from receptor_step0_ICTES.dlg
2026-08-31 18:28:42,794 [Pipeline] Parsed 25 clusters from receptor_step0_ICTES.dlg
2026-08-31 18:28:42,795 [Pipeline] Merged receptor+ligand → /home/chan/Research/Monomer_screening_in_Bio/results/phase3/CD9/NSGA_11_TTMS/cross_CD63/receptor_step1.pdb
2026-08-31 18:28:43,051 [Pipeline] Receptor PDBQT [ADFR prepare_receptor4 (python2.7)] → /home/chan/Research/Monomer_screening_in_Bio/results/phase3/CD9/NSGA_11_TTMS/cross_CD63/receptor_step1.pdbqt
2026-08-31 18:28:43,052 [Pipeline]   charge check skipped (indeterminate: non-standard residues ['UNL']); net=+2.024 e
2026-08-31 18:28:43,054 [Pipeline] Custom AD4 parameters (B, Si) written: /home/chan/Research/Monomer_screening_in_Bio/results/phase3/CD9/NSGA_11_TTMS/cross_CD63/step2_TTMS/AD4_parameters_custom.dat
2026-08-31 18:28:43,054 [Pipeline] GPF written → /home/chan/Research/Monomer_screening_in_Bio/results/phase3/CD9/NSGA_11_TTMS/cross_CD63/step2_TTMS/receptor_step1_TTMS.gpf
2026-08-31 18:28:48,902 [Pipeline] DPF written → /home/chan/Research/Monomer_screening_in_Bio/results/phase3/CD9/NSGA_11_TTMS/cross_CD63/step2_TTMS/receptor_step1_TTMS.dpf
2026-08-31 18:28:48,903 [Pipeline] AutoDock-GPU settings not transferable from DPF: parameter_file: AD-GPU ignores it. Receptor-side Si/B parameters reach the run only through the AutoGrid maps; ligand-internal ones only through --modpair (applied) | ls_search_freq / set_psw1 / sw_*: AD-GPU uses ADADELTA local search at 100% rate; the DPF's Solis-Wets block does not apply and the GPU search protocol is NOT identical to AD4 CPU | ga_num_evals is a CEILING on the GPU: --autostop 1 ends a run on convergence, so the DLG's 'evaluations performed' is normally well below the configured budget
2026-08-31 18:28:50,780 [Pipeline] AutoDock-GPU completed: receptor_step1_TTMS.dlg (seed (20260812, 1328343326, 1330575006))
2026-08-31 18:28:50,780 [Pipeline] Parsed 25 clusters from receptor_step1_TTMS.dlg
2026-08-31 18:28:50,781 [Pipeline] Parsed 25 clusters from receptor_step1_TTMS.dlg
2026-08-31 18:28:50,782 [Pipeline] Parsed 25 clusters from receptor_step1_TTMS.dlg
2026-08-31 18:28:50,783 [Pipeline] Merged receptor+ligand → /home/chan/Research/Monomer_screening_in_Bio/results/phase3/CD9/NSGA_11_TTMS/cross_CD63/receptor_step2.pdb
2026-08-31 18:28:51,025 [Pipeline] Receptor PDBQT [ADFR prepare_receptor4 (python2.7)] → /home/chan/Research/Monomer_screening_in_Bio/results/phase3/CD9/NSGA_11_TTMS/cross_CD63/receptor_step2.pdbqt
2026-08-31 18:28:51,026 [Pipeline]   charge check skipped (indeterminate: non-standard residues ['UNL']); net=+2.024 e
2026-08-31 18:28:51,029 [Pipeline] Custom AD4 parameters (B, Si) written: /home/chan/Research/Monomer_screening_in_Bio/results/phase3/CD9/NSGA_11_TTMS/cross_CD63/step3_IBTES/AD4_parameters_custom.dat
2026-08-31 18:28:51,029 [Pipeline] GPF written → /home/chan/Research/Monomer_screening_in_Bio/results/phase3/CD9/NSGA_11_TTMS/cross_CD63/step3_IBTES/receptor_step2_IBTES.gpf
2026-08-31 18:28:56,815 [Pipeline] DPF written → /home/chan/Research/Monomer_screening_in_Bio/results/phase3/CD9/NSGA_11_TTMS/cross_CD63/step3_IBTES/receptor_step2_IBTES.dpf
2026-08-31 18:28:56,816 [Pipeline] AutoDock-GPU settings not transferable from DPF: parameter_file: AD-GPU ignores it. Receptor-side Si/B parameters reach the run only through the AutoGrid maps; ligand-internal ones only through --modpair (applied) | ls_search_freq / set_psw1 / sw_*: AD-GPU uses ADADELTA local search at 100% rate; the DPF's Solis-Wets block does not apply and the GPU search protocol is NOT identical to AD4 CPU | ga_num_evals is a CEILING on the GPU: --autostop 1 ends a run on convergence, so the DLG's 'evaluations performed' is normally well below the configured budget
2026-08-31 18:28:58,773 [Pipeline] AutoDock-GPU completed: receptor_step2_IBTES.dlg (seed (20260812, 480102428, 517871524))
2026-08-31 18:28:58,774 [Pipeline] Parsed 25 clusters from receptor_step2_IBTES.dlg
2026-08-31 18:28:58,775 [Pipeline] Parsed 25 clusters from receptor_step2_IBTES.dlg
2026-08-31 18:28:58,776 [Pipeline] Parsed 25 clusters from receptor_step2_IBTES.dlg
2026-08-31 18:28:58,777 [Pipeline] Merged receptor+ligand → /home/chan/Research/Monomer_screening_in_Bio/results/phase3/CD9/NSGA_11_TTMS/cross_CD63/receptor_step3.pdb
2026-08-31 18:28:59,032 [Pipeline] Receptor PDBQT [ADFR prepare_receptor4 (python2.7)] → /home/chan/Research/Monomer_screening_in_Bio/results/phase3/CD9/NSGA_11_TTMS/cross_CD63/receptor_step3.pdbqt
2026-08-31 18:28:59,033 [Pipeline]   charge check skipped (indeterminate: non-standard residues ['UNL']); net=+2.023 e
2026-08-31 18:28:59,036 [Pipeline] Custom AD4 parameters (B, Si) written: /home/chan/Research/Monomer_screening_in_Bio/results/phase3/CD9/NSGA_11_TTMS/cross_CD63/step4_TEOS/AD4_parameters_custom.dat
2026-08-31 18:28:59,036 [Pipeline] GPF written → /home/chan/Research/Monomer_screening_in_Bio/results/phase3/CD9/NSGA_11_TTMS/cross_CD63/step4_TEOS/receptor_step3_TEOS.gpf
2026-08-31 18:29:03,656 [Pipeline] DPF written → /home/chan/Research/Monomer_screening_in_Bio/results/phase3/CD9/NSGA_11_TTMS/cross_CD63/step4_TEOS/receptor_step3_TEOS.dpf
2026-08-31 18:29:03,656 [Pipeline] AutoDock-GPU settings not transferable from DPF: parameter_file: AD-GPU ignores it. Receptor-side Si/B parameters reach the run only through the AutoGrid maps; ligand-internal ones only through --modpair (applied) | ls_search_freq / set_psw1 / sw_*: AD-GPU uses ADADELTA local search at 100% rate; the DPF's Solis-Wets block does not apply and the GPU search protocol is NOT identical to AD4 CPU | ga_num_evals is a CEILING on the GPU: --autostop 1 ends a run on convergence, so the DLG's 'evaluations performed' is normally well below the configured budget
2026-08-31 18:29:05,271 [Pipeline] AutoDock-GPU completed: receptor_step3_TEOS.dlg (seed (20260812, 1864881821, 1866995997))
2026-08-31 18:29:05,272 [Pipeline] Parsed 25 clusters from receptor_step3_TEOS.dlg
2026-08-31 18:29:05,273 [Pipeline] Parsed 25 clusters from receptor_step3_TEOS.dlg
2026-08-31 18:29:05,273 [Pipeline] Parsed 25 clusters from receptor_step3_TEOS.dlg
2026-08-31 18:29:05,274 [Pipeline]     XL TEOS: BE=-2.92
2026-08-31 18:29:05,276 [Pipeline] Custom AD4 parameters (B, Si) written: /home/chan/Research/Monomer_screening_in_Bio/results/phase3/CD9/NSGA_11_TTMS/cross_CD63/step4_TMOS/AD4_parameters_custom.dat
2026-08-31 18:29:05,276 [Pipeline] GPF written → /home/chan/Research/Monomer_screening_in_Bio/results/phase3/CD9/NSGA_11_TTMS/cross_CD63/step4_TMOS/receptor_step3_TMOS.gpf
2026-08-31 18:29:11,398 [Pipeline] DPF written → /home/chan/Research/Monomer_screening_in_Bio/results/phase3/CD9/NSGA_11_TTMS/cross_CD63/step4_TMOS/receptor_step3_TMOS.dpf
2026-08-31 18:29:11,399 [Pipeline] AutoDock-GPU settings not transferable from DPF: parameter_file: AD-GPU ignores it. Receptor-side Si/B parameters reach the run only through the AutoGrid maps; ligand-internal ones only through --modpair (applied) | ls_search_freq / set_psw1 / sw_*: AD-GPU uses ADADELTA local search at 100% rate; the DPF's Solis-Wets block does not apply and the GPU search protocol is NOT identical to AD4 CPU | ga_num_evals is a CEILING on the GPU: --autostop 1 ends a run on convergence, so the DLG's 'evaluations performed' is normally well below the configured budget
2026-08-31 18:29:13,096 [Pipeline] AutoDock-GPU completed: receptor_step3_TMOS.dlg (seed (20260812, 341728261, 379626389))
2026-08-31 18:29:13,097 [Pipeline] Parsed 25 clusters from receptor_step3_TMOS.dlg
2026-08-31 18:29:13,097 [Pipeline] Parsed 25 clusters from receptor_step3_TMOS.dlg
2026-08-31 18:29:13,098 [Pipeline] Parsed 25 clusters from receptor_step3_TMOS.dlg
2026-08-31 18:29:13,098 [Pipeline]     XL TMOS: BE=-2.90
2026-08-31 18:29:13,098 [Pipeline]     Best XL: TEOS (BE=-2.92)
2026-08-31 18:29:13,101 [Pipeline] Custom AD4 parameters (B, Si) written: /home/chan/Research/Monomer_screening_in_Bio/results/phase3/CD9/NSGA_11_TTMS/cross_CD81/step0_FPBA/AD4_parameters_custom.dat
2026-08-31 18:29:13,101 [Pipeline] GPF written → /home/chan/Research/Monomer_screening_in_Bio/results/phase3/CD9/NSGA_11_TTMS/cross_CD81/step0_FPBA/CD81_receptor_FPBA.gpf
2026-08-31 18:29:14,718 [Pipeline] DPF written → /home/chan/Research/Monomer_screening_in_Bio/results/phase3/CD9/NSGA_11_TTMS/cross_CD81/step0_FPBA/CD81_receptor_FPBA.dpf
2026-08-31 18:29:14,719 [Pipeline] AutoDock-GPU settings not transferable from DPF: parameter_file: AD-GPU ignores it. Receptor-side Si/B parameters reach the run only through the AutoGrid maps; ligand-internal ones only through --modpair (applied) | ls_search_freq / set_psw1 / sw_*: AD-GPU uses ADADELTA local search at 100% rate; the DPF's Solis-Wets block does not apply and the GPU search protocol is NOT identical to AD4 CPU | ga_num_evals is a CEILING on the GPU: --autostop 1 ends a run on convergence, so the DLG's 'evaluations performed' is normally well below the configured budget
2026-08-31 18:29:15,720 [Pipeline] AutoDock-GPU completed: CD81_receptor_FPBA.dlg (seed (20260812, 1063573366, 1065818246))
2026-08-31 18:29:15,721 [Pipeline] Parsed 25 clusters from CD81_receptor_FPBA.dlg
2026-08-31 18:29:15,722 [Pipeline] Parsed 25 clusters from CD81_receptor_FPBA.dlg
2026-08-31 18:29:15,722 [Pipeline] Parsed 25 clusters from CD81_receptor_FPBA.dlg
2026-08-31 18:29:15,723 [Pipeline] Merged receptor+ligand → /home/chan/Research/Monomer_screening_in_Bio/results/phase3/CD9/NSGA_11_TTMS/cross_CD81/receptor_step0.pdb
2026-08-31 18:29:15,915 [Pipeline] Receptor PDBQT [ADFR prepare_receptor4 (python2.7)] → /home/chan/Research/Monomer_screening_in_Bio/results/phase3/CD9/NSGA_11_TTMS/cross_CD81/receptor_step0.pdbqt
2026-08-31 18:29:15,915 [Pipeline]   charge check skipped (indeterminate: non-standard residues ['UNL']); net=-1.964 e
2026-08-31 18:29:15,917 [Pipeline] Custom AD4 parameters (B, Si) written: /home/chan/Research/Monomer_screening_in_Bio/results/phase3/CD9/NSGA_11_TTMS/cross_CD81/step1_ICTES/AD4_parameters_custom.dat
2026-08-31 18:29:15,918 [Pipeline] GPF written → /home/chan/Research/Monomer_screening_in_Bio/results/phase3/CD9/NSGA_11_TTMS/cross_CD81/step1_ICTES/receptor_step0_ICTES.gpf
2026-08-31 18:29:17,402 [Pipeline] DPF written → /home/chan/Research/Monomer_screening_in_Bio/results/phase3/CD9/NSGA_11_TTMS/cross_CD81/step1_ICTES/receptor_step0_ICTES.dpf
2026-08-31 18:29:17,403 [Pipeline] AutoDock-GPU settings not transferable from DPF: parameter_file: AD-GPU ignores it. Receptor-side Si/B parameters reach the run only through the AutoGrid maps; ligand-internal ones only through --modpair (applied) | ls_search_freq / set_psw1 / sw_*: AD-GPU uses ADADELTA local search at 100% rate; the DPF's Solis-Wets block does not apply and the GPU search protocol is NOT identical to AD4 CPU | ga_num_evals is a CEILING on the GPU: --autostop 1 ends a run on convergence, so the DLG's 'evaluations performed' is normally well below the configured budget
2026-08-31 18:29:19,019 [Pipeline] AutoDock-GPU completed: receptor_step0_ICTES.dlg (seed (20260812, 1893385739, 1931807123))
2026-08-31 18:29:19,021 [Pipeline] Parsed 25 clusters from receptor_step0_ICTES.dlg
2026-08-31 18:29:19,021 [Pipeline] Parsed 25 clusters from receptor_step0_ICTES.dlg
2026-08-31 18:29:19,022 [Pipeline] Parsed 25 clusters from receptor_step0_ICTES.dlg
2026-08-31 18:29:19,023 [Pipeline] Merged receptor+ligand → /home/chan/Research/Monomer_screening_in_Bio/results/phase3/CD9/NSGA_11_TTMS/cross_CD81/receptor_step1.pdb
2026-08-31 18:29:19,245 [Pipeline] Receptor PDBQT [ADFR prepare_receptor4 (python2.7)] → /home/chan/Research/Monomer_screening_in_Bio/results/phase3/CD9/NSGA_11_TTMS/cross_CD81/receptor_step1.pdbqt
2026-08-31 18:29:19,245 [Pipeline]   charge check skipped (indeterminate: non-standard residues ['UNL']); net=-1.963 e
2026-08-31 18:29:19,248 [Pipeline] Custom AD4 parameters (B, Si) written: /home/chan/Research/Monomer_screening_in_Bio/results/phase3/CD9/NSGA_11_TTMS/cross_CD81/step2_TTMS/AD4_parameters_custom.dat
2026-08-31 18:29:19,248 [Pipeline] GPF written → /home/chan/Research/Monomer_screening_in_Bio/results/phase3/CD9/NSGA_11_TTMS/cross_CD81/step2_TTMS/receptor_step1_TTMS.gpf
2026-08-31 18:29:20,809 [Pipeline] DPF written → /home/chan/Research/Monomer_screening_in_Bio/results/phase3/CD9/NSGA_11_TTMS/cross_CD81/step2_TTMS/receptor_step1_TTMS.dpf
2026-08-31 18:29:20,810 [Pipeline] AutoDock-GPU settings not transferable from DPF: parameter_file: AD-GPU ignores it. Receptor-side Si/B parameters reach the run only through the AutoGrid maps; ligand-internal ones only through --modpair (applied) | ls_search_freq / set_psw1 / sw_*: AD-GPU uses ADADELTA local search at 100% rate; the DPF's Solis-Wets block does not apply and the GPU search protocol is NOT identical to AD4 CPU | ga_num_evals is a CEILING on the GPU: --autostop 1 ends a run on convergence, so the DLG's 'evaluations performed' is normally well below the configured budget
2026-08-31 18:29:21,709 [Pipeline] AutoDock-GPU completed: receptor_step1_TTMS.dlg (seed (20260812, 1328343326, 1330575006))
2026-08-31 18:29:21,710 [Pipeline] Parsed 25 clusters from receptor_step1_TTMS.dlg
2026-08-31 18:29:21,711 [Pipeline] Parsed 25 clusters from receptor_step1_TTMS.dlg
2026-08-31 18:29:21,711 [Pipeline] Parsed 25 clusters from receptor_step1_TTMS.dlg
2026-08-31 18:29:21,712 [Pipeline] Merged receptor+ligand → /home/chan/Research/Monomer_screening_in_Bio/results/phase3/CD9/NSGA_11_TTMS/cross_CD81/receptor_step2.pdb
2026-08-31 18:29:21,906 [Pipeline] Receptor PDBQT [ADFR prepare_receptor4 (python2.7)] → /home/chan/Research/Monomer_screening_in_Bio/results/phase3/CD9/NSGA_11_TTMS/cross_CD81/receptor_step2.pdbqt
2026-08-31 18:29:21,907 [Pipeline]   charge check skipped (indeterminate: non-standard residues ['UNL']); net=-1.963 e
2026-08-31 18:29:21,909 [Pipeline] Custom AD4 parameters (B, Si) written: /home/chan/Research/Monomer_screening_in_Bio/results/phase3/CD9/NSGA_11_TTMS/cross_CD81/step3_IBTES/AD4_parameters_custom.dat
2026-08-31 18:29:21,909 [Pipeline] GPF written → /home/chan/Research/Monomer_screening_in_Bio/results/phase3/CD9/NSGA_11_TTMS/cross_CD81/step3_IBTES/receptor_step2_IBTES.gpf
2026-08-31 18:29:23,398 [Pipeline] DPF written → /home/chan/Research/Monomer_screening_in_Bio/results/phase3/CD9/NSGA_11_TTMS/cross_CD81/step3_IBTES/receptor_step2_IBTES.dpf
2026-08-31 18:29:23,399 [Pipeline] AutoDock-GPU settings not transferable from DPF: parameter_file: AD-GPU ignores it. Receptor-side Si/B parameters reach the run only through the AutoGrid maps; ligand-internal ones only through --modpair (applied) | ls_search_freq / set_psw1 / sw_*: AD-GPU uses ADADELTA local search at 100% rate; the DPF's Solis-Wets block does not apply and the GPU search protocol is NOT identical to AD4 CPU | ga_num_evals is a CEILING on the GPU: --autostop 1 ends a run on convergence, so the DLG's 'evaluations performed' is normally well below the configured budget
2026-08-31 18:29:24,854 [Pipeline] AutoDock-GPU completed: receptor_step2_IBTES.dlg (seed (20260812, 480102428, 517871524))
2026-08-31 18:29:24,855 [Pipeline] Parsed 25 clusters from receptor_step2_IBTES.dlg
2026-08-31 18:29:24,855 [Pipeline] Parsed 25 clusters from receptor_step2_IBTES.dlg
2026-08-31 18:29:24,856 [Pipeline] Parsed 25 clusters from receptor_step2_IBTES.dlg
2026-08-31 18:29:24,857 [Pipeline] Merged receptor+ligand → /home/chan/Research/Monomer_screening_in_Bio/results/phase3/CD9/NSGA_11_TTMS/cross_CD81/receptor_step3.pdb
2026-08-31 18:29:25,053 [Pipeline] Receptor PDBQT [ADFR prepare_receptor4 (python2.7)] → /home/chan/Research/Monomer_screening_in_Bio/results/phase3/CD9/NSGA_11_TTMS/cross_CD81/receptor_step3.pdbqt
2026-08-31 18:29:25,054 [Pipeline]   charge check skipped (indeterminate: non-standard residues ['UNL']); net=-1.964 e
2026-08-31 18:29:25,056 [Pipeline] Custom AD4 parameters (B, Si) written: /home/chan/Research/Monomer_screening_in_Bio/results/phase3/CD9/NSGA_11_TTMS/cross_CD81/step4_TEOS/AD4_parameters_custom.dat
2026-08-31 18:29:25,056 [Pipeline] GPF written → /home/chan/Research/Monomer_screening_in_Bio/results/phase3/CD9/NSGA_11_TTMS/cross_CD81/step4_TEOS/receptor_step3_TEOS.gpf
2026-08-31 18:29:26,592 [Pipeline] DPF written → /home/chan/Research/Monomer_screening_in_Bio/results/phase3/CD9/NSGA_11_TTMS/cross_CD81/step4_TEOS/receptor_step3_TEOS.dpf
2026-08-31 18:29:26,592 [Pipeline] AutoDock-GPU settings not transferable from DPF: parameter_file: AD-GPU ignores it. Receptor-side Si/B parameters reach the run only through the AutoGrid maps; ligand-internal ones only through --modpair (applied) | ls_search_freq / set_psw1 / sw_*: AD-GPU uses ADADELTA local search at 100% rate; the DPF's Solis-Wets block does not apply and the GPU search protocol is NOT identical to AD4 CPU | ga_num_evals is a CEILING on the GPU: --autostop 1 ends a run on convergence, so the DLG's 'evaluations performed' is normally well below the configured budget
2026-08-31 18:29:27,744 [Pipeline] AutoDock-GPU completed: receptor_step3_TEOS.dlg (seed (20260812, 1864881821, 1866995997))
2026-08-31 18:29:27,745 [Pipeline] Parsed 25 clusters from receptor_step3_TEOS.dlg
2026-08-31 18:29:27,746 [Pipeline] Parsed 25 clusters from receptor_step3_TEOS.dlg
2026-08-31 18:29:27,747 [Pipeline] Parsed 25 clusters from receptor_step3_TEOS.dlg
2026-08-31 18:29:27,747 [Pipeline]     XL TEOS: BE=-3.32
2026-08-31 18:29:27,749 [Pipeline] Custom AD4 parameters (B, Si) written: /home/chan/Research/Monomer_screening_in_Bio/results/phase3/CD9/NSGA_11_TTMS/cross_CD81/step4_TMOS/AD4_parameters_custom.dat
2026-08-31 18:29:27,749 [Pipeline] GPF written → /home/chan/Research/Monomer_screening_in_Bio/results/phase3/CD9/NSGA_11_TTMS/cross_CD81/step4_TMOS/receptor_step3_TMOS.gpf
2026-08-31 18:29:29,352 [Pipeline] DPF written → /home/chan/Research/Monomer_screening_in_Bio/results/phase3/CD9/NSGA_11_TTMS/cross_CD81/step4_TMOS/receptor_step3_TMOS.dpf
2026-08-31 18:29:29,352 [Pipeline] AutoDock-GPU settings not transferable from DPF: parameter_file: AD-GPU ignores it. Receptor-side Si/B parameters reach the run only through the AutoGrid maps; ligand-internal ones only through --modpair (applied) | ls_search_freq / set_psw1 / sw_*: AD-GPU uses ADADELTA local search at 100% rate; the DPF's Solis-Wets block does not apply and the GPU search protocol is NOT identical to AD4 CPU | ga_num_evals is a CEILING on the GPU: --autostop 1 ends a run on convergence, so the DLG's 'evaluations performed' is normally well below the configured budget
2026-08-31 18:29:30,176 [Pipeline] AutoDock-GPU completed: receptor_step3_TMOS.dlg (seed (20260812, 341728261, 379626389))
2026-08-31 18:29:30,176 [Pipeline] Parsed 25 clusters from receptor_step3_TMOS.dlg
2026-08-31 18:29:30,177 [Pipeline] Parsed 25 clusters from receptor_step3_TMOS.dlg
2026-08-31 18:29:30,178 [Pipeline] Parsed 25 clusters from receptor_step3_TMOS.dlg
2026-08-31 18:29:30,178 [Pipeline]     XL TMOS: BE=-3.21
2026-08-31 18:29:30,178 [Pipeline]     Best XL: TEOS (BE=-3.32)
2026-08-31 18:29:30,178 [Pipeline]     NSGA_11_TTMS ΔΔG=+0.28 kcal/mol, penalty=0.64 → obj=-3.121
2026-08-31 18:29:30,178 [Pipeline]   NSGA[11]: ['TTMS', 'FPBA', 'IBTES', 'ICTES'] → aff=-4.19, sel=0.30, synth=7.8/10, ΔΔG=+0.28
2026-08-31 18:29:30,181 [Pipeline] Custom AD4 parameters (B, Si) written: /home/chan/Research/Monomer_screening_in_Bio/results/phase3/CD9/NSGA_12_TTMS/step0_FPBA/AD4_parameters_custom.dat
2026-08-31 18:29:30,181 [Pipeline] GPF written → /home/chan/Research/Monomer_screening_in_Bio/results/phase3/CD9/NSGA_12_TTMS/step0_FPBA/CD9_receptor_FPBA.gpf
2026-08-31 18:29:31,635 [Pipeline] DPF written → /home/chan/Research/Monomer_screening_in_Bio/results/phase3/CD9/NSGA_12_TTMS/step0_FPBA/CD9_receptor_FPBA.dpf
2026-08-31 18:29:31,635 [Pipeline] AutoDock-GPU settings not transferable from DPF: parameter_file: AD-GPU ignores it. Receptor-side Si/B parameters reach the run only through the AutoGrid maps; ligand-internal ones only through --modpair (applied) | ls_search_freq / set_psw1 / sw_*: AD-GPU uses ADADELTA local search at 100% rate; the DPF's Solis-Wets block does not apply and the GPU search protocol is NOT identical to AD4 CPU | ga_num_evals is a CEILING on the GPU: --autostop 1 ends a run on convergence, so the DLG's 'evaluations performed' is normally well below the configured budget
2026-08-31 18:29:32,614 [Pipeline] AutoDock-GPU completed: CD9_receptor_FPBA.dlg (seed (20260812, 1964201909, 1968937029))
2026-08-31 18:29:32,615 [Pipeline] Parsed 25 clusters from CD9_receptor_FPBA.dlg
2026-08-31 18:29:32,615 [Pipeline] Parsed 25 clusters from CD9_receptor_FPBA.dlg
2026-08-31 18:29:32,616 [Pipeline] Parsed 25 clusters from CD9_receptor_FPBA.dlg
2026-08-31 18:29:32,617 [Pipeline] Merged receptor+ligand → /home/chan/Research/Monomer_screening_in_Bio/results/phase3/CD9/NSGA_12_TTMS/receptor_step0.pdb
2026-08-31 18:29:32,813 [Pipeline] Receptor PDBQT [ADFR prepare_receptor4 (python2.7)] → /home/chan/Research/Monomer_screening_in_Bio/results/phase3/CD9/NSGA_12_TTMS/receptor_step0.pdbqt
2026-08-31 18:29:32,814 [Pipeline]   charge check skipped (indeterminate: non-standard residues ['UNL']); net=-0.971 e
2026-08-31 18:29:32,816 [Pipeline] Custom AD4 parameters (B, Si) written: /home/chan/Research/Monomer_screening_in_Bio/results/phase3/CD9/NSGA_12_TTMS/step1_PTES/AD4_parameters_custom.dat
2026-08-31 18:29:32,816 [Pipeline] GPF written → /home/chan/Research/Monomer_screening_in_Bio/results/phase3/CD9/NSGA_12_TTMS/step1_PTES/receptor_step0_PTES.gpf
2026-08-31 18:29:32,892 [Pipeline] DPF written → /home/chan/Research/Monomer_screening_in_Bio/results/phase3/CD9/NSGA_12_TTMS/step1_PTES/receptor_step0_PTES.dpf
2026-08-31 18:29:32,892 [Pipeline] AutoDock-GPU settings not transferable from DPF: parameter_file: AD-GPU ignores it. Receptor-side Si/B parameters reach the run only through the AutoGrid maps; ligand-internal ones only through --modpair (applied) | ls_search_freq / set_psw1 / sw_*: AD-GPU uses ADADELTA local search at 100% rate; the DPF's Solis-Wets block does not apply and the GPU search protocol is NOT identical to AD4 CPU | ga_num_evals is a CEILING on the GPU: --autostop 1 ends a run on convergence, so the DLG's 'evaluations performed' is normally well below the configured budget
2026-08-31 18:29:33,945 [Pipeline] AutoDock-GPU completed: receptor_step0_PTES.dlg (seed (20260812, 1549021872, 1586904392))
2026-08-31 18:29:33,945 [Pipeline] Parsed 25 clusters from receptor_step0_PTES.dlg
2026-08-31 18:29:33,946 [Pipeline] Parsed 25 clusters from receptor_step0_PTES.dlg
2026-08-31 18:29:33,947 [Pipeline] Parsed 25 clusters from receptor_step0_PTES.dlg
2026-08-31 18:29:33,948 [Pipeline] Merged receptor+ligand → /home/chan/Research/Monomer_screening_in_Bio/results/phase3/CD9/NSGA_12_TTMS/receptor_step1.pdb
2026-08-31 18:29:34,145 [Pipeline] Receptor PDBQT [ADFR prepare_receptor4 (python2.7)] → /home/chan/Research/Monomer_screening_in_Bio/results/phase3/CD9/NSGA_12_TTMS/receptor_step1.pdbqt
2026-08-31 18:29:34,146 [Pipeline]   charge check skipped (indeterminate: non-standard residues ['UNL']); net=-0.971 e
2026-08-31 18:29:34,148 [Pipeline] Custom AD4 parameters (B, Si) written: /home/chan/Research/Monomer_screening_in_Bio/results/phase3/CD9/NSGA_12_TTMS/step2_ICTES/AD4_parameters_custom.dat
2026-08-31 18:29:34,148 [Pipeline] GPF written → /home/chan/Research/Monomer_screening_in_Bio/results/phase3/CD9/NSGA_12_TTMS/step2_ICTES/receptor_step1_ICTES.gpf
2026-08-31 18:29:35,606 [Pipeline] DPF written → /home/chan/Research/Monomer_screening_in_Bio/results/phase3/CD9/NSGA_12_TTMS/step2_ICTES/receptor_step1_ICTES.dpf
2026-08-31 18:29:35,606 [Pipeline] AutoDock-GPU settings not transferable from DPF: parameter_file: AD-GPU ignores it. Receptor-side Si/B parameters reach the run only through the AutoGrid maps; ligand-internal ones only through --modpair (applied) | ls_search_freq / set_psw1 / sw_*: AD-GPU uses ADADELTA local search at 100% rate; the DPF's Solis-Wets block does not apply and the GPU search protocol is NOT identical to AD4 CPU | ga_num_evals is a CEILING on the GPU: --autostop 1 ends a run on convergence, so the DLG's 'evaluations performed' is normally well below the configured budget
2026-08-31 18:29:36,911 [Pipeline] AutoDock-GPU completed: receptor_step1_ICTES.dlg (seed (20260812, 1284275869, 1324253469))
2026-08-31 18:29:36,912 [Pipeline] Parsed 25 clusters from receptor_step1_ICTES.dlg
2026-08-31 18:29:36,913 [Pipeline] Parsed 25 clusters from receptor_step1_ICTES.dlg
2026-08-31 18:29:36,913 [Pipeline] Parsed 25 clusters from receptor_step1_ICTES.dlg
2026-08-31 18:29:36,914 [Pipeline] Merged receptor+ligand → /home/chan/Research/Monomer_screening_in_Bio/results/phase3/CD9/NSGA_12_TTMS/receptor_step2.pdb
2026-08-31 18:29:37,131 [Pipeline] Receptor PDBQT [ADFR prepare_receptor4 (python2.7)] → /home/chan/Research/Monomer_screening_in_Bio/results/phase3/CD9/NSGA_12_TTMS/receptor_step2.pdbqt
2026-08-31 18:29:37,131 [Pipeline]   charge check skipped (indeterminate: non-standard residues ['UNL']); net=-0.970 e
2026-08-31 18:29:37,133 [Pipeline] Custom AD4 parameters (B, Si) written: /home/chan/Research/Monomer_screening_in_Bio/results/phase3/CD9/NSGA_12_TTMS/step3_TTMS/AD4_parameters_custom.dat
2026-08-31 18:29:37,134 [Pipeline] GPF written → /home/chan/Research/Monomer_screening_in_Bio/results/phase3/CD9/NSGA_12_TTMS/step3_TTMS/receptor_step2_TTMS.gpf
2026-08-31 18:29:38,635 [Pipeline] DPF written → /home/chan/Research/Monomer_screening_in_Bio/results/phase3/CD9/NSGA_12_TTMS/step3_TTMS/receptor_step2_TTMS.dpf
2026-08-31 18:29:38,636 [Pipeline] AutoDock-GPU settings not transferable from DPF: parameter_file: AD-GPU ignores it. Receptor-side Si/B parameters reach the run only through the AutoGrid maps; ligand-internal ones only through --modpair (applied) | ls_search_freq / set_psw1 / sw_*: AD-GPU uses ADADELTA local search at 100% rate; the DPF's Solis-Wets block does not apply and the GPU search protocol is NOT identical to AD4 CPU | ga_num_evals is a CEILING on the GPU: --autostop 1 ends a run on convergence, so the DLG's 'evaluations performed' is normally well below the configured budget
2026-08-31 18:29:39,551 [Pipeline] AutoDock-GPU completed: receptor_step2_TTMS.dlg (seed (20260812, 1821052748, 1861439564))
2026-08-31 18:29:39,551 [Pipeline] Parsed 25 clusters from receptor_step2_TTMS.dlg
2026-08-31 18:29:39,552 [Pipeline] Parsed 25 clusters from receptor_step2_TTMS.dlg
2026-08-31 18:29:39,553 [Pipeline] Parsed 25 clusters from receptor_step2_TTMS.dlg
2026-08-31 18:29:39,553 [Pipeline] Merged receptor+ligand → /home/chan/Research/Monomer_screening_in_Bio/results/phase3/CD9/NSGA_12_TTMS/receptor_step3.pdb
2026-08-31 18:29:39,759 [Pipeline] Receptor PDBQT [ADFR prepare_receptor4 (python2.7)] → /home/chan/Research/Monomer_screening_in_Bio/results/phase3/CD9/NSGA_12_TTMS/receptor_step3.pdbqt
2026-08-31 18:29:39,759 [Pipeline]   charge check skipped (indeterminate: non-standard residues ['UNL']); net=-0.970 e
2026-08-31 18:29:39,761 [Pipeline] Custom AD4 parameters (B, Si) written: /home/chan/Research/Monomer_screening_in_Bio/results/phase3/CD9/NSGA_12_TTMS/step4_IBTES/AD4_parameters_custom.dat
2026-08-31 18:29:39,761 [Pipeline] GPF written → /home/chan/Research/Monomer_screening_in_Bio/results/phase3/CD9/NSGA_12_TTMS/step4_IBTES/receptor_step3_IBTES.gpf
2026-08-31 18:29:41,175 [Pipeline] DPF written → /home/chan/Research/Monomer_screening_in_Bio/results/phase3/CD9/NSGA_12_TTMS/step4_IBTES/receptor_step3_IBTES.dpf
2026-08-31 18:29:41,175 [Pipeline] AutoDock-GPU settings not transferable from DPF: parameter_file: AD-GPU ignores it. Receptor-side Si/B parameters reach the run only through the AutoGrid maps; ligand-internal ones only through --modpair (applied) | ls_search_freq / set_psw1 / sw_*: AD-GPU uses ADADELTA local search at 100% rate; the DPF's Solis-Wets block does not apply and the GPU search protocol is NOT identical to AD4 CPU | ga_num_evals is a CEILING on the GPU: --autostop 1 ends a run on convergence, so the DLG's 'evaluations performed' is normally well below the configured budget
2026-08-31 18:29:42,017 [Pipeline] AutoDock-GPU completed: receptor_step3_IBTES.dlg (seed (20260812, 872205429, 872354693))
2026-08-31 18:29:42,018 [Pipeline] Parsed 25 clusters from receptor_step3_IBTES.dlg
2026-08-31 18:29:42,019 [Pipeline] Parsed 25 clusters from receptor_step3_IBTES.dlg
2026-08-31 18:29:42,019 [Pipeline] Parsed 25 clusters from receptor_step3_IBTES.dlg
2026-08-31 18:29:42,020 [Pipeline] Merged receptor+ligand → /home/chan/Research/Monomer_screening_in_Bio/results/phase3/CD9/NSGA_12_TTMS/receptor_step4.pdb
2026-08-31 18:29:42,238 [Pipeline] Receptor PDBQT [ADFR prepare_receptor4 (python2.7)] → /home/chan/Research/Monomer_screening_in_Bio/results/phase3/CD9/NSGA_12_TTMS/receptor_step4.pdbqt
2026-08-31 18:29:42,239 [Pipeline]   charge check skipped (indeterminate: non-standard residues ['UNL']); net=-0.971 e
2026-08-31 18:29:42,241 [Pipeline] Custom AD4 parameters (B, Si) written: /home/chan/Research/Monomer_screening_in_Bio/results/phase3/CD9/NSGA_12_TTMS/step5_TEOS/AD4_parameters_custom.dat
2026-08-31 18:29:42,241 [Pipeline] GPF written → /home/chan/Research/Monomer_screening_in_Bio/results/phase3/CD9/NSGA_12_TTMS/step5_TEOS/receptor_step4_TEOS.gpf
2026-08-31 18:29:43,877 [Pipeline] DPF written → /home/chan/Research/Monomer_screening_in_Bio/results/phase3/CD9/NSGA_12_TTMS/step5_TEOS/receptor_step4_TEOS.dpf
2026-08-31 18:29:43,877 [Pipeline] AutoDock-GPU settings not transferable from DPF: parameter_file: AD-GPU ignores it. Receptor-side Si/B parameters reach the run only through the AutoGrid maps; ligand-internal ones only through --modpair (applied) | ls_search_freq / set_psw1 / sw_*: AD-GPU uses ADADELTA local search at 100% rate; the DPF's Solis-Wets block does not apply and the GPU search protocol is NOT identical to AD4 CPU | ga_num_evals is a CEILING on the GPU: --autostop 1 ends a run on convergence, so the DLG's 'evaluations performed' is normally well below the configured budget
2026-08-31 18:29:44,946 [Pipeline] AutoDock-GPU completed: receptor_step4_TEOS.dlg (seed (20260812, 1270892758, 1277859558))
2026-08-31 18:29:44,947 [Pipeline] Parsed 25 clusters from receptor_step4_TEOS.dlg
2026-08-31 18:29:44,948 [Pipeline] Parsed 25 clusters from receptor_step4_TEOS.dlg
2026-08-31 18:29:44,949 [Pipeline] Parsed 25 clusters from receptor_step4_TEOS.dlg
2026-08-31 18:29:44,950 [Pipeline]     XL TEOS: BE=-2.64
2026-08-31 18:29:44,953 [Pipeline] Custom AD4 parameters (B, Si) written: /home/chan/Research/Monomer_screening_in_Bio/results/phase3/CD9/NSGA_12_TTMS/step5_TMOS/AD4_parameters_custom.dat
2026-08-31 18:29:44,953 [Pipeline] GPF written → /home/chan/Research/Monomer_screening_in_Bio/results/phase3/CD9/NSGA_12_TTMS/step5_TMOS/receptor_step4_TMOS.gpf
2026-08-31 18:29:46,504 [Pipeline] DPF written → /home/chan/Research/Monomer_screening_in_Bio/results/phase3/CD9/NSGA_12_TTMS/step5_TMOS/receptor_step4_TMOS.dpf
2026-08-31 18:29:46,505 [Pipeline] AutoDock-GPU settings not transferable from DPF: parameter_file: AD-GPU ignores it. Receptor-side Si/B parameters reach the run only through the AutoGrid maps; ligand-internal ones only through --modpair (applied) | ls_search_freq / set_psw1 / sw_*: AD-GPU uses ADADELTA local search at 100% rate; the DPF's Solis-Wets block does not apply and the GPU search protocol is NOT identical to AD4 CPU | ga_num_evals is a CEILING on the GPU: --autostop 1 ends a run on convergence, so the DLG's 'evaluations performed' is normally well below the configured budget
2026-08-31 18:29:47,310 [Pipeline] AutoDock-GPU completed: receptor_step4_TMOS.dlg (seed (20260812, 594624773, 595168917))
2026-08-31 18:29:47,311 [Pipeline] Parsed 25 clusters from receptor_step4_TMOS.dlg
2026-08-31 18:29:47,312 [Pipeline] Parsed 25 clusters from receptor_step4_TMOS.dlg
2026-08-31 18:29:47,313 [Pipeline] Parsed 25 clusters from receptor_step4_TMOS.dlg
2026-08-31 18:29:47,313 [Pipeline]     XL TMOS: BE=-2.63
2026-08-31 18:29:47,313 [Pipeline]     Best XL: TEOS (BE=-2.64)
2026-08-31 18:29:47,316 [Pipeline] Custom AD4 parameters (B, Si) written: /home/chan/Research/Monomer_screening_in_Bio/results/phase3/CD9/NSGA_12_TTMS/cross_CD63/step0_FPBA/AD4_parameters_custom.dat
2026-08-31 18:29:47,316 [Pipeline] GPF written → /home/chan/Research/Monomer_screening_in_Bio/results/phase3/CD9/NSGA_12_TTMS/cross_CD63/step0_FPBA/CD63_receptor_glyco_FPBA.gpf
2026-08-31 18:29:54,431 [Pipeline] DPF written → /home/chan/Research/Monomer_screening_in_Bio/results/phase3/CD9/NSGA_12_TTMS/cross_CD63/step0_FPBA/CD63_receptor_glyco_FPBA.dpf
2026-08-31 18:29:54,431 [Pipeline] AutoDock-GPU settings not transferable from DPF: parameter_file: AD-GPU ignores it. Receptor-side Si/B parameters reach the run only through the AutoGrid maps; ligand-internal ones only through --modpair (applied) | ls_search_freq / set_psw1 / sw_*: AD-GPU uses ADADELTA local search at 100% rate; the DPF's Solis-Wets block does not apply and the GPU search protocol is NOT identical to AD4 CPU | ga_num_evals is a CEILING on the GPU: --autostop 1 ends a run on convergence, so the DLG's 'evaluations performed' is normally well below the configured budget
2026-08-31 18:29:56,532 [Pipeline] AutoDock-GPU completed: CD63_receptor_glyco_FPBA.dlg (seed (20260812, 329769312, 331869792))
2026-08-31 18:29:56,533 [Pipeline] Parsed 25 clusters from CD63_receptor_glyco_FPBA.dlg
2026-08-31 18:29:56,534 [Pipeline] Parsed 25 clusters from CD63_receptor_glyco_FPBA.dlg
2026-08-31 18:29:56,534 [Pipeline] Parsed 25 clusters from CD63_receptor_glyco_FPBA.dlg
2026-08-31 18:29:56,535 [Pipeline] Merged receptor+ligand → /home/chan/Research/Monomer_screening_in_Bio/results/phase3/CD9/NSGA_12_TTMS/cross_CD63/receptor_step0.pdb
2026-08-31 18:29:56,783 [Pipeline] Receptor PDBQT [ADFR prepare_receptor4 (python2.7)] → /home/chan/Research/Monomer_screening_in_Bio/results/phase3/CD9/NSGA_12_TTMS/cross_CD63/receptor_step0.pdbqt
2026-08-31 18:29:56,784 [Pipeline]   charge check skipped (indeterminate: non-standard residues ['UNL']); net=+2.023 e
2026-08-31 18:29:56,786 [Pipeline] Custom AD4 parameters (B, Si) written: /home/chan/Research/Monomer_screening_in_Bio/results/phase3/CD9/NSGA_12_TTMS/cross_CD63/step1_PTES/AD4_parameters_custom.dat
2026-08-31 18:29:56,787 [Pipeline] GPF written → /home/chan/Research/Monomer_screening_in_Bio/results/phase3/CD9/NSGA_12_TTMS/cross_CD63/step1_PTES/receptor_step0_PTES.gpf
2026-08-31 18:30:02,560 [Pipeline] DPF written → /home/chan/Research/Monomer_screening_in_Bio/results/phase3/CD9/NSGA_12_TTMS/cross_CD63/step1_PTES/receptor_step0_PTES.dpf
2026-08-31 18:30:02,560 [Pipeline] AutoDock-GPU settings not transferable from DPF: parameter_file: AD-GPU ignores it. Receptor-side Si/B parameters reach the run only through the AutoGrid maps; ligand-internal ones only through --modpair (applied) | ls_search_freq / set_psw1 / sw_*: AD-GPU uses ADADELTA local search at 100% rate; the DPF's Solis-Wets block does not apply and the GPU search protocol is NOT identical to AD4 CPU | ga_num_evals is a CEILING on the GPU: --autostop 1 ends a run on convergence, so the DLG's 'evaluations performed' is normally well below the configured budget
2026-08-31 18:30:03,412 [Pipeline] AutoDock-GPU completed: receptor_step0_PTES.dlg (seed (20260812, 1549021872, 1586904392))
2026-08-31 18:30:03,413 [Pipeline] Parsed 25 clusters from receptor_step0_PTES.dlg
2026-08-31 18:30:03,413 [Pipeline] Parsed 25 clusters from receptor_step0_PTES.dlg
2026-08-31 18:30:03,414 [Pipeline] Parsed 25 clusters from receptor_step0_PTES.dlg
2026-08-31 18:30:03,415 [Pipeline] Merged receptor+ligand → /home/chan/Research/Monomer_screening_in_Bio/results/phase3/CD9/NSGA_12_TTMS/cross_CD63/receptor_step1.pdb
2026-08-31 18:30:03,668 [Pipeline] Receptor PDBQT [ADFR prepare_receptor4 (python2.7)] → /home/chan/Research/Monomer_screening_in_Bio/results/phase3/CD9/NSGA_12_TTMS/cross_CD63/receptor_step1.pdbqt
2026-08-31 18:30:03,669 [Pipeline]   charge check skipped (indeterminate: non-standard residues ['UNL']); net=+2.023 e
2026-08-31 18:30:03,671 [Pipeline] Custom AD4 parameters (B, Si) written: /home/chan/Research/Monomer_screening_in_Bio/results/phase3/CD9/NSGA_12_TTMS/cross_CD63/step2_ICTES/AD4_parameters_custom.dat
2026-08-31 18:30:03,671 [Pipeline] GPF written → /home/chan/Research/Monomer_screening_in_Bio/results/phase3/CD9/NSGA_12_TTMS/cross_CD63/step2_ICTES/receptor_step1_ICTES.gpf
2026-08-31 18:30:09,744 [Pipeline] DPF written → /home/chan/Research/Monomer_screening_in_Bio/results/phase3/CD9/NSGA_12_TTMS/cross_CD63/step2_ICTES/receptor_step1_ICTES.dpf
2026-08-31 18:30:09,745 [Pipeline] AutoDock-GPU settings not transferable from DPF: parameter_file: AD-GPU ignores it. Receptor-side Si/B parameters reach the run only through the AutoGrid maps; ligand-internal ones only through --modpair (applied) | ls_search_freq / set_psw1 / sw_*: AD-GPU uses ADADELTA local search at 100% rate; the DPF's Solis-Wets block does not apply and the GPU search protocol is NOT identical to AD4 CPU | ga_num_evals is a CEILING on the GPU: --autostop 1 ends a run on convergence, so the DLG's 'evaluations performed' is normally well below the configured budget
2026-08-31 18:30:12,047 [Pipeline] AutoDock-GPU completed: receptor_step1_ICTES.dlg (seed (20260812, 1284275869, 1324253469))
2026-08-31 18:30:12,048 [Pipeline] Parsed 25 clusters from receptor_step1_ICTES.dlg
2026-08-31 18:30:12,049 [Pipeline] Parsed 25 clusters from receptor_step1_ICTES.dlg
2026-08-31 18:30:12,050 [Pipeline] Parsed 25 clusters from receptor_step1_ICTES.dlg
2026-08-31 18:30:12,051 [Pipeline] Merged receptor+ligand → /home/chan/Research/Monomer_screening_in_Bio/results/phase3/CD9/NSGA_12_TTMS/cross_CD63/receptor_step2.pdb
2026-08-31 18:30:12,300 [Pipeline] Receptor PDBQT [ADFR prepare_receptor4 (python2.7)] → /home/chan/Research/Monomer_screening_in_Bio/results/phase3/CD9/NSGA_12_TTMS/cross_CD63/receptor_step2.pdbqt
2026-08-31 18:30:12,301 [Pipeline]   charge check skipped (indeterminate: non-standard residues ['UNL']); net=+2.024 e
2026-08-31 18:30:12,303 [Pipeline] Custom AD4 parameters (B, Si) written: /home/chan/Research/Monomer_screening_in_Bio/results/phase3/CD9/NSGA_12_TTMS/cross_CD63/step3_TTMS/AD4_parameters_custom.dat
2026-08-31 18:30:12,303 [Pipeline] GPF written → /home/chan/Research/Monomer_screening_in_Bio/results/phase3/CD9/NSGA_12_TTMS/cross_CD63/step3_TTMS/receptor_step2_TTMS.gpf
2026-08-31 18:30:18,457 [Pipeline] DPF written → /home/chan/Research/Monomer_screening_in_Bio/results/phase3/CD9/NSGA_12_TTMS/cross_CD63/step3_TTMS/receptor_step2_TTMS.dpf
2026-08-31 18:30:18,458 [Pipeline] AutoDock-GPU settings not transferable from DPF: parameter_file: AD-GPU ignores it. Receptor-side Si/B parameters reach the run only through the AutoGrid maps; ligand-internal ones only through --modpair (applied) | ls_search_freq / set_psw1 / sw_*: AD-GPU uses ADADELTA local search at 100% rate; the DPF's Solis-Wets block does not apply and the GPU search protocol is NOT identical to AD4 CPU | ga_num_evals is a CEILING on the GPU: --autostop 1 ends a run on convergence, so the DLG's 'evaluations performed' is normally well below the configured budget
2026-08-31 18:30:20,589 [Pipeline] AutoDock-GPU completed: receptor_step2_TTMS.dlg (seed (20260812, 1821052748, 1861439564))
2026-08-31 18:30:20,590 [Pipeline] Parsed 25 clusters from receptor_step2_TTMS.dlg
2026-08-31 18:30:20,591 [Pipeline] Parsed 25 clusters from receptor_step2_TTMS.dlg
2026-08-31 18:30:20,592 [Pipeline] Parsed 25 clusters from receptor_step2_TTMS.dlg
2026-08-31 18:30:20,593 [Pipeline] Merged receptor+ligand → /home/chan/Research/Monomer_screening_in_Bio/results/phase3/CD9/NSGA_12_TTMS/cross_CD63/receptor_step3.pdb
2026-08-31 18:30:21,016 [Pipeline] Receptor PDBQT [ADFR prepare_receptor4 (python2.7)] → /home/chan/Research/Monomer_screening_in_Bio/results/phase3/CD9/NSGA_12_TTMS/cross_CD63/receptor_step3.pdbqt
2026-08-31 18:30:21,017 [Pipeline]   charge check skipped (indeterminate: non-standard residues ['UNL']); net=+2.024 e
2026-08-31 18:30:21,020 [Pipeline] Custom AD4 parameters (B, Si) written: /home/chan/Research/Monomer_screening_in_Bio/results/phase3/CD9/NSGA_12_TTMS/cross_CD63/step4_IBTES/AD4_parameters_custom.dat
2026-08-31 18:30:21,020 [Pipeline] GPF written → /home/chan/Research/Monomer_screening_in_Bio/results/phase3/CD9/NSGA_12_TTMS/cross_CD63/step4_IBTES/receptor_step3_IBTES.gpf
2026-08-31 18:30:27,900 [Pipeline] DPF written → /home/chan/Research/Monomer_screening_in_Bio/results/phase3/CD9/NSGA_12_TTMS/cross_CD63/step4_IBTES/receptor_step3_IBTES.dpf
2026-08-31 18:30:27,901 [Pipeline] AutoDock-GPU settings not transferable from DPF: parameter_file: AD-GPU ignores it. Receptor-side Si/B parameters reach the run only through the AutoGrid maps; ligand-internal ones only through --modpair (applied) | ls_search_freq / set_psw1 / sw_*: AD-GPU uses ADADELTA local search at 100% rate; the DPF's Solis-Wets block does not apply and the GPU search protocol is NOT identical to AD4 CPU | ga_num_evals is a CEILING on the GPU: --autostop 1 ends a run on convergence, so the DLG's 'evaluations performed' is normally well below the configured budget
2026-08-31 18:30:29,953 [Pipeline] AutoDock-GPU completed: receptor_step3_IBTES.dlg (seed (20260812, 872205429, 872354693))
2026-08-31 18:30:29,954 [Pipeline] Parsed 25 clusters from receptor_step3_IBTES.dlg
2026-08-31 18:30:29,955 [Pipeline] Parsed 25 clusters from receptor_step3_IBTES.dlg
2026-08-31 18:30:29,956 [Pipeline] Parsed 25 clusters from receptor_step3_IBTES.dlg
2026-08-31 18:30:29,957 [Pipeline] Merged receptor+ligand → /home/chan/Research/Monomer_screening_in_Bio/results/phase3/CD9/NSGA_12_TTMS/cross_CD63/receptor_step4.pdb
2026-08-31 18:30:30,423 [Pipeline] Receptor PDBQT [ADFR prepare_receptor4 (python2.7)] → /home/chan/Research/Monomer_screening_in_Bio/results/phase3/CD9/NSGA_12_TTMS/cross_CD63/receptor_step4.pdbqt
2026-08-31 18:30:30,424 [Pipeline]   charge check skipped (indeterminate: non-standard residues ['UNL']); net=+2.023 e
2026-08-31 18:30:30,427 [Pipeline] Custom AD4 parameters (B, Si) written: /home/chan/Research/Monomer_screening_in_Bio/results/phase3/CD9/NSGA_12_TTMS/cross_CD63/step5_TEOS/AD4_parameters_custom.dat
2026-08-31 18:30:30,427 [Pipeline] GPF written → /home/chan/Research/Monomer_screening_in_Bio/results/phase3/CD9/NSGA_12_TTMS/cross_CD63/step5_TEOS/receptor_step4_TEOS.gpf
2026-08-31 18:30:36,425 [Pipeline] DPF written → /home/chan/Research/Monomer_screening_in_Bio/results/phase3/CD9/NSGA_12_TTMS/cross_CD63/step5_TEOS/receptor_step4_TEOS.dpf
2026-08-31 18:30:36,426 [Pipeline] AutoDock-GPU settings not transferable from DPF: parameter_file: AD-GPU ignores it. Receptor-side Si/B parameters reach the run only through the AutoGrid maps; ligand-internal ones only through --modpair (applied) | ls_search_freq / set_psw1 / sw_*: AD-GPU uses ADADELTA local search at 100% rate; the DPF's Solis-Wets block does not apply and the GPU search protocol is NOT identical to AD4 CPU | ga_num_evals is a CEILING on the GPU: --autostop 1 ends a run on convergence, so the DLG's 'evaluations performed' is normally well below the configured budget
2026-08-31 18:30:38,404 [Pipeline] AutoDock-GPU completed: receptor_step4_TEOS.dlg (seed (20260812, 1270892758, 1277859558))
2026-08-31 18:30:38,405 [Pipeline] Parsed 25 clusters from receptor_step4_TEOS.dlg
2026-08-31 18:30:38,406 [Pipeline] Parsed 25 clusters from receptor_step4_TEOS.dlg
2026-08-31 18:30:38,407 [Pipeline] Parsed 25 clusters from receptor_step4_TEOS.dlg
2026-08-31 18:30:38,407 [Pipeline]     XL TEOS: BE=-2.87
2026-08-31 18:30:38,409 [Pipeline] Custom AD4 parameters (B, Si) written: /home/chan/Research/Monomer_screening_in_Bio/results/phase3/CD9/NSGA_12_TTMS/cross_CD63/step5_TMOS/AD4_parameters_custom.dat
2026-08-31 18:30:38,409 [Pipeline] GPF written → /home/chan/Research/Monomer_screening_in_Bio/results/phase3/CD9/NSGA_12_TTMS/cross_CD63/step5_TMOS/receptor_step4_TMOS.gpf
2026-08-31 18:30:44,532 [Pipeline] DPF written → /home/chan/Research/Monomer_screening_in_Bio/results/phase3/CD9/NSGA_12_TTMS/cross_CD63/step5_TMOS/receptor_step4_TMOS.dpf
2026-08-31 18:30:44,533 [Pipeline] AutoDock-GPU settings not transferable from DPF: parameter_file: AD-GPU ignores it. Receptor-side Si/B parameters reach the run only through the AutoGrid maps; ligand-internal ones only through --modpair (applied) | ls_search_freq / set_psw1 / sw_*: AD-GPU uses ADADELTA local search at 100% rate; the DPF's Solis-Wets block does not apply and the GPU search protocol is NOT identical to AD4 CPU | ga_num_evals is a CEILING on the GPU: --autostop 1 ends a run on convergence, so the DLG's 'evaluations performed' is normally well below the configured budget
2026-08-31 18:30:46,297 [Pipeline] AutoDock-GPU completed: receptor_step4_TMOS.dlg (seed (20260812, 594624773, 595168917))
2026-08-31 18:30:46,297 [Pipeline] Parsed 25 clusters from receptor_step4_TMOS.dlg
2026-08-31 18:30:46,298 [Pipeline] Parsed 25 clusters from receptor_step4_TMOS.dlg
2026-08-31 18:30:46,299 [Pipeline] Parsed 25 clusters from receptor_step4_TMOS.dlg
2026-08-31 18:30:46,299 [Pipeline]     XL TMOS: BE=-2.89
2026-08-31 18:30:46,299 [Pipeline]     Best XL: TMOS (BE=-2.89)
2026-08-31 18:30:46,301 [Pipeline] Custom AD4 parameters (B, Si) written: /home/chan/Research/Monomer_screening_in_Bio/results/phase3/CD9/NSGA_12_TTMS/cross_CD81/step0_FPBA/AD4_parameters_custom.dat
2026-08-31 18:30:46,301 [Pipeline] GPF written → /home/chan/Research/Monomer_screening_in_Bio/results/phase3/CD9/NSGA_12_TTMS/cross_CD81/step0_FPBA/CD81_receptor_FPBA.gpf
2026-08-31 18:30:47,881 [Pipeline] DPF written → /home/chan/Research/Monomer_screening_in_Bio/results/phase3/CD9/NSGA_12_TTMS/cross_CD81/step0_FPBA/CD81_receptor_FPBA.dpf
2026-08-31 18:30:47,882 [Pipeline] AutoDock-GPU settings not transferable from DPF: parameter_file: AD-GPU ignores it. Receptor-side Si/B parameters reach the run only through the AutoGrid maps; ligand-internal ones only through --modpair (applied) | ls_search_freq / set_psw1 / sw_*: AD-GPU uses ADADELTA local search at 100% rate; the DPF's Solis-Wets block does not apply and the GPU search protocol is NOT identical to AD4 CPU | ga_num_evals is a CEILING on the GPU: --autostop 1 ends a run on convergence, so the DLG's 'evaluations performed' is normally well below the configured budget
2026-08-31 18:30:48,976 [Pipeline] AutoDock-GPU completed: CD81_receptor_FPBA.dlg (seed (20260812, 1063573366, 1065818246))
2026-08-31 18:30:48,977 [Pipeline] Parsed 25 clusters from CD81_receptor_FPBA.dlg
2026-08-31 18:30:48,978 [Pipeline] Parsed 25 clusters from CD81_receptor_FPBA.dlg
2026-08-31 18:30:48,979 [Pipeline] Parsed 25 clusters from CD81_receptor_FPBA.dlg
2026-08-31 18:30:48,979 [Pipeline] Merged receptor+ligand → /home/chan/Research/Monomer_screening_in_Bio/results/phase3/CD9/NSGA_12_TTMS/cross_CD81/receptor_step0.pdb
2026-08-31 18:30:49,201 [Pipeline] Receptor PDBQT [ADFR prepare_receptor4 (python2.7)] → /home/chan/Research/Monomer_screening_in_Bio/results/phase3/CD9/NSGA_12_TTMS/cross_CD81/receptor_step0.pdbqt
2026-08-31 18:30:49,202 [Pipeline]   charge check skipped (indeterminate: non-standard residues ['UNL']); net=-1.964 e
2026-08-31 18:30:49,204 [Pipeline] Custom AD4 parameters (B, Si) written: /home/chan/Research/Monomer_screening_in_Bio/results/phase3/CD9/NSGA_12_TTMS/cross_CD81/step1_PTES/AD4_parameters_custom.dat
2026-08-31 18:30:49,204 [Pipeline] GPF written → /home/chan/Research/Monomer_screening_in_Bio/results/phase3/CD9/NSGA_12_TTMS/cross_CD81/step1_PTES/receptor_step0_PTES.gpf
2026-08-31 18:30:50,803 [Pipeline] DPF written → /home/chan/Research/Monomer_screening_in_Bio/results/phase3/CD9/NSGA_12_TTMS/cross_CD81/step1_PTES/receptor_step0_PTES.dpf
2026-08-31 18:30:50,803 [Pipeline] AutoDock-GPU settings not transferable from DPF: parameter_file: AD-GPU ignores it. Receptor-side Si/B parameters reach the run only through the AutoGrid maps; ligand-internal ones only through --modpair (applied) | ls_search_freq / set_psw1 / sw_*: AD-GPU uses ADADELTA local search at 100% rate; the DPF's Solis-Wets block does not apply and the GPU search protocol is NOT identical to AD4 CPU | ga_num_evals is a CEILING on the GPU: --autostop 1 ends a run on convergence, so the DLG's 'evaluations performed' is normally well below the configured budget
2026-08-31 18:30:52,144 [Pipeline] AutoDock-GPU completed: receptor_step0_PTES.dlg (seed (20260812, 1549021872, 1586904392))
2026-08-31 18:30:52,145 [Pipeline] Parsed 25 clusters from receptor_step0_PTES.dlg
2026-08-31 18:30:52,145 [Pipeline] Parsed 25 clusters from receptor_step0_PTES.dlg
2026-08-31 18:30:52,146 [Pipeline] Parsed 25 clusters from receptor_step0_PTES.dlg
2026-08-31 18:30:52,147 [Pipeline] Merged receptor+ligand → /home/chan/Research/Monomer_screening_in_Bio/results/phase3/CD9/NSGA_12_TTMS/cross_CD81/receptor_step1.pdb
2026-08-31 18:30:52,356 [Pipeline] Receptor PDBQT [ADFR prepare_receptor4 (python2.7)] → /home/chan/Research/Monomer_screening_in_Bio/results/phase3/CD9/NSGA_12_TTMS/cross_CD81/receptor_step1.pdbqt
2026-08-31 18:30:52,356 [Pipeline]   charge check skipped (indeterminate: non-standard residues ['UNL']); net=-1.964 e
2026-08-31 18:30:52,358 [Pipeline] Custom AD4 parameters (B, Si) written: /home/chan/Research/Monomer_screening_in_Bio/results/phase3/CD9/NSGA_12_TTMS/cross_CD81/step2_ICTES/AD4_parameters_custom.dat
2026-08-31 18:30:52,358 [Pipeline] GPF written → /home/chan/Research/Monomer_screening_in_Bio/results/phase3/CD9/NSGA_12_TTMS/cross_CD81/step2_ICTES/receptor_step1_ICTES.gpf
2026-08-31 18:30:53,911 [Pipeline] DPF written → /home/chan/Research/Monomer_screening_in_Bio/results/phase3/CD9/NSGA_12_TTMS/cross_CD81/step2_ICTES/receptor_step1_ICTES.dpf
2026-08-31 18:30:53,912 [Pipeline] AutoDock-GPU settings not transferable from DPF: parameter_file: AD-GPU ignores it. Receptor-side Si/B parameters reach the run only through the AutoGrid maps; ligand-internal ones only through --modpair (applied) | ls_search_freq / set_psw1 / sw_*: AD-GPU uses ADADELTA local search at 100% rate; the DPF's Solis-Wets block does not apply and the GPU search protocol is NOT identical to AD4 CPU | ga_num_evals is a CEILING on the GPU: --autostop 1 ends a run on convergence, so the DLG's 'evaluations performed' is normally well below the configured budget
2026-08-31 18:30:55,493 [Pipeline] AutoDock-GPU completed: receptor_step1_ICTES.dlg (seed (20260812, 1284275869, 1324253469))
2026-08-31 18:30:55,494 [Pipeline] Parsed 25 clusters from receptor_step1_ICTES.dlg
2026-08-31 18:30:55,495 [Pipeline] Parsed 25 clusters from receptor_step1_ICTES.dlg
2026-08-31 18:30:55,496 [Pipeline] Parsed 25 clusters from receptor_step1_ICTES.dlg
2026-08-31 18:30:55,497 [Pipeline] Merged receptor+ligand → /home/chan/Research/Monomer_screening_in_Bio/results/phase3/CD9/NSGA_12_TTMS/cross_CD81/receptor_step2.pdb
2026-08-31 18:30:55,726 [Pipeline] Receptor PDBQT [ADFR prepare_receptor4 (python2.7)] → /home/chan/Research/Monomer_screening_in_Bio/results/phase3/CD9/NSGA_12_TTMS/cross_CD81/receptor_step2.pdbqt
2026-08-31 18:30:55,726 [Pipeline]   charge check skipped (indeterminate: non-standard residues ['UNL']); net=-1.963 e
2026-08-31 18:30:55,729 [Pipeline] Custom AD4 parameters (B, Si) written: /home/chan/Research/Monomer_screening_in_Bio/results/phase3/CD9/NSGA_12_TTMS/cross_CD81/step3_TTMS/AD4_parameters_custom.dat
2026-08-31 18:30:55,729 [Pipeline] GPF written → /home/chan/Research/Monomer_screening_in_Bio/results/phase3/CD9/NSGA_12_TTMS/cross_CD81/step3_TTMS/receptor_step2_TTMS.gpf
2026-08-31 18:30:57,357 [Pipeline] DPF written → /home/chan/Research/Monomer_screening_in_Bio/results/phase3/CD9/NSGA_12_TTMS/cross_CD81/step3_TTMS/receptor_step2_TTMS.dpf
2026-08-31 18:30:57,357 [Pipeline] AutoDock-GPU settings not transferable from DPF: parameter_file: AD-GPU ignores it. Receptor-side Si/B parameters reach the run only through the AutoGrid maps; ligand-internal ones only through --modpair (applied) | ls_search_freq / set_psw1 / sw_*: AD-GPU uses ADADELTA local search at 100% rate; the DPF's Solis-Wets block does not apply and the GPU search protocol is NOT identical to AD4 CPU | ga_num_evals is a CEILING on the GPU: --autostop 1 ends a run on convergence, so the DLG's 'evaluations performed' is normally well below the configured budget
2026-08-31 18:30:58,283 [Pipeline] AutoDock-GPU completed: receptor_step2_TTMS.dlg (seed (20260812, 1821052748, 1861439564))
2026-08-31 18:30:58,284 [Pipeline] Parsed 25 clusters from receptor_step2_TTMS.dlg
2026-08-31 18:30:58,284 [Pipeline] Parsed 25 clusters from receptor_step2_TTMS.dlg
2026-08-31 18:30:58,285 [Pipeline] Parsed 25 clusters from receptor_step2_TTMS.dlg
2026-08-31 18:30:58,286 [Pipeline] Merged receptor+ligand → /home/chan/Research/Monomer_screening_in_Bio/results/phase3/CD9/NSGA_12_TTMS/cross_CD81/receptor_step3.pdb
2026-08-31 18:30:58,486 [Pipeline] Receptor PDBQT [ADFR prepare_receptor4 (python2.7)] → /home/chan/Research/Monomer_screening_in_Bio/results/phase3/CD9/NSGA_12_TTMS/cross_CD81/receptor_step3.pdbqt
2026-08-31 18:30:58,487 [Pipeline]   charge check skipped (indeterminate: non-standard residues ['UNL']); net=-1.963 e
2026-08-31 18:30:58,489 [Pipeline] Custom AD4 parameters (B, Si) written: /home/chan/Research/Monomer_screening_in_Bio/results/phase3/CD9/NSGA_12_TTMS/cross_CD81/step4_IBTES/AD4_parameters_custom.dat
2026-08-31 18:30:58,489 [Pipeline] GPF written → /home/chan/Research/Monomer_screening_in_Bio/results/phase3/CD9/NSGA_12_TTMS/cross_CD81/step4_IBTES/receptor_step3_IBTES.gpf
2026-08-31 18:31:00,027 [Pipeline] DPF written → /home/chan/Research/Monomer_screening_in_Bio/results/phase3/CD9/NSGA_12_TTMS/cross_CD81/step4_IBTES/receptor_step3_IBTES.dpf
2026-08-31 18:31:00,027 [Pipeline] AutoDock-GPU settings not transferable from DPF: parameter_file: AD-GPU ignores it. Receptor-side Si/B parameters reach the run only through the AutoGrid maps; ligand-internal ones only through --modpair (applied) | ls_search_freq / set_psw1 / sw_*: AD-GPU uses ADADELTA local search at 100% rate; the DPF's Solis-Wets block does not apply and the GPU search protocol is NOT identical to AD4 CPU | ga_num_evals is a CEILING on the GPU: --autostop 1 ends a run on convergence, so the DLG's 'evaluations performed' is normally well below the configured budget
2026-08-31 18:31:01,123 [Pipeline] AutoDock-GPU completed: receptor_step3_IBTES.dlg (seed (20260812, 872205429, 872354693))
2026-08-31 18:31:01,124 [Pipeline] Parsed 25 clusters from receptor_step3_IBTES.dlg
2026-08-31 18:31:01,125 [Pipeline] Parsed 25 clusters from receptor_step3_IBTES.dlg
2026-08-31 18:31:01,126 [Pipeline] Parsed 25 clusters from receptor_step3_IBTES.dlg
2026-08-31 18:31:01,126 [Pipeline] Merged receptor+ligand → /home/chan/Research/Monomer_screening_in_Bio/results/phase3/CD9/NSGA_12_TTMS/cross_CD81/receptor_step4.pdb
2026-08-31 18:31:01,340 [Pipeline] Receptor PDBQT [ADFR prepare_receptor4 (python2.7)] → /home/chan/Research/Monomer_screening_in_Bio/results/phase3/CD9/NSGA_12_TTMS/cross_CD81/receptor_step4.pdbqt
2026-08-31 18:31:01,340 [Pipeline]   charge check skipped (indeterminate: non-standard residues ['UNL']); net=-1.964 e
2026-08-31 18:31:01,342 [Pipeline] Custom AD4 parameters (B, Si) written: /home/chan/Research/Monomer_screening_in_Bio/results/phase3/CD9/NSGA_12_TTMS/cross_CD81/step5_TEOS/AD4_parameters_custom.dat
2026-08-31 18:31:01,342 [Pipeline] GPF written → /home/chan/Research/Monomer_screening_in_Bio/results/phase3/CD9/NSGA_12_TTMS/cross_CD81/step5_TEOS/receptor_step4_TEOS.gpf
2026-08-31 18:31:02,990 [Pipeline] DPF written → /home/chan/Research/Monomer_screening_in_Bio/results/phase3/CD9/NSGA_12_TTMS/cross_CD81/step5_TEOS/receptor_step4_TEOS.dpf
2026-08-31 18:31:02,991 [Pipeline] AutoDock-GPU settings not transferable from DPF: parameter_file: AD-GPU ignores it. Receptor-side Si/B parameters reach the run only through the AutoGrid maps; ligand-internal ones only through --modpair (applied) | ls_search_freq / set_psw1 / sw_*: AD-GPU uses ADADELTA local search at 100% rate; the DPF's Solis-Wets block does not apply and the GPU search protocol is NOT identical to AD4 CPU | ga_num_evals is a CEILING on the GPU: --autostop 1 ends a run on convergence, so the DLG's 'evaluations performed' is normally well below the configured budget
2026-08-31 18:31:03,912 [Pipeline] AutoDock-GPU completed: receptor_step4_TEOS.dlg (seed (20260812, 1270892758, 1277859558))
2026-08-31 18:31:03,913 [Pipeline] Parsed 25 clusters from receptor_step4_TEOS.dlg
2026-08-31 18:31:03,914 [Pipeline] Parsed 25 clusters from receptor_step4_TEOS.dlg
2026-08-31 18:31:03,915 [Pipeline] Parsed 25 clusters from receptor_step4_TEOS.dlg
2026-08-31 18:31:03,915 [Pipeline]     XL TEOS: BE=-3.42
2026-08-31 18:31:03,917 [Pipeline] Custom AD4 parameters (B, Si) written: /home/chan/Research/Monomer_screening_in_Bio/results/phase3/CD9/NSGA_12_TTMS/cross_CD81/step5_TMOS/AD4_parameters_custom.dat
2026-08-31 18:31:03,917 [Pipeline] GPF written → /home/chan/Research/Monomer_screening_in_Bio/results/phase3/CD9/NSGA_12_TTMS/cross_CD81/step5_TMOS/receptor_step4_TMOS.gpf
2026-08-31 18:31:05,441 [Pipeline] DPF written → /home/chan/Research/Monomer_screening_in_Bio/results/phase3/CD9/NSGA_12_TTMS/cross_CD81/step5_TMOS/receptor_step4_TMOS.dpf
2026-08-31 18:31:05,441 [Pipeline] AutoDock-GPU settings not transferable from DPF: parameter_file: AD-GPU ignores it. Receptor-side Si/B parameters reach the run only through the AutoGrid maps; ligand-internal ones only through --modpair (applied) | ls_search_freq / set_psw1 / sw_*: AD-GPU uses ADADELTA local search at 100% rate; the DPF's Solis-Wets block does not apply and the GPU search protocol is NOT identical to AD4 CPU | ga_num_evals is a CEILING on the GPU: --autostop 1 ends a run on convergence, so the DLG's 'evaluations performed' is normally well below the configured budget
2026-08-31 18:31:06,259 [Pipeline] AutoDock-GPU completed: receptor_step4_TMOS.dlg (seed (20260812, 594624773, 595168917))
2026-08-31 18:31:06,260 [Pipeline] Parsed 25 clusters from receptor_step4_TMOS.dlg
2026-08-31 18:31:06,260 [Pipeline] Parsed 25 clusters from receptor_step4_TMOS.dlg
2026-08-31 18:31:06,261 [Pipeline] Parsed 25 clusters from receptor_step4_TMOS.dlg
2026-08-31 18:31:06,261 [Pipeline]     XL TMOS: BE=-3.06
2026-08-31 18:31:06,261 [Pipeline]     Best XL: TEOS (BE=-3.42)
2026-08-31 18:31:06,261 [Pipeline]     NSGA_12_TTMS ΔΔG=+1.23 kcal/mol, penalty=1.12 → obj=-2.177
2026-08-31 18:31:06,261 [Pipeline]   NSGA[12]: ['TTMS', 'PTES', 'FPBA', 'IBTES', 'ICTES'] → aff=-4.11, sel=0.29, synth=7.8/10, ΔΔG=+1.24
2026-08-31 18:31:06,264 [Pipeline] Custom AD4 parameters (B, Si) written: /home/chan/Research/Monomer_screening_in_Bio/results/phase3/CD9/NSGA_13_FPBA/step0_FPBA/AD4_parameters_custom.dat
2026-08-31 18:31:06,264 [Pipeline] GPF written → /home/chan/Research/Monomer_screening_in_Bio/results/phase3/CD9/NSGA_13_FPBA/step0_FPBA/CD9_receptor_FPBA.gpf
2026-08-31 18:31:06,337 [Pipeline] DPF written → /home/chan/Research/Monomer_screening_in_Bio/results/phase3/CD9/NSGA_13_FPBA/step0_FPBA/CD9_receptor_FPBA.dpf
2026-08-31 18:31:06,337 [Pipeline] AutoDock-GPU settings not transferable from DPF: parameter_file: AD-GPU ignores it. Receptor-side Si/B parameters reach the run only through the AutoGrid maps; ligand-internal ones only through --modpair (applied) | ls_search_freq / set_psw1 / sw_*: AD-GPU uses ADADELTA local search at 100% rate; the DPF's Solis-Wets block does not apply and the GPU search protocol is NOT identical to AD4 CPU | ga_num_evals is a CEILING on the GPU: --autostop 1 ends a run on convergence, so the DLG's 'evaluations performed' is normally well below the configured budget
2026-08-31 18:31:07,289 [Pipeline] AutoDock-GPU completed: CD9_receptor_FPBA.dlg (seed (20260812, 1964201909, 1968937029))
2026-08-31 18:31:07,290 [Pipeline] Parsed 25 clusters from CD9_receptor_FPBA.dlg
2026-08-31 18:31:07,290 [Pipeline] Parsed 25 clusters from CD9_receptor_FPBA.dlg
2026-08-31 18:31:07,291 [Pipeline] Parsed 25 clusters from CD9_receptor_FPBA.dlg
2026-08-31 18:31:07,292 [Pipeline] Merged receptor+ligand → /home/chan/Research/Monomer_screening_in_Bio/results/phase3/CD9/NSGA_13_FPBA/receptor_step0.pdb
2026-08-31 18:31:07,530 [Pipeline] Receptor PDBQT [ADFR prepare_receptor4 (python2.7)] → /home/chan/Research/Monomer_screening_in_Bio/results/phase3/CD9/NSGA_13_FPBA/receptor_step0.pdbqt
2026-08-31 18:31:07,531 [Pipeline]   charge check skipped (indeterminate: non-standard residues ['UNL']); net=-0.971 e
2026-08-31 18:31:07,533 [Pipeline] Custom AD4 parameters (B, Si) written: /home/chan/Research/Monomer_screening_in_Bio/results/phase3/CD9/NSGA_13_FPBA/step1_TTMS/AD4_parameters_custom.dat
2026-08-31 18:31:07,533 [Pipeline] GPF written → /home/chan/Research/Monomer_screening_in_Bio/results/phase3/CD9/NSGA_13_FPBA/step1_TTMS/receptor_step0_TTMS.gpf
2026-08-31 18:31:09,012 [Pipeline] DPF written → /home/chan/Research/Monomer_screening_in_Bio/results/phase3/CD9/NSGA_13_FPBA/step1_TTMS/receptor_step0_TTMS.dpf
2026-08-31 18:31:09,012 [Pipeline] AutoDock-GPU settings not transferable from DPF: parameter_file: AD-GPU ignores it. Receptor-side Si/B parameters reach the run only through the AutoGrid maps; ligand-internal ones only through --modpair (applied) | ls_search_freq / set_psw1 / sw_*: AD-GPU uses ADADELTA local search at 100% rate; the DPF's Solis-Wets block does not apply and the GPU search protocol is NOT identical to AD4 CPU | ga_num_evals is a CEILING on the GPU: --autostop 1 ends a run on convergence, so the DLG's 'evaluations performed' is normally well below the configured budget
2026-08-31 18:31:09,997 [Pipeline] AutoDock-GPU completed: receptor_step0_TTMS.dlg (seed (20260812, 404614536, 442364440))
2026-08-31 18:31:09,998 [Pipeline] Parsed 25 clusters from receptor_step0_TTMS.dlg
2026-08-31 18:31:09,998 [Pipeline] Parsed 25 clusters from receptor_step0_TTMS.dlg
2026-08-31 18:31:09,999 [Pipeline] Parsed 25 clusters from receptor_step0_TTMS.dlg
2026-08-31 18:31:10,000 [Pipeline] Merged receptor+ligand → /home/chan/Research/Monomer_screening_in_Bio/results/phase3/CD9/NSGA_13_FPBA/receptor_step1.pdb
2026-08-31 18:31:10,201 [Pipeline] Receptor PDBQT [ADFR prepare_receptor4 (python2.7)] → /home/chan/Research/Monomer_screening_in_Bio/results/phase3/CD9/NSGA_13_FPBA/receptor_step1.pdbqt
2026-08-31 18:31:10,201 [Pipeline]   charge check skipped (indeterminate: non-standard residues ['UNL']); net=-0.971 e
2026-08-31 18:31:10,203 [Pipeline] Custom AD4 parameters (B, Si) written: /home/chan/Research/Monomer_screening_in_Bio/results/phase3/CD9/NSGA_13_FPBA/step2_IBTES/AD4_parameters_custom.dat
2026-08-31 18:31:10,203 [Pipeline] GPF written → /home/chan/Research/Monomer_screening_in_Bio/results/phase3/CD9/NSGA_13_FPBA/step2_IBTES/receptor_step1_IBTES.gpf
2026-08-31 18:31:11,684 [Pipeline] DPF written → /home/chan/Research/Monomer_screening_in_Bio/results/phase3/CD9/NSGA_13_FPBA/step2_IBTES/receptor_step1_IBTES.dpf
2026-08-31 18:31:11,685 [Pipeline] AutoDock-GPU settings not transferable from DPF: parameter_file: AD-GPU ignores it. Receptor-side Si/B parameters reach the run only through the AutoGrid maps; ligand-internal ones only through --modpair (applied) | ls_search_freq / set_psw1 / sw_*: AD-GPU uses ADADELTA local search at 100% rate; the DPF's Solis-Wets block does not apply and the GPU search protocol is NOT identical to AD4 CPU | ga_num_evals is a CEILING on the GPU: --autostop 1 ends a run on convergence, so the DLG's 'evaluations performed' is normally well below the configured budget
2026-08-31 18:31:12,755 [Pipeline] AutoDock-GPU completed: receptor_step1_IBTES.dlg (seed (20260812, 958535893, 961308389))
2026-08-31 18:31:12,756 [Pipeline] Parsed 25 clusters from receptor_step1_IBTES.dlg
2026-08-31 18:31:12,757 [Pipeline] Parsed 25 clusters from receptor_step1_IBTES.dlg
2026-08-31 18:31:12,758 [Pipeline] Parsed 25 clusters from receptor_step1_IBTES.dlg
2026-08-31 18:31:12,758 [Pipeline] Merged receptor+ligand → /home/chan/Research/Monomer_screening_in_Bio/results/phase3/CD9/NSGA_13_FPBA/receptor_step2.pdb
2026-08-31 18:31:12,995 [Pipeline] Receptor PDBQT [ADFR prepare_receptor4 (python2.7)] → /home/chan/Research/Monomer_screening_in_Bio/results/phase3/CD9/NSGA_13_FPBA/receptor_step2.pdbqt
2026-08-31 18:31:12,995 [Pipeline]   charge check skipped (indeterminate: non-standard residues ['UNL']); net=-0.972 e
2026-08-31 18:31:12,998 [Pipeline] Custom AD4 parameters (B, Si) written: /home/chan/Research/Monomer_screening_in_Bio/results/phase3/CD9/NSGA_13_FPBA/step3_TEOS/AD4_parameters_custom.dat
2026-08-31 18:31:12,998 [Pipeline] GPF written → /home/chan/Research/Monomer_screening_in_Bio/results/phase3/CD9/NSGA_13_FPBA/step3_TEOS/receptor_step2_TEOS.gpf
2026-08-31 18:31:14,724 [Pipeline] DPF written → /home/chan/Research/Monomer_screening_in_Bio/results/phase3/CD9/NSGA_13_FPBA/step3_TEOS/receptor_step2_TEOS.dpf
2026-08-31 18:31:14,725 [Pipeline] AutoDock-GPU settings not transferable from DPF: parameter_file: AD-GPU ignores it. Receptor-side Si/B parameters reach the run only through the AutoGrid maps; ligand-internal ones only through --modpair (applied) | ls_search_freq / set_psw1 / sw_*: AD-GPU uses ADADELTA local search at 100% rate; the DPF's Solis-Wets block does not apply and the GPU search protocol is NOT identical to AD4 CPU | ga_num_evals is a CEILING on the GPU: --autostop 1 ends a run on convergence, so the DLG's 'evaluations performed' is normally well below the configured budget
2026-08-31 18:31:15,659 [Pipeline] AutoDock-GPU completed: receptor_step2_TEOS.dlg (seed (20260812, 727588156, 731931324))
2026-08-31 18:31:15,660 [Pipeline] Parsed 25 clusters from receptor_step2_TEOS.dlg
2026-08-31 18:31:15,661 [Pipeline] Parsed 25 clusters from receptor_step2_TEOS.dlg
2026-08-31 18:31:15,662 [Pipeline] Parsed 25 clusters from receptor_step2_TEOS.dlg
2026-08-31 18:31:15,662 [Pipeline]     XL TEOS: BE=-3.42
2026-08-31 18:31:15,664 [Pipeline] Custom AD4 parameters (B, Si) written: /home/chan/Research/Monomer_screening_in_Bio/results/phase3/CD9/NSGA_13_FPBA/step3_TMOS/AD4_parameters_custom.dat
2026-08-31 18:31:15,664 [Pipeline] GPF written → /home/chan/Research/Monomer_screening_in_Bio/results/phase3/CD9/NSGA_13_FPBA/step3_TMOS/receptor_step2_TMOS.gpf
2026-08-31 18:31:17,316 [Pipeline] DPF written → /home/chan/Research/Monomer_screening_in_Bio/results/phase3/CD9/NSGA_13_FPBA/step3_TMOS/receptor_step2_TMOS.dpf
2026-08-31 18:31:17,316 [Pipeline] AutoDock-GPU settings not transferable from DPF: parameter_file: AD-GPU ignores it. Receptor-side Si/B parameters reach the run only through the AutoGrid maps; ligand-internal ones only through --modpair (applied) | ls_search_freq / set_psw1 / sw_*: AD-GPU uses ADADELTA local search at 100% rate; the DPF's Solis-Wets block does not apply and the GPU search protocol is NOT identical to AD4 CPU | ga_num_evals is a CEILING on the GPU: --autostop 1 ends a run on convergence, so the DLG's 'evaluations performed' is normally well below the configured budget
2026-08-31 18:31:18,197 [Pipeline] AutoDock-GPU completed: receptor_step2_TMOS.dlg (seed (20260812, 709148884, 749145836))
2026-08-31 18:31:18,198 [Pipeline] Parsed 25 clusters from receptor_step2_TMOS.dlg
2026-08-31 18:31:18,198 [Pipeline] Parsed 25 clusters from receptor_step2_TMOS.dlg
2026-08-31 18:31:18,199 [Pipeline] Parsed 25 clusters from receptor_step2_TMOS.dlg
2026-08-31 18:31:18,199 [Pipeline]     XL TMOS: BE=-3.36
2026-08-31 18:31:18,199 [Pipeline]     Best XL: TEOS (BE=-3.42)
2026-08-31 18:31:18,202 [Pipeline] Custom AD4 parameters (B, Si) written: /home/chan/Research/Monomer_screening_in_Bio/results/phase3/CD9/NSGA_13_FPBA/cross_CD63/step0_FPBA/AD4_parameters_custom.dat
2026-08-31 18:31:18,202 [Pipeline] GPF written → /home/chan/Research/Monomer_screening_in_Bio/results/phase3/CD9/NSGA_13_FPBA/cross_CD63/step0_FPBA/CD63_receptor_glyco_FPBA.gpf
2026-08-31 18:31:26,841 [Pipeline] DPF written → /home/chan/Research/Monomer_screening_in_Bio/results/phase3/CD9/NSGA_13_FPBA/cross_CD63/step0_FPBA/CD63_receptor_glyco_FPBA.dpf
2026-08-31 18:31:26,841 [Pipeline] AutoDock-GPU settings not transferable from DPF: parameter_file: AD-GPU ignores it. Receptor-side Si/B parameters reach the run only through the AutoGrid maps; ligand-internal ones only through --modpair (applied) | ls_search_freq / set_psw1 / sw_*: AD-GPU uses ADADELTA local search at 100% rate; the DPF's Solis-Wets block does not apply and the GPU search protocol is NOT identical to AD4 CPU | ga_num_evals is a CEILING on the GPU: --autostop 1 ends a run on convergence, so the DLG's 'evaluations performed' is normally well below the configured budget
2026-08-31 18:31:29,960 [Pipeline] AutoDock-GPU completed: CD63_receptor_glyco_FPBA.dlg (seed (20260812, 329769312, 331869792))
2026-08-31 18:31:29,961 [Pipeline] Parsed 25 clusters from CD63_receptor_glyco_FPBA.dlg
2026-08-31 18:31:29,962 [Pipeline] Parsed 25 clusters from CD63_receptor_glyco_FPBA.dlg
2026-08-31 18:31:29,963 [Pipeline] Parsed 25 clusters from CD63_receptor_glyco_FPBA.dlg
2026-08-31 18:31:29,964 [Pipeline] Merged receptor+ligand → /home/chan/Research/Monomer_screening_in_Bio/results/phase3/CD9/NSGA_13_FPBA/cross_CD63/receptor_step0.pdb
2026-08-31 18:31:30,445 [Pipeline] Receptor PDBQT [ADFR prepare_receptor4 (python2.7)] → /home/chan/Research/Monomer_screening_in_Bio/results/phase3/CD9/NSGA_13_FPBA/cross_CD63/receptor_step0.pdbqt
2026-08-31 18:31:30,452 [Pipeline]   charge check skipped (indeterminate: non-standard residues ['UNL']); net=+2.023 e
2026-08-31 18:31:30,464 [Pipeline] Custom AD4 parameters (B, Si) written: /home/chan/Research/Monomer_screening_in_Bio/results/phase3/CD9/NSGA_13_FPBA/cross_CD63/step1_TTMS/AD4_parameters_custom.dat
2026-08-31 18:31:30,465 [Pipeline] GPF written → /home/chan/Research/Monomer_screening_in_Bio/results/phase3/CD9/NSGA_13_FPBA/cross_CD63/step1_TTMS/receptor_step0_TTMS.gpf
2026-08-31 18:31:42,099 [Pipeline] DPF written → /home/chan/Research/Monomer_screening_in_Bio/results/phase3/CD9/NSGA_13_FPBA/cross_CD63/step1_TTMS/receptor_step0_TTMS.dpf
2026-08-31 18:31:42,104 [Pipeline] AutoDock-GPU settings not transferable from DPF: parameter_file: AD-GPU ignores it. Receptor-side Si/B parameters reach the run only through the AutoGrid maps; ligand-internal ones only through --modpair (applied) | ls_search_freq / set_psw1 / sw_*: AD-GPU uses ADADELTA local search at 100% rate; the DPF's Solis-Wets block does not apply and the GPU search protocol is NOT identical to AD4 CPU | ga_num_evals is a CEILING on the GPU: --autostop 1 ends a run on convergence, so the DLG's 'evaluations performed' is normally well below the configured budget
2026-08-31 18:31:45,013 [Pipeline] AutoDock-GPU completed: receptor_step0_TTMS.dlg (seed (20260812, 404614536, 442364440))
2026-08-31 18:31:45,015 [Pipeline] Parsed 25 clusters from receptor_step0_TTMS.dlg
2026-08-31 18:31:45,016 [Pipeline] Parsed 25 clusters from receptor_step0_TTMS.dlg
2026-08-31 18:31:45,017 [Pipeline] Parsed 25 clusters from receptor_step0_TTMS.dlg
2026-08-31 18:31:45,018 [Pipeline] Merged receptor+ligand → /home/chan/Research/Monomer_screening_in_Bio/results/phase3/CD9/NSGA_13_FPBA/cross_CD63/receptor_step1.pdb
2026-08-31 18:31:45,823 [Pipeline] Receptor PDBQT [ADFR prepare_receptor4 (python2.7)] → /home/chan/Research/Monomer_screening_in_Bio/results/phase3/CD9/NSGA_13_FPBA/cross_CD63/receptor_step1.pdbqt
2026-08-31 18:31:45,826 [Pipeline]   charge check skipped (indeterminate: non-standard residues ['UNL']); net=+2.023 e
2026-08-31 18:31:45,830 [Pipeline] Custom AD4 parameters (B, Si) written: /home/chan/Research/Monomer_screening_in_Bio/results/phase3/CD9/NSGA_13_FPBA/cross_CD63/step2_IBTES/AD4_parameters_custom.dat
2026-08-31 18:31:45,830 [Pipeline] GPF written → /home/chan/Research/Monomer_screening_in_Bio/results/phase3/CD9/NSGA_13_FPBA/cross_CD63/step2_IBTES/receptor_step1_IBTES.gpf
2026-08-31 18:31:55,930 [Pipeline] DPF written → /home/chan/Research/Monomer_screening_in_Bio/results/phase3/CD9/NSGA_13_FPBA/cross_CD63/step2_IBTES/receptor_step1_IBTES.dpf
2026-08-31 18:31:55,931 [Pipeline] AutoDock-GPU settings not transferable from DPF: parameter_file: AD-GPU ignores it. Receptor-side Si/B parameters reach the run only through the AutoGrid maps; ligand-internal ones only through --modpair (applied) | ls_search_freq / set_psw1 / sw_*: AD-GPU uses ADADELTA local search at 100% rate; the DPF's Solis-Wets block does not apply and the GPU search protocol is NOT identical to AD4 CPU | ga_num_evals is a CEILING on the GPU: --autostop 1 ends a run on convergence, so the DLG's 'evaluations performed' is normally well below the configured budget
2026-08-31 18:31:58,032 [Pipeline] AutoDock-GPU completed: receptor_step1_IBTES.dlg (seed (20260812, 958535893, 961308389))
2026-08-31 18:31:58,034 [Pipeline] Parsed 25 clusters from receptor_step1_IBTES.dlg
2026-08-31 18:31:58,036 [Pipeline] Parsed 25 clusters from receptor_step1_IBTES.dlg
2026-08-31 18:31:58,037 [Pipeline] Parsed 25 clusters from receptor_step1_IBTES.dlg
2026-08-31 18:31:58,038 [Pipeline] Merged receptor+ligand → /home/chan/Research/Monomer_screening_in_Bio/results/phase3/CD9/NSGA_13_FPBA/cross_CD63/receptor_step2.pdb
2026-08-31 18:31:58,685 [Pipeline] Receptor PDBQT [ADFR prepare_receptor4 (python2.7)] → /home/chan/Research/Monomer_screening_in_Bio/results/phase3/CD9/NSGA_13_FPBA/cross_CD63/receptor_step2.pdbqt
2026-08-31 18:31:58,687 [Pipeline]   charge check skipped (indeterminate: non-standard residues ['UNL']); net=+2.022 e
2026-08-31 18:31:58,691 [Pipeline] Custom AD4 parameters (B, Si) written: /home/chan/Research/Monomer_screening_in_Bio/results/phase3/CD9/NSGA_13_FPBA/cross_CD63/step3_TEOS/AD4_parameters_custom.dat
2026-08-31 18:31:58,691 [Pipeline] GPF written → /home/chan/Research/Monomer_screening_in_Bio/results/phase3/CD9/NSGA_13_FPBA/cross_CD63/step3_TEOS/receptor_step2_TEOS.gpf
2026-08-31 18:32:06,718 [Pipeline] DPF written → /home/chan/Research/Monomer_screening_in_Bio/results/phase3/CD9/NSGA_13_FPBA/cross_CD63/step3_TEOS/receptor_step2_TEOS.dpf
2026-08-31 18:32:06,718 [Pipeline] AutoDock-GPU settings not transferable from DPF: parameter_file: AD-GPU ignores it. Receptor-side Si/B parameters reach the run only through the AutoGrid maps; ligand-internal ones only through --modpair (applied) | ls_search_freq / set_psw1 / sw_*: AD-GPU uses ADADELTA local search at 100% rate; the DPF's Solis-Wets block does not apply and the GPU search protocol is NOT identical to AD4 CPU | ga_num_evals is a CEILING on the GPU: --autostop 1 ends a run on convergence, so the DLG's 'evaluations performed' is normally well below the configured budget
2026-08-31 18:32:07,640 [Pipeline] AutoDock-GPU completed: receptor_step2_TEOS.dlg (seed (20260812, 727588156, 731931324))
2026-08-31 18:32:07,642 [Pipeline] Parsed 25 clusters from receptor_step2_TEOS.dlg
2026-08-31 18:32:07,643 [Pipeline] Parsed 25 clusters from receptor_step2_TEOS.dlg
2026-08-31 18:32:07,643 [Pipeline] Parsed 25 clusters from receptor_step2_TEOS.dlg
2026-08-31 18:32:07,644 [Pipeline]     XL TEOS: BE=-3.05
2026-08-31 18:32:07,649 [Pipeline] Custom AD4 parameters (B, Si) written: /home/chan/Research/Monomer_screening_in_Bio/results/phase3/CD9/NSGA_13_FPBA/cross_CD63/step3_TMOS/AD4_parameters_custom.dat
2026-08-31 18:32:07,649 [Pipeline] GPF written → /home/chan/Research/Monomer_screening_in_Bio/results/phase3/CD9/NSGA_13_FPBA/cross_CD63/step3_TMOS/receptor_step2_TMOS.gpf
2026-08-31 18:32:16,911 [Pipeline] DPF written → /home/chan/Research/Monomer_screening_in_Bio/results/phase3/CD9/NSGA_13_FPBA/cross_CD63/step3_TMOS/receptor_step2_TMOS.dpf
2026-08-31 18:32:16,911 [Pipeline] AutoDock-GPU settings not transferable from DPF: parameter_file: AD-GPU ignores it. Receptor-side Si/B parameters reach the run only through the AutoGrid maps; ligand-internal ones only through --modpair (applied) | ls_search_freq / set_psw1 / sw_*: AD-GPU uses ADADELTA local search at 100% rate; the DPF's Solis-Wets block does not apply and the GPU search protocol is NOT identical to AD4 CPU | ga_num_evals is a CEILING on the GPU: --autostop 1 ends a run on convergence, so the DLG's 'evaluations performed' is normally well below the configured budget
2026-08-31 18:32:19,736 [Pipeline] AutoDock-GPU completed: receptor_step2_TMOS.dlg (seed (20260812, 709148884, 749145836))
2026-08-31 18:32:19,737 [Pipeline] Parsed 25 clusters from receptor_step2_TMOS.dlg
2026-08-31 18:32:19,738 [Pipeline] Parsed 25 clusters from receptor_step2_TMOS.dlg
2026-08-31 18:32:19,739 [Pipeline] Parsed 25 clusters from receptor_step2_TMOS.dlg
2026-08-31 18:32:19,739 [Pipeline]     XL TMOS: BE=-2.90
2026-08-31 18:32:19,739 [Pipeline]     Best XL: TEOS (BE=-3.05)
2026-08-31 18:32:19,756 [Pipeline] Custom AD4 parameters (B, Si) written: /home/chan/Research/Monomer_screening_in_Bio/results/phase3/CD9/NSGA_13_FPBA/cross_CD81/step0_FPBA/AD4_parameters_custom.dat
2026-08-31 18:32:19,756 [Pipeline] GPF written → /home/chan/Research/Monomer_screening_in_Bio/results/phase3/CD9/NSGA_13_FPBA/cross_CD81/step0_FPBA/CD81_receptor_FPBA.gpf
2026-08-31 18:32:22,497 [Pipeline] DPF written → /home/chan/Research/Monomer_screening_in_Bio/results/phase3/CD9/NSGA_13_FPBA/cross_CD81/step0_FPBA/CD81_receptor_FPBA.dpf
2026-08-31 18:32:22,498 [Pipeline] AutoDock-GPU settings not transferable from DPF: parameter_file: AD-GPU ignores it. Receptor-side Si/B parameters reach the run only through the AutoGrid maps; ligand-internal ones only through --modpair (applied) | ls_search_freq / set_psw1 / sw_*: AD-GPU uses ADADELTA local search at 100% rate; the DPF's Solis-Wets block does not apply and the GPU search protocol is NOT identical to AD4 CPU | ga_num_evals is a CEILING on the GPU: --autostop 1 ends a run on convergence, so the DLG's 'evaluations performed' is normally well below the configured budget
2026-08-31 18:32:24,110 [Pipeline] AutoDock-GPU completed: CD81_receptor_FPBA.dlg (seed (20260812, 1063573366, 1065818246))
2026-08-31 18:32:24,111 [Pipeline] Parsed 25 clusters from CD81_receptor_FPBA.dlg
2026-08-31 18:32:24,112 [Pipeline] Parsed 25 clusters from CD81_receptor_FPBA.dlg
2026-08-31 18:32:24,113 [Pipeline] Parsed 25 clusters from CD81_receptor_FPBA.dlg
2026-08-31 18:32:24,114 [Pipeline] Merged receptor+ligand → /home/chan/Research/Monomer_screening_in_Bio/results/phase3/CD9/NSGA_13_FPBA/cross_CD81/receptor_step0.pdb
2026-08-31 18:32:25,202 [Pipeline] Receptor PDBQT [ADFR prepare_receptor4 (python2.7)] → /home/chan/Research/Monomer_screening_in_Bio/results/phase3/CD9/NSGA_13_FPBA/cross_CD81/receptor_step0.pdbqt
2026-08-31 18:32:25,203 [Pipeline]   charge check skipped (indeterminate: non-standard residues ['UNL']); net=-1.964 e
2026-08-31 18:32:25,208 [Pipeline] Custom AD4 parameters (B, Si) written: /home/chan/Research/Monomer_screening_in_Bio/results/phase3/CD9/NSGA_13_FPBA/cross_CD81/step1_TTMS/AD4_parameters_custom.dat
2026-08-31 18:32:25,209 [Pipeline] GPF written → /home/chan/Research/Monomer_screening_in_Bio/results/phase3/CD9/NSGA_13_FPBA/cross_CD81/step1_TTMS/receptor_step0_TTMS.gpf
2026-08-31 18:32:28,012 [Pipeline] DPF written → /home/chan/Research/Monomer_screening_in_Bio/results/phase3/CD9/NSGA_13_FPBA/cross_CD81/step1_TTMS/receptor_step0_TTMS.dpf
2026-08-31 18:32:28,013 [Pipeline] AutoDock-GPU settings not transferable from DPF: parameter_file: AD-GPU ignores it. Receptor-side Si/B parameters reach the run only through the AutoGrid maps; ligand-internal ones only through --modpair (applied) | ls_search_freq / set_psw1 / sw_*: AD-GPU uses ADADELTA local search at 100% rate; the DPF's Solis-Wets block does not apply and the GPU search protocol is NOT identical to AD4 CPU | ga_num_evals is a CEILING on the GPU: --autostop 1 ends a run on convergence, so the DLG's 'evaluations performed' is normally well below the configured budget
2026-08-31 18:32:29,443 [Pipeline] AutoDock-GPU completed: receptor_step0_TTMS.dlg (seed (20260812, 404614536, 442364440))
2026-08-31 18:32:29,445 [Pipeline] Parsed 25 clusters from receptor_step0_TTMS.dlg
2026-08-31 18:32:29,447 [Pipeline] Parsed 25 clusters from receptor_step0_TTMS.dlg
2026-08-31 18:32:29,448 [Pipeline] Parsed 25 clusters from receptor_step0_TTMS.dlg
2026-08-31 18:32:29,450 [Pipeline] Merged receptor+ligand → /home/chan/Research/Monomer_screening_in_Bio/results/phase3/CD9/NSGA_13_FPBA/cross_CD81/receptor_step1.pdb
2026-08-31 18:32:30,046 [Pipeline] Receptor PDBQT [ADFR prepare_receptor4 (python2.7)] → /home/chan/Research/Monomer_screening_in_Bio/results/phase3/CD9/NSGA_13_FPBA/cross_CD81/receptor_step1.pdbqt
2026-08-31 18:32:30,048 [Pipeline]   charge check skipped (indeterminate: non-standard residues ['UNL']); net=-1.964 e
2026-08-31 18:32:30,054 [Pipeline] Custom AD4 parameters (B, Si) written: /home/chan/Research/Monomer_screening_in_Bio/results/phase3/CD9/NSGA_13_FPBA/cross_CD81/step2_IBTES/AD4_parameters_custom.dat
2026-08-31 18:32:30,054 [Pipeline] GPF written → /home/chan/Research/Monomer_screening_in_Bio/results/phase3/CD9/NSGA_13_FPBA/cross_CD81/step2_IBTES/receptor_step1_IBTES.gpf
2026-08-31 18:32:32,832 [Pipeline] DPF written → /home/chan/Research/Monomer_screening_in_Bio/results/phase3/CD9/NSGA_13_FPBA/cross_CD81/step2_IBTES/receptor_step1_IBTES.dpf
2026-08-31 18:32:32,834 [Pipeline] AutoDock-GPU settings not transferable from DPF: parameter_file: AD-GPU ignores it. Receptor-side Si/B parameters reach the run only through the AutoGrid maps; ligand-internal ones only through --modpair (applied) | ls_search_freq / set_psw1 / sw_*: AD-GPU uses ADADELTA local search at 100% rate; the DPF's Solis-Wets block does not apply and the GPU search protocol is NOT identical to AD4 CPU | ga_num_evals is a CEILING on the GPU: --autostop 1 ends a run on convergence, so the DLG's 'evaluations performed' is normally well below the configured budget
2026-08-31 18:32:34,632 [Pipeline] AutoDock-GPU completed: receptor_step1_IBTES.dlg (seed (20260812, 958535893, 961308389))
2026-08-31 18:32:34,633 [Pipeline] Parsed 25 clusters from receptor_step1_IBTES.dlg
2026-08-31 18:32:34,635 [Pipeline] Parsed 25 clusters from receptor_step1_IBTES.dlg
2026-08-31 18:32:34,636 [Pipeline] Parsed 25 clusters from receptor_step1_IBTES.dlg
2026-08-31 18:32:34,637 [Pipeline] Merged receptor+ligand → /home/chan/Research/Monomer_screening_in_Bio/results/phase3/CD9/NSGA_13_FPBA/cross_CD81/receptor_step2.pdb
2026-08-31 18:32:35,708 [Pipeline] Receptor PDBQT [ADFR prepare_receptor4 (python2.7)] → /home/chan/Research/Monomer_screening_in_Bio/results/phase3/CD9/NSGA_13_FPBA/cross_CD81/receptor_step2.pdbqt
2026-08-31 18:32:35,710 [Pipeline]   charge check skipped (indeterminate: non-standard residues ['UNL']); net=-1.965 e
2026-08-31 18:32:35,715 [Pipeline] Custom AD4 parameters (B, Si) written: /home/chan/Research/Monomer_screening_in_Bio/results/phase3/CD9/NSGA_13_FPBA/cross_CD81/step3_TEOS/AD4_parameters_custom.dat
2026-08-31 18:32:35,715 [Pipeline] GPF written → /home/chan/Research/Monomer_screening_in_Bio/results/phase3/CD9/NSGA_13_FPBA/cross_CD81/step3_TEOS/receptor_step2_TEOS.gpf
2026-08-31 18:32:38,689 [Pipeline] DPF written → /home/chan/Research/Monomer_screening_in_Bio/results/phase3/CD9/NSGA_13_FPBA/cross_CD81/step3_TEOS/receptor_step2_TEOS.dpf
2026-08-31 18:32:38,690 [Pipeline] AutoDock-GPU settings not transferable from DPF: parameter_file: AD-GPU ignores it. Receptor-side Si/B parameters reach the run only through the AutoGrid maps; ligand-internal ones only through --modpair (applied) | ls_search_freq / set_psw1 / sw_*: AD-GPU uses ADADELTA local search at 100% rate; the DPF's Solis-Wets block does not apply and the GPU search protocol is NOT identical to AD4 CPU | ga_num_evals is a CEILING on the GPU: --autostop 1 ends a run on convergence, so the DLG's 'evaluations performed' is normally well below the configured budget
2026-08-31 18:32:38,832 [Pipeline] AutoDock-GPU completed: receptor_step2_TEOS.dlg (seed (20260812, 727588156, 731931324))
2026-08-31 18:32:38,834 [Pipeline] Parsed 25 clusters from receptor_step2_TEOS.dlg
2026-08-31 18:32:38,835 [Pipeline] Parsed 25 clusters from receptor_step2_TEOS.dlg
2026-08-31 18:32:38,839 [Pipeline] Parsed 25 clusters from receptor_step2_TEOS.dlg
2026-08-31 18:32:38,840 [Pipeline]     XL TEOS: BE=-3.35
2026-08-31 18:32:38,846 [Pipeline] Custom AD4 parameters (B, Si) written: /home/chan/Research/Monomer_screening_in_Bio/results/phase3/CD9/NSGA_13_FPBA/cross_CD81/step3_TMOS/AD4_parameters_custom.dat
2026-08-31 18:32:38,846 [Pipeline] GPF written → /home/chan/Research/Monomer_screening_in_Bio/results/phase3/CD9/NSGA_13_FPBA/cross_CD81/step3_TMOS/receptor_step2_TMOS.gpf
2026-08-31 18:32:41,834 [Pipeline] DPF written → /home/chan/Research/Monomer_screening_in_Bio/results/phase3/CD9/NSGA_13_FPBA/cross_CD81/step3_TMOS/receptor_step2_TMOS.dpf
2026-08-31 18:32:41,835 [Pipeline] AutoDock-GPU settings not transferable from DPF: parameter_file: AD-GPU ignores it. Receptor-side Si/B parameters reach the run only through the AutoGrid maps; ligand-internal ones only through --modpair (applied) | ls_search_freq / set_psw1 / sw_*: AD-GPU uses ADADELTA local search at 100% rate; the DPF's Solis-Wets block does not apply and the GPU search protocol is NOT identical to AD4 CPU | ga_num_evals is a CEILING on the GPU: --autostop 1 ends a run on convergence, so the DLG's 'evaluations performed' is normally well below the configured budget
2026-08-31 18:32:43,320 [Pipeline] AutoDock-GPU completed: receptor_step2_TMOS.dlg (seed (20260812, 709148884, 749145836))
2026-08-31 18:32:43,322 [Pipeline] Parsed 25 clusters from receptor_step2_TMOS.dlg
2026-08-31 18:32:43,323 [Pipeline] Parsed 25 clusters from receptor_step2_TMOS.dlg
2026-08-31 18:32:43,325 [Pipeline] Parsed 25 clusters from receptor_step2_TMOS.dlg
2026-08-31 18:32:43,326 [Pipeline]     XL TMOS: BE=-3.17
2026-08-31 18:32:43,326 [Pipeline]     Best XL: TEOS (BE=-3.35)
2026-08-31 18:32:43,337 [Pipeline]     NSGA_13_FPBA ΔΔG=-0.11 kcal/mol, penalty=0.45 → obj=-3.469
2026-08-31 18:32:43,338 [Pipeline]   NSGA[13]: ['FPBA', 'TTMS', 'IBTES'] → aff=-4.28, sel=0.41, synth=9.2/10, ΔΔG=-0.11
2026-08-31 18:32:43,357 [Pipeline] Custom AD4 parameters (B, Si) written: /home/chan/Research/Monomer_screening_in_Bio/results/phase3/CD9/NSGA_14_IBTES/step0_FPBA/AD4_parameters_custom.dat
2026-08-31 18:32:43,357 [Pipeline] GPF written → /home/chan/Research/Monomer_screening_in_Bio/results/phase3/CD9/NSGA_14_IBTES/step0_FPBA/CD9_receptor_FPBA.gpf
2026-08-31 18:32:46,051 [Pipeline] DPF written → /home/chan/Research/Monomer_screening_in_Bio/results/phase3/CD9/NSGA_14_IBTES/step0_FPBA/CD9_receptor_FPBA.dpf
2026-08-31 18:32:46,051 [Pipeline] AutoDock-GPU settings not transferable from DPF: parameter_file: AD-GPU ignores it. Receptor-side Si/B parameters reach the run only through the AutoGrid maps; ligand-internal ones only through --modpair (applied) | ls_search_freq / set_psw1 / sw_*: AD-GPU uses ADADELTA local search at 100% rate; the DPF's Solis-Wets block does not apply and the GPU search protocol is NOT identical to AD4 CPU | ga_num_evals is a CEILING on the GPU: --autostop 1 ends a run on convergence, so the DLG's 'evaluations performed' is normally well below the configured budget
2026-08-31 18:32:47,403 [Pipeline] AutoDock-GPU completed: CD9_receptor_FPBA.dlg (seed (20260812, 1964201909, 1968937029))
2026-08-31 18:32:47,405 [Pipeline] Parsed 25 clusters from CD9_receptor_FPBA.dlg
2026-08-31 18:32:47,406 [Pipeline] Parsed 25 clusters from CD9_receptor_FPBA.dlg
2026-08-31 18:32:47,407 [Pipeline] Parsed 25 clusters from CD9_receptor_FPBA.dlg
2026-08-31 18:32:47,408 [Pipeline] Merged receptor+ligand → /home/chan/Research/Monomer_screening_in_Bio/results/phase3/CD9/NSGA_14_IBTES/receptor_step0.pdb
2026-08-31 18:32:48,037 [Pipeline] Receptor PDBQT [ADFR prepare_receptor4 (python2.7)] → /home/chan/Research/Monomer_screening_in_Bio/results/phase3/CD9/NSGA_14_IBTES/receptor_step0.pdbqt
2026-08-31 18:32:48,038 [Pipeline]   charge check skipped (indeterminate: non-standard residues ['UNL']); net=-0.971 e
2026-08-31 18:32:48,042 [Pipeline] Custom AD4 parameters (B, Si) written: /home/chan/Research/Monomer_screening_in_Bio/results/phase3/CD9/NSGA_14_IBTES/step1_PTES/AD4_parameters_custom.dat
2026-08-31 18:32:48,042 [Pipeline] GPF written → /home/chan/Research/Monomer_screening_in_Bio/results/phase3/CD9/NSGA_14_IBTES/step1_PTES/receptor_step0_PTES.gpf
2026-08-31 18:32:50,275 [Pipeline] DPF written → /home/chan/Research/Monomer_screening_in_Bio/results/phase3/CD9/NSGA_14_IBTES/step1_PTES/receptor_step0_PTES.dpf
2026-08-31 18:32:50,276 [Pipeline] AutoDock-GPU settings not transferable from DPF: parameter_file: AD-GPU ignores it. Receptor-side Si/B parameters reach the run only through the AutoGrid maps; ligand-internal ones only through --modpair (applied) | ls_search_freq / set_psw1 / sw_*: AD-GPU uses ADADELTA local search at 100% rate; the DPF's Solis-Wets block does not apply and the GPU search protocol is NOT identical to AD4 CPU | ga_num_evals is a CEILING on the GPU: --autostop 1 ends a run on convergence, so the DLG's 'evaluations performed' is normally well below the configured budget
2026-08-31 18:32:51,621 [Pipeline] AutoDock-GPU completed: receptor_step0_PTES.dlg (seed (20260812, 1549021872, 1586904392))
2026-08-31 18:32:51,623 [Pipeline] Parsed 25 clusters from receptor_step0_PTES.dlg
2026-08-31 18:32:51,624 [Pipeline] Parsed 25 clusters from receptor_step0_PTES.dlg
2026-08-31 18:32:51,626 [Pipeline] Parsed 25 clusters from receptor_step0_PTES.dlg
2026-08-31 18:32:51,628 [Pipeline] Merged receptor+ligand → /home/chan/Research/Monomer_screening_in_Bio/results/phase3/CD9/NSGA_14_IBTES/receptor_step1.pdb
2026-08-31 18:32:52,178 [Pipeline] Receptor PDBQT [ADFR prepare_receptor4 (python2.7)] → /home/chan/Research/Monomer_screening_in_Bio/results/phase3/CD9/NSGA_14_IBTES/receptor_step1.pdbqt
2026-08-31 18:32:52,178 [Pipeline]   charge check skipped (indeterminate: non-standard residues ['UNL']); net=-0.971 e
2026-08-31 18:32:52,181 [Pipeline] Custom AD4 parameters (B, Si) written: /home/chan/Research/Monomer_screening_in_Bio/results/phase3/CD9/NSGA_14_IBTES/step2_IBTES/AD4_parameters_custom.dat
2026-08-31 18:32:52,181 [Pipeline] GPF written → /home/chan/Research/Monomer_screening_in_Bio/results/phase3/CD9/NSGA_14_IBTES/step2_IBTES/receptor_step1_IBTES.gpf
2026-08-31 18:32:54,405 [Pipeline] DPF written → /home/chan/Research/Monomer_screening_in_Bio/results/phase3/CD9/NSGA_14_IBTES/step2_IBTES/receptor_step1_IBTES.dpf
2026-08-31 18:32:54,406 [Pipeline] AutoDock-GPU settings not transferable from DPF: parameter_file: AD-GPU ignores it. Receptor-side Si/B parameters reach the run only through the AutoGrid maps; ligand-internal ones only through --modpair (applied) | ls_search_freq / set_psw1 / sw_*: AD-GPU uses ADADELTA local search at 100% rate; the DPF's Solis-Wets block does not apply and the GPU search protocol is NOT identical to AD4 CPU | ga_num_evals is a CEILING on the GPU: --autostop 1 ends a run on convergence, so the DLG's 'evaluations performed' is normally well below the configured budget
2026-08-31 18:32:55,826 [Pipeline] AutoDock-GPU completed: receptor_step1_IBTES.dlg (seed (20260812, 958535893, 961308389))
2026-08-31 18:32:55,827 [Pipeline] Parsed 25 clusters from receptor_step1_IBTES.dlg
2026-08-31 18:32:55,829 [Pipeline] Parsed 25 clusters from receptor_step1_IBTES.dlg
2026-08-31 18:32:55,830 [Pipeline] Parsed 25 clusters from receptor_step1_IBTES.dlg
2026-08-31 18:32:55,831 [Pipeline] Merged receptor+ligand → /home/chan/Research/Monomer_screening_in_Bio/results/phase3/CD9/NSGA_14_IBTES/receptor_step2.pdb
2026-08-31 18:32:56,340 [Pipeline] Receptor PDBQT [ADFR prepare_receptor4 (python2.7)] → /home/chan/Research/Monomer_screening_in_Bio/results/phase3/CD9/NSGA_14_IBTES/receptor_step2.pdbqt
2026-08-31 18:32:56,341 [Pipeline]   charge check skipped (indeterminate: non-standard residues ['UNL']); net=-0.972 e
2026-08-31 18:32:56,344 [Pipeline] Custom AD4 parameters (B, Si) written: /home/chan/Research/Monomer_screening_in_Bio/results/phase3/CD9/NSGA_14_IBTES/step3_TEOS/AD4_parameters_custom.dat
2026-08-31 18:32:56,344 [Pipeline] GPF written → /home/chan/Research/Monomer_screening_in_Bio/results/phase3/CD9/NSGA_14_IBTES/step3_TEOS/receptor_step2_TEOS.gpf
2026-08-31 18:32:58,667 [Pipeline] DPF written → /home/chan/Research/Monomer_screening_in_Bio/results/phase3/CD9/NSGA_14_IBTES/step3_TEOS/receptor_step2_TEOS.dpf
2026-08-31 18:32:58,667 [Pipeline] AutoDock-GPU settings not transferable from DPF: parameter_file: AD-GPU ignores it. Receptor-side Si/B parameters reach the run only through the AutoGrid maps; ligand-internal ones only through --modpair (applied) | ls_search_freq / set_psw1 / sw_*: AD-GPU uses ADADELTA local search at 100% rate; the DPF's Solis-Wets block does not apply and the GPU search protocol is NOT identical to AD4 CPU | ga_num_evals is a CEILING on the GPU: --autostop 1 ends a run on convergence, so the DLG's 'evaluations performed' is normally well below the configured budget
2026-08-31 18:32:59,755 [Pipeline] AutoDock-GPU completed: receptor_step2_TEOS.dlg (seed (20260812, 727588156, 731931324))
2026-08-31 18:32:59,756 [Pipeline] Parsed 25 clusters from receptor_step2_TEOS.dlg
2026-08-31 18:32:59,757 [Pipeline] Parsed 25 clusters from receptor_step2_TEOS.dlg
2026-08-31 18:32:59,758 [Pipeline] Parsed 25 clusters from receptor_step2_TEOS.dlg
2026-08-31 18:32:59,760 [Pipeline]     XL TEOS: BE=-3.42
2026-08-31 18:32:59,763 [Pipeline] Custom AD4 parameters (B, Si) written: /home/chan/Research/Monomer_screening_in_Bio/results/phase3/CD9/NSGA_14_IBTES/step3_TMOS/AD4_parameters_custom.dat
2026-08-31 18:32:59,764 [Pipeline] GPF written → /home/chan/Research/Monomer_screening_in_Bio/results/phase3/CD9/NSGA_14_IBTES/step3_TMOS/receptor_step2_TMOS.gpf
2026-08-31 18:33:02,037 [Pipeline] DPF written → /home/chan/Research/Monomer_screening_in_Bio/results/phase3/CD9/NSGA_14_IBTES/step3_TMOS/receptor_step2_TMOS.dpf
2026-08-31 18:33:02,037 [Pipeline] AutoDock-GPU settings not transferable from DPF: parameter_file: AD-GPU ignores it. Receptor-side Si/B parameters reach the run only through the AutoGrid maps; ligand-internal ones only through --modpair (applied) | ls_search_freq / set_psw1 / sw_*: AD-GPU uses ADADELTA local search at 100% rate; the DPF's Solis-Wets block does not apply and the GPU search protocol is NOT identical to AD4 CPU | ga_num_evals is a CEILING on the GPU: --autostop 1 ends a run on convergence, so the DLG's 'evaluations performed' is normally well below the configured budget
2026-08-31 18:33:03,044 [Pipeline] AutoDock-GPU completed: receptor_step2_TMOS.dlg (seed (20260812, 709148884, 749145836))
2026-08-31 18:33:03,045 [Pipeline] Parsed 25 clusters from receptor_step2_TMOS.dlg
2026-08-31 18:33:03,046 [Pipeline] Parsed 25 clusters from receptor_step2_TMOS.dlg
2026-08-31 18:33:03,047 [Pipeline] Parsed 25 clusters from receptor_step2_TMOS.dlg
2026-08-31 18:33:03,047 [Pipeline]     XL TMOS: BE=-3.36
2026-08-31 18:33:03,047 [Pipeline]     Best XL: TEOS (BE=-3.42)
2026-08-31 18:33:03,051 [Pipeline] Custom AD4 parameters (B, Si) written: /home/chan/Research/Monomer_screening_in_Bio/results/phase3/CD9/NSGA_14_IBTES/cross_CD63/step0_FPBA/AD4_parameters_custom.dat
2026-08-31 18:33:03,051 [Pipeline] GPF written → /home/chan/Research/Monomer_screening_in_Bio/results/phase3/CD9/NSGA_14_IBTES/cross_CD63/step0_FPBA/CD63_receptor_glyco_FPBA.gpf
2026-08-31 18:33:11,925 [Pipeline] DPF written → /home/chan/Research/Monomer_screening_in_Bio/results/phase3/CD9/NSGA_14_IBTES/cross_CD63/step0_FPBA/CD63_receptor_glyco_FPBA.dpf
2026-08-31 18:33:11,926 [Pipeline] AutoDock-GPU settings not transferable from DPF: parameter_file: AD-GPU ignores it. Receptor-side Si/B parameters reach the run only through the AutoGrid maps; ligand-internal ones only through --modpair (applied) | ls_search_freq / set_psw1 / sw_*: AD-GPU uses ADADELTA local search at 100% rate; the DPF's Solis-Wets block does not apply and the GPU search protocol is NOT identical to AD4 CPU | ga_num_evals is a CEILING on the GPU: --autostop 1 ends a run on convergence, so the DLG's 'evaluations performed' is normally well below the configured budget
2026-08-31 18:33:14,723 [Pipeline] AutoDock-GPU completed: CD63_receptor_glyco_FPBA.dlg (seed (20260812, 329769312, 331869792))
2026-08-31 18:33:14,724 [Pipeline] Parsed 25 clusters from CD63_receptor_glyco_FPBA.dlg
2026-08-31 18:33:14,726 [Pipeline] Parsed 25 clusters from CD63_receptor_glyco_FPBA.dlg
2026-08-31 18:33:14,726 [Pipeline] Parsed 25 clusters from CD63_receptor_glyco_FPBA.dlg
2026-08-31 18:33:14,728 [Pipeline] Merged receptor+ligand → /home/chan/Research/Monomer_screening_in_Bio/results/phase3/CD9/NSGA_14_IBTES/cross_CD63/receptor_step0.pdb
2026-08-31 18:33:15,353 [Pipeline] Receptor PDBQT [ADFR prepare_receptor4 (python2.7)] → /home/chan/Research/Monomer_screening_in_Bio/results/phase3/CD9/NSGA_14_IBTES/cross_CD63/receptor_step0.pdbqt
2026-08-31 18:33:15,354 [Pipeline]   charge check skipped (indeterminate: non-standard residues ['UNL']); net=+2.023 e
2026-08-31 18:33:15,359 [Pipeline] Custom AD4 parameters (B, Si) written: /home/chan/Research/Monomer_screening_in_Bio/results/phase3/CD9/NSGA_14_IBTES/cross_CD63/step1_PTES/AD4_parameters_custom.dat
2026-08-31 18:33:15,359 [Pipeline] GPF written → /home/chan/Research/Monomer_screening_in_Bio/results/phase3/CD9/NSGA_14_IBTES/cross_CD63/step1_PTES/receptor_step0_PTES.gpf
2026-08-31 18:33:24,260 [Pipeline] DPF written → /home/chan/Research/Monomer_screening_in_Bio/results/phase3/CD9/NSGA_14_IBTES/cross_CD63/step1_PTES/receptor_step0_PTES.dpf
2026-08-31 18:33:24,261 [Pipeline] AutoDock-GPU settings not transferable from DPF: parameter_file: AD-GPU ignores it. Receptor-side Si/B parameters reach the run only through the AutoGrid maps; ligand-internal ones only through --modpair (applied) | ls_search_freq / set_psw1 / sw_*: AD-GPU uses ADADELTA local search at 100% rate; the DPF's Solis-Wets block does not apply and the GPU search protocol is NOT identical to AD4 CPU | ga_num_evals is a CEILING on the GPU: --autostop 1 ends a run on convergence, so the DLG's 'evaluations performed' is normally well below the configured budget
2026-08-31 18:33:26,839 [Pipeline] AutoDock-GPU completed: receptor_step0_PTES.dlg (seed (20260812, 1549021872, 1586904392))
2026-08-31 18:33:26,841 [Pipeline] Parsed 25 clusters from receptor_step0_PTES.dlg
2026-08-31 18:33:26,842 [Pipeline] Parsed 25 clusters from receptor_step0_PTES.dlg
2026-08-31 18:33:26,843 [Pipeline] Parsed 25 clusters from receptor_step0_PTES.dlg
2026-08-31 18:33:26,845 [Pipeline] Merged receptor+ligand → /home/chan/Research/Monomer_screening_in_Bio/results/phase3/CD9/NSGA_14_IBTES/cross_CD63/receptor_step1.pdb
2026-08-31 18:33:27,522 [Pipeline] Receptor PDBQT [ADFR prepare_receptor4 (python2.7)] → /home/chan/Research/Monomer_screening_in_Bio/results/phase3/CD9/NSGA_14_IBTES/cross_CD63/receptor_step1.pdbqt
2026-08-31 18:33:27,524 [Pipeline]   charge check skipped (indeterminate: non-standard residues ['UNL']); net=+2.023 e
2026-08-31 18:33:27,527 [Pipeline] Custom AD4 parameters (B, Si) written: /home/chan/Research/Monomer_screening_in_Bio/results/phase3/CD9/NSGA_14_IBTES/cross_CD63/step2_IBTES/AD4_parameters_custom.dat
2026-08-31 18:33:27,528 [Pipeline] GPF written → /home/chan/Research/Monomer_screening_in_Bio/results/phase3/CD9/NSGA_14_IBTES/cross_CD63/step2_IBTES/receptor_step1_IBTES.gpf
2026-08-31 18:33:35,392 [Pipeline] DPF written → /home/chan/Research/Monomer_screening_in_Bio/results/phase3/CD9/NSGA_14_IBTES/cross_CD63/step2_IBTES/receptor_step1_IBTES.dpf
2026-08-31 18:33:35,393 [Pipeline] AutoDock-GPU settings not transferable from DPF: parameter_file: AD-GPU ignores it. Receptor-side Si/B parameters reach the run only through the AutoGrid maps; ligand-internal ones only through --modpair (applied) | ls_search_freq / set_psw1 / sw_*: AD-GPU uses ADADELTA local search at 100% rate; the DPF's Solis-Wets block does not apply and the GPU search protocol is NOT identical to AD4 CPU | ga_num_evals is a CEILING on the GPU: --autostop 1 ends a run on convergence, so the DLG's 'evaluations performed' is normally well below the configured budget
2026-08-31 18:33:37,681 [Pipeline] AutoDock-GPU completed: receptor_step1_IBTES.dlg (seed (20260812, 958535893, 961308389))
2026-08-31 18:33:37,682 [Pipeline] Parsed 25 clusters from receptor_step1_IBTES.dlg
2026-08-31 18:33:37,683 [Pipeline] Parsed 25 clusters from receptor_step1_IBTES.dlg
2026-08-31 18:33:37,685 [Pipeline] Parsed 25 clusters from receptor_step1_IBTES.dlg
2026-08-31 18:33:37,687 [Pipeline] Merged receptor+ligand → /home/chan/Research/Monomer_screening_in_Bio/results/phase3/CD9/NSGA_14_IBTES/cross_CD63/receptor_step2.pdb
2026-08-31 18:33:38,244 [Pipeline] Receptor PDBQT [ADFR prepare_receptor4 (python2.7)] → /home/chan/Research/Monomer_screening_in_Bio/results/phase3/CD9/NSGA_14_IBTES/cross_CD63/receptor_step2.pdbqt
2026-08-31 18:33:38,246 [Pipeline]   charge check skipped (indeterminate: non-standard residues ['UNL']); net=+2.022 e
2026-08-31 18:33:38,250 [Pipeline] Custom AD4 parameters (B, Si) written: /home/chan/Research/Monomer_screening_in_Bio/results/phase3/CD9/NSGA_14_IBTES/cross_CD63/step3_TEOS/AD4_parameters_custom.dat
2026-08-31 18:33:38,250 [Pipeline] GPF written → /home/chan/Research/Monomer_screening_in_Bio/results/phase3/CD9/NSGA_14_IBTES/cross_CD63/step3_TEOS/receptor_step2_TEOS.gpf
2026-08-31 18:33:45,293 [Pipeline] DPF written → /home/chan/Research/Monomer_screening_in_Bio/results/phase3/CD9/NSGA_14_IBTES/cross_CD63/step3_TEOS/receptor_step2_TEOS.dpf
2026-08-31 18:33:45,294 [Pipeline] AutoDock-GPU settings not transferable from DPF: parameter_file: AD-GPU ignores it. Receptor-side Si/B parameters reach the run only through the AutoGrid maps; ligand-internal ones only through --modpair (applied) | ls_search_freq / set_psw1 / sw_*: AD-GPU uses ADADELTA local search at 100% rate; the DPF's Solis-Wets block does not apply and the GPU search protocol is NOT identical to AD4 CPU | ga_num_evals is a CEILING on the GPU: --autostop 1 ends a run on convergence, so the DLG's 'evaluations performed' is normally well below the configured budget
2026-08-31 18:33:47,431 [Pipeline] AutoDock-GPU completed: receptor_step2_TEOS.dlg (seed (20260812, 727588156, 731931324))
2026-08-31 18:33:47,432 [Pipeline] Parsed 25 clusters from receptor_step2_TEOS.dlg
2026-08-31 18:33:47,433 [Pipeline] Parsed 25 clusters from receptor_step2_TEOS.dlg
2026-08-31 18:33:47,435 [Pipeline] Parsed 25 clusters from receptor_step2_TEOS.dlg
2026-08-31 18:33:47,435 [Pipeline]     XL TEOS: BE=-3.03
2026-08-31 18:33:47,439 [Pipeline] Custom AD4 parameters (B, Si) written: /home/chan/Research/Monomer_screening_in_Bio/results/phase3/CD9/NSGA_14_IBTES/cross_CD63/step3_TMOS/AD4_parameters_custom.dat
2026-08-31 18:33:47,439 [Pipeline] GPF written → /home/chan/Research/Monomer_screening_in_Bio/results/phase3/CD9/NSGA_14_IBTES/cross_CD63/step3_TMOS/receptor_step2_TMOS.gpf
2026-08-31 18:33:55,993 [Pipeline] DPF written → /home/chan/Research/Monomer_screening_in_Bio/results/phase3/CD9/NSGA_14_IBTES/cross_CD63/step3_TMOS/receptor_step2_TMOS.dpf
2026-08-31 18:33:55,994 [Pipeline] AutoDock-GPU settings not transferable from DPF: parameter_file: AD-GPU ignores it. Receptor-side Si/B parameters reach the run only through the AutoGrid maps; ligand-internal ones only through --modpair (applied) | ls_search_freq / set_psw1 / sw_*: AD-GPU uses ADADELTA local search at 100% rate; the DPF's Solis-Wets block does not apply and the GPU search protocol is NOT identical to AD4 CPU | ga_num_evals is a CEILING on the GPU: --autostop 1 ends a run on convergence, so the DLG's 'evaluations performed' is normally well below the configured budget
2026-08-31 18:33:58,323 [Pipeline] AutoDock-GPU completed: receptor_step2_TMOS.dlg (seed (20260812, 709148884, 749145836))
2026-08-31 18:33:58,324 [Pipeline] Parsed 25 clusters from receptor_step2_TMOS.dlg
2026-08-31 18:33:58,325 [Pipeline] Parsed 25 clusters from receptor_step2_TMOS.dlg
2026-08-31 18:33:58,325 [Pipeline] Parsed 25 clusters from receptor_step2_TMOS.dlg
2026-08-31 18:33:58,326 [Pipeline]     XL TMOS: BE=-2.90
2026-08-31 18:33:58,326 [Pipeline]     Best XL: TEOS (BE=-3.03)
2026-08-31 18:33:58,329 [Pipeline] Custom AD4 parameters (B, Si) written: /home/chan/Research/Monomer_screening_in_Bio/results/phase3/CD9/NSGA_14_IBTES/cross_CD81/step0_FPBA/AD4_parameters_custom.dat
2026-08-31 18:33:58,329 [Pipeline] GPF written → /home/chan/Research/Monomer_screening_in_Bio/results/phase3/CD9/NSGA_14_IBTES/cross_CD81/step0_FPBA/CD81_receptor_FPBA.gpf
2026-08-31 18:34:00,487 [Pipeline] DPF written → /home/chan/Research/Monomer_screening_in_Bio/results/phase3/CD9/NSGA_14_IBTES/cross_CD81/step0_FPBA/CD81_receptor_FPBA.dpf
2026-08-31 18:34:00,488 [Pipeline] AutoDock-GPU settings not transferable from DPF: parameter_file: AD-GPU ignores it. Receptor-side Si/B parameters reach the run only through the AutoGrid maps; ligand-internal ones only through --modpair (applied) | ls_search_freq / set_psw1 / sw_*: AD-GPU uses ADADELTA local search at 100% rate; the DPF's Solis-Wets block does not apply and the GPU search protocol is NOT identical to AD4 CPU | ga_num_evals is a CEILING on the GPU: --autostop 1 ends a run on convergence, so the DLG's 'evaluations performed' is normally well below the configured budget
2026-08-31 18:34:01,605 [Pipeline] AutoDock-GPU completed: CD81_receptor_FPBA.dlg (seed (20260812, 1063573366, 1065818246))
2026-08-31 18:34:01,606 [Pipeline] Parsed 25 clusters from CD81_receptor_FPBA.dlg
2026-08-31 18:34:01,606 [Pipeline] Parsed 25 clusters from CD81_receptor_FPBA.dlg
2026-08-31 18:34:01,607 [Pipeline] Parsed 25 clusters from CD81_receptor_FPBA.dlg
2026-08-31 18:34:01,608 [Pipeline] Merged receptor+ligand → /home/chan/Research/Monomer_screening_in_Bio/results/phase3/CD9/NSGA_14_IBTES/cross_CD81/receptor_step0.pdb
2026-08-31 18:34:01,909 [Pipeline] Receptor PDBQT [ADFR prepare_receptor4 (python2.7)] → /home/chan/Research/Monomer_screening_in_Bio/results/phase3/CD9/NSGA_14_IBTES/cross_CD81/receptor_step0.pdbqt
2026-08-31 18:34:01,910 [Pipeline]   charge check skipped (indeterminate: non-standard residues ['UNL']); net=-1.964 e
2026-08-31 18:34:01,912 [Pipeline] Custom AD4 parameters (B, Si) written: /home/chan/Research/Monomer_screening_in_Bio/results/phase3/CD9/NSGA_14_IBTES/cross_CD81/step1_PTES/AD4_parameters_custom.dat
2026-08-31 18:34:01,912 [Pipeline] GPF written → /home/chan/Research/Monomer_screening_in_Bio/results/phase3/CD9/NSGA_14_IBTES/cross_CD81/step1_PTES/receptor_step0_PTES.gpf
2026-08-31 18:34:03,734 [Pipeline] DPF written → /home/chan/Research/Monomer_screening_in_Bio/results/phase3/CD9/NSGA_14_IBTES/cross_CD81/step1_PTES/receptor_step0_PTES.dpf
2026-08-31 18:34:03,734 [Pipeline] AutoDock-GPU settings not transferable from DPF: parameter_file: AD-GPU ignores it. Receptor-side Si/B parameters reach the run only through the AutoGrid maps; ligand-internal ones only through --modpair (applied) | ls_search_freq / set_psw1 / sw_*: AD-GPU uses ADADELTA local search at 100% rate; the DPF's Solis-Wets block does not apply and the GPU search protocol is NOT identical to AD4 CPU | ga_num_evals is a CEILING on the GPU: --autostop 1 ends a run on convergence, so the DLG's 'evaluations performed' is normally well below the configured budget
2026-08-31 18:34:05,082 [Pipeline] AutoDock-GPU completed: receptor_step0_PTES.dlg (seed (20260812, 1549021872, 1586904392))
2026-08-31 18:34:05,083 [Pipeline] Parsed 25 clusters from receptor_step0_PTES.dlg
2026-08-31 18:34:05,084 [Pipeline] Parsed 25 clusters from receptor_step0_PTES.dlg
2026-08-31 18:34:05,085 [Pipeline] Parsed 25 clusters from receptor_step0_PTES.dlg
2026-08-31 18:34:05,085 [Pipeline] Merged receptor+ligand → /home/chan/Research/Monomer_screening_in_Bio/results/phase3/CD9/NSGA_14_IBTES/cross_CD81/receptor_step1.pdb
2026-08-31 18:34:05,295 [Pipeline] Receptor PDBQT [ADFR prepare_receptor4 (python2.7)] → /home/chan/Research/Monomer_screening_in_Bio/results/phase3/CD9/NSGA_14_IBTES/cross_CD81/receptor_step1.pdbqt
2026-08-31 18:34:05,296 [Pipeline]   charge check skipped (indeterminate: non-standard residues ['UNL']); net=-1.964 e
2026-08-31 18:34:05,297 [Pipeline] Custom AD4 parameters (B, Si) written: /home/chan/Research/Monomer_screening_in_Bio/results/phase3/CD9/NSGA_14_IBTES/cross_CD81/step2_IBTES/AD4_parameters_custom.dat
2026-08-31 18:34:05,297 [Pipeline] GPF written → /home/chan/Research/Monomer_screening_in_Bio/results/phase3/CD9/NSGA_14_IBTES/cross_CD81/step2_IBTES/receptor_step1_IBTES.gpf
2026-08-31 18:34:06,798 [Pipeline] DPF written → /home/chan/Research/Monomer_screening_in_Bio/results/phase3/CD9/NSGA_14_IBTES/cross_CD81/step2_IBTES/receptor_step1_IBTES.dpf
2026-08-31 18:34:06,798 [Pipeline] AutoDock-GPU settings not transferable from DPF: parameter_file: AD-GPU ignores it. Receptor-side Si/B parameters reach the run only through the AutoGrid maps; ligand-internal ones only through --modpair (applied) | ls_search_freq / set_psw1 / sw_*: AD-GPU uses ADADELTA local search at 100% rate; the DPF's Solis-Wets block does not apply and the GPU search protocol is NOT identical to AD4 CPU | ga_num_evals is a CEILING on the GPU: --autostop 1 ends a run on convergence, so the DLG's 'evaluations performed' is normally well below the configured budget
2026-08-31 18:34:07,783 [Pipeline] AutoDock-GPU completed: receptor_step1_IBTES.dlg (seed (20260812, 958535893, 961308389))
2026-08-31 18:34:07,784 [Pipeline] Parsed 25 clusters from receptor_step1_IBTES.dlg
2026-08-31 18:34:07,785 [Pipeline] Parsed 25 clusters from receptor_step1_IBTES.dlg
2026-08-31 18:34:07,785 [Pipeline] Parsed 25 clusters from receptor_step1_IBTES.dlg
2026-08-31 18:34:07,786 [Pipeline] Merged receptor+ligand → /home/chan/Research/Monomer_screening_in_Bio/results/phase3/CD9/NSGA_14_IBTES/cross_CD81/receptor_step2.pdb
2026-08-31 18:34:07,995 [Pipeline] Receptor PDBQT [ADFR prepare_receptor4 (python2.7)] → /home/chan/Research/Monomer_screening_in_Bio/results/phase3/CD9/NSGA_14_IBTES/cross_CD81/receptor_step2.pdbqt
2026-08-31 18:34:07,995 [Pipeline]   charge check skipped (indeterminate: non-standard residues ['UNL']); net=-1.965 e
2026-08-31 18:34:07,997 [Pipeline] Custom AD4 parameters (B, Si) written: /home/chan/Research/Monomer_screening_in_Bio/results/phase3/CD9/NSGA_14_IBTES/cross_CD81/step3_TEOS/AD4_parameters_custom.dat
2026-08-31 18:34:07,997 [Pipeline] GPF written → /home/chan/Research/Monomer_screening_in_Bio/results/phase3/CD9/NSGA_14_IBTES/cross_CD81/step3_TEOS/receptor_step2_TEOS.gpf
2026-08-31 18:34:09,683 [Pipeline] DPF written → /home/chan/Research/Monomer_screening_in_Bio/results/phase3/CD9/NSGA_14_IBTES/cross_CD81/step3_TEOS/receptor_step2_TEOS.dpf
2026-08-31 18:34:09,683 [Pipeline] AutoDock-GPU settings not transferable from DPF: parameter_file: AD-GPU ignores it. Receptor-side Si/B parameters reach the run only through the AutoGrid maps; ligand-internal ones only through --modpair (applied) | ls_search_freq / set_psw1 / sw_*: AD-GPU uses ADADELTA local search at 100% rate; the DPF's Solis-Wets block does not apply and the GPU search protocol is NOT identical to AD4 CPU | ga_num_evals is a CEILING on the GPU: --autostop 1 ends a run on convergence, so the DLG's 'evaluations performed' is normally well below the configured budget
2026-08-31 18:34:10,553 [Pipeline] AutoDock-GPU completed: receptor_step2_TEOS.dlg (seed (20260812, 727588156, 731931324))
2026-08-31 18:34:10,554 [Pipeline] Parsed 25 clusters from receptor_step2_TEOS.dlg
2026-08-31 18:34:10,555 [Pipeline] Parsed 25 clusters from receptor_step2_TEOS.dlg
2026-08-31 18:34:10,556 [Pipeline] Parsed 25 clusters from receptor_step2_TEOS.dlg
2026-08-31 18:34:10,556 [Pipeline]     XL TEOS: BE=-3.42
2026-08-31 18:34:10,558 [Pipeline] Custom AD4 parameters (B, Si) written: /home/chan/Research/Monomer_screening_in_Bio/results/phase3/CD9/NSGA_14_IBTES/cross_CD81/step3_TMOS/AD4_parameters_custom.dat
2026-08-31 18:34:10,558 [Pipeline] GPF written → /home/chan/Research/Monomer_screening_in_Bio/results/phase3/CD9/NSGA_14_IBTES/cross_CD81/step3_TMOS/receptor_step2_TMOS.gpf
2026-08-31 18:34:12,060 [Pipeline] DPF written → /home/chan/Research/Monomer_screening_in_Bio/results/phase3/CD9/NSGA_14_IBTES/cross_CD81/step3_TMOS/receptor_step2_TMOS.dpf
2026-08-31 18:34:12,060 [Pipeline] AutoDock-GPU settings not transferable from DPF: parameter_file: AD-GPU ignores it. Receptor-side Si/B parameters reach the run only through the AutoGrid maps; ligand-internal ones only through --modpair (applied) | ls_search_freq / set_psw1 / sw_*: AD-GPU uses ADADELTA local search at 100% rate; the DPF's Solis-Wets block does not apply and the GPU search protocol is NOT identical to AD4 CPU | ga_num_evals is a CEILING on the GPU: --autostop 1 ends a run on convergence, so the DLG's 'evaluations performed' is normally well below the configured budget
2026-08-31 18:34:12,896 [Pipeline] AutoDock-GPU completed: receptor_step2_TMOS.dlg (seed (20260812, 709148884, 749145836))
2026-08-31 18:34:12,897 [Pipeline] Parsed 25 clusters from receptor_step2_TMOS.dlg
2026-08-31 18:34:12,898 [Pipeline] Parsed 25 clusters from receptor_step2_TMOS.dlg
2026-08-31 18:34:12,898 [Pipeline] Parsed 25 clusters from receptor_step2_TMOS.dlg
2026-08-31 18:34:12,898 [Pipeline]     XL TMOS: BE=-3.06
2026-08-31 18:34:12,899 [Pipeline]     Best XL: TEOS (BE=-3.42)
2026-08-31 18:34:12,899 [Pipeline]     NSGA_14_IBTES ΔΔG=-0.39 kcal/mol, penalty=0.31 → obj=-3.807
2026-08-31 18:34:12,899 [Pipeline]   NSGA[14]: ['IBTES', 'PTES', 'FPBA'] → aff=-4.41, sel=0.69, synth=9.2/10, ΔΔG=-0.39
2026-08-31 18:34:12,901 [Pipeline] Custom AD4 parameters (B, Si) written: /home/chan/Research/Monomer_screening_in_Bio/results/phase3/CD9/NSGA_15_IBTES/step0_APBA/AD4_parameters_custom.dat
2026-08-31 18:34:12,901 [Pipeline] GPF written → /home/chan/Research/Monomer_screening_in_Bio/results/phase3/CD9/NSGA_15_IBTES/step0_APBA/CD9_receptor_APBA.gpf
2026-08-31 18:34:13,011 [Pipeline] DPF written → /home/chan/Research/Monomer_screening_in_Bio/results/phase3/CD9/NSGA_15_IBTES/step0_APBA/CD9_receptor_APBA.dpf
2026-08-31 18:34:13,012 [Pipeline] AutoDock-GPU settings not transferable from DPF: parameter_file: AD-GPU ignores it. Receptor-side Si/B parameters reach the run only through the AutoGrid maps; ligand-internal ones only through --modpair (applied) | ls_search_freq / set_psw1 / sw_*: AD-GPU uses ADADELTA local search at 100% rate; the DPF's Solis-Wets block does not apply and the GPU search protocol is NOT identical to AD4 CPU | ga_num_evals is a CEILING on the GPU: --autostop 1 ends a run on convergence, so the DLG's 'evaluations performed' is normally well below the configured budget
2026-08-31 18:34:13,933 [Pipeline] AutoDock-GPU completed: CD9_receptor_APBA.dlg (seed (20260812, 147247180, 187244364))
2026-08-31 18:34:13,934 [Pipeline] Parsed 25 clusters from CD9_receptor_APBA.dlg
2026-08-31 18:34:13,935 [Pipeline] Parsed 25 clusters from CD9_receptor_APBA.dlg
2026-08-31 18:34:13,935 [Pipeline] Parsed 25 clusters from CD9_receptor_APBA.dlg
2026-08-31 18:34:13,936 [Pipeline] Merged receptor+ligand → /home/chan/Research/Monomer_screening_in_Bio/results/phase3/CD9/NSGA_15_IBTES/receptor_step0.pdb
2026-08-31 18:34:14,137 [Pipeline] Receptor PDBQT [ADFR prepare_receptor4 (python2.7)] → /home/chan/Research/Monomer_screening_in_Bio/results/phase3/CD9/NSGA_15_IBTES/receptor_step0.pdbqt
2026-08-31 18:34:14,138 [Pipeline]   charge check skipped (indeterminate: non-standard residues ['UNL']); net=-0.970 e
2026-08-31 18:34:14,140 [Pipeline] Custom AD4 parameters (B, Si) written: /home/chan/Research/Monomer_screening_in_Bio/results/phase3/CD9/NSGA_15_IBTES/step1_PTES/AD4_parameters_custom.dat
2026-08-31 18:34:14,140 [Pipeline] GPF written → /home/chan/Research/Monomer_screening_in_Bio/results/phase3/CD9/NSGA_15_IBTES/step1_PTES/receptor_step0_PTES.gpf
2026-08-31 18:34:15,593 [Pipeline] DPF written → /home/chan/Research/Monomer_screening_in_Bio/results/phase3/CD9/NSGA_15_IBTES/step1_PTES/receptor_step0_PTES.dpf
2026-08-31 18:34:15,593 [Pipeline] AutoDock-GPU settings not transferable from DPF: parameter_file: AD-GPU ignores it. Receptor-side Si/B parameters reach the run only through the AutoGrid maps; ligand-internal ones only through --modpair (applied) | ls_search_freq / set_psw1 / sw_*: AD-GPU uses ADADELTA local search at 100% rate; the DPF's Solis-Wets block does not apply and the GPU search protocol is NOT identical to AD4 CPU | ga_num_evals is a CEILING on the GPU: --autostop 1 ends a run on convergence, so the DLG's 'evaluations performed' is normally well below the configured budget
2026-08-31 18:34:16,567 [Pipeline] AutoDock-GPU completed: receptor_step0_PTES.dlg (seed (20260812, 1549021872, 1586904392))
2026-08-31 18:34:16,568 [Pipeline] Parsed 25 clusters from receptor_step0_PTES.dlg
2026-08-31 18:34:16,569 [Pipeline] Parsed 25 clusters from receptor_step0_PTES.dlg
2026-08-31 18:34:16,570 [Pipeline] Parsed 25 clusters from receptor_step0_PTES.dlg
2026-08-31 18:34:16,570 [Pipeline] Merged receptor+ligand → /home/chan/Research/Monomer_screening_in_Bio/results/phase3/CD9/NSGA_15_IBTES/receptor_step1.pdb
2026-08-31 18:34:16,777 [Pipeline] Receptor PDBQT [ADFR prepare_receptor4 (python2.7)] → /home/chan/Research/Monomer_screening_in_Bio/results/phase3/CD9/NSGA_15_IBTES/receptor_step1.pdbqt
2026-08-31 18:34:16,777 [Pipeline]   charge check skipped (indeterminate: non-standard residues ['UNL']); net=-0.970 e
2026-08-31 18:34:16,779 [Pipeline] Custom AD4 parameters (B, Si) written: /home/chan/Research/Monomer_screening_in_Bio/results/phase3/CD9/NSGA_15_IBTES/step2_TTMS/AD4_parameters_custom.dat
2026-08-31 18:34:16,779 [Pipeline] GPF written → /home/chan/Research/Monomer_screening_in_Bio/results/phase3/CD9/NSGA_15_IBTES/step2_TTMS/receptor_step1_TTMS.gpf
2026-08-31 18:34:18,222 [Pipeline] DPF written → /home/chan/Research/Monomer_screening_in_Bio/results/phase3/CD9/NSGA_15_IBTES/step2_TTMS/receptor_step1_TTMS.dpf
2026-08-31 18:34:18,222 [Pipeline] AutoDock-GPU settings not transferable from DPF: parameter_file: AD-GPU ignores it. Receptor-side Si/B parameters reach the run only through the AutoGrid maps; ligand-internal ones only through --modpair (applied) | ls_search_freq / set_psw1 / sw_*: AD-GPU uses ADADELTA local search at 100% rate; the DPF's Solis-Wets block does not apply and the GPU search protocol is NOT identical to AD4 CPU | ga_num_evals is a CEILING on the GPU: --autostop 1 ends a run on convergence, so the DLG's 'evaluations performed' is normally well below the configured budget
2026-08-31 18:34:19,105 [Pipeline] AutoDock-GPU completed: receptor_step1_TTMS.dlg (seed (20260812, 1328343326, 1330575006))
2026-08-31 18:34:19,106 [Pipeline] Parsed 25 clusters from receptor_step1_TTMS.dlg
2026-08-31 18:34:19,107 [Pipeline] Parsed 25 clusters from receptor_step1_TTMS.dlg
2026-08-31 18:34:19,108 [Pipeline] Parsed 25 clusters from receptor_step1_TTMS.dlg
2026-08-31 18:34:19,108 [Pipeline] Merged receptor+ligand → /home/chan/Research/Monomer_screening_in_Bio/results/phase3/CD9/NSGA_15_IBTES/receptor_step2.pdb
2026-08-31 18:34:19,350 [Pipeline] Receptor PDBQT [ADFR prepare_receptor4 (python2.7)] → /home/chan/Research/Monomer_screening_in_Bio/results/phase3/CD9/NSGA_15_IBTES/receptor_step2.pdbqt
2026-08-31 18:34:19,351 [Pipeline]   charge check skipped (indeterminate: non-standard residues ['UNL']); net=-0.970 e
2026-08-31 18:34:19,353 [Pipeline] Custom AD4 parameters (B, Si) written: /home/chan/Research/Monomer_screening_in_Bio/results/phase3/CD9/NSGA_15_IBTES/step3_IBTES/AD4_parameters_custom.dat
2026-08-31 18:34:19,353 [Pipeline] GPF written → /home/chan/Research/Monomer_screening_in_Bio/results/phase3/CD9/NSGA_15_IBTES/step3_IBTES/receptor_step2_IBTES.gpf
2026-08-31 18:34:20,822 [Pipeline] DPF written → /home/chan/Research/Monomer_screening_in_Bio/results/phase3/CD9/NSGA_15_IBTES/step3_IBTES/receptor_step2_IBTES.dpf
2026-08-31 18:34:20,823 [Pipeline] AutoDock-GPU settings not transferable from DPF: parameter_file: AD-GPU ignores it. Receptor-side Si/B parameters reach the run only through the AutoGrid maps; ligand-internal ones only through --modpair (applied) | ls_search_freq / set_psw1 / sw_*: AD-GPU uses ADADELTA local search at 100% rate; the DPF's Solis-Wets block does not apply and the GPU search protocol is NOT identical to AD4 CPU | ga_num_evals is a CEILING on the GPU: --autostop 1 ends a run on convergence, so the DLG's 'evaluations performed' is normally well below the configured budget
2026-08-31 18:34:21,698 [Pipeline] AutoDock-GPU completed: receptor_step2_IBTES.dlg (seed (20260812, 480102428, 517871524))
2026-08-31 18:34:21,699 [Pipeline] Parsed 25 clusters from receptor_step2_IBTES.dlg
2026-08-31 18:34:21,700 [Pipeline] Parsed 25 clusters from receptor_step2_IBTES.dlg
2026-08-31 18:34:21,700 [Pipeline] Parsed 25 clusters from receptor_step2_IBTES.dlg
2026-08-31 18:34:21,701 [Pipeline] Merged receptor+ligand → /home/chan/Research/Monomer_screening_in_Bio/results/phase3/CD9/NSGA_15_IBTES/receptor_step3.pdb
2026-08-31 18:34:21,915 [Pipeline] Receptor PDBQT [ADFR prepare_receptor4 (python2.7)] → /home/chan/Research/Monomer_screening_in_Bio/results/phase3/CD9/NSGA_15_IBTES/receptor_step3.pdbqt
2026-08-31 18:34:21,915 [Pipeline]   charge check skipped (indeterminate: non-standard residues ['UNL']); net=-0.971 e
2026-08-31 18:34:21,917 [Pipeline] Custom AD4 parameters (B, Si) written: /home/chan/Research/Monomer_screening_in_Bio/results/phase3/CD9/NSGA_15_IBTES/step4_TEOS/AD4_parameters_custom.dat
2026-08-31 18:34:21,917 [Pipeline] GPF written → /home/chan/Research/Monomer_screening_in_Bio/results/phase3/CD9/NSGA_15_IBTES/step4_TEOS/receptor_step3_TEOS.gpf
2026-08-31 18:34:23,356 [Pipeline] DPF written → /home/chan/Research/Monomer_screening_in_Bio/results/phase3/CD9/NSGA_15_IBTES/step4_TEOS/receptor_step3_TEOS.dpf
2026-08-31 18:34:23,356 [Pipeline] AutoDock-GPU settings not transferable from DPF: parameter_file: AD-GPU ignores it. Receptor-side Si/B parameters reach the run only through the AutoGrid maps; ligand-internal ones only through --modpair (applied) | ls_search_freq / set_psw1 / sw_*: AD-GPU uses ADADELTA local search at 100% rate; the DPF's Solis-Wets block does not apply and the GPU search protocol is NOT identical to AD4 CPU | ga_num_evals is a CEILING on the GPU: --autostop 1 ends a run on convergence, so the DLG's 'evaluations performed' is normally well below the configured budget
2026-08-31 18:34:24,329 [Pipeline] AutoDock-GPU completed: receptor_step3_TEOS.dlg (seed (20260812, 1864881821, 1866995997))
2026-08-31 18:34:24,329 [Pipeline] Parsed 25 clusters from receptor_step3_TEOS.dlg
2026-08-31 18:34:24,330 [Pipeline] Parsed 25 clusters from receptor_step3_TEOS.dlg
2026-08-31 18:34:24,331 [Pipeline] Parsed 25 clusters from receptor_step3_TEOS.dlg
2026-08-31 18:34:24,331 [Pipeline]     XL TEOS: BE=-2.63
2026-08-31 18:34:24,333 [Pipeline] Custom AD4 parameters (B, Si) written: /home/chan/Research/Monomer_screening_in_Bio/results/phase3/CD9/NSGA_15_IBTES/step4_TMOS/AD4_parameters_custom.dat
2026-08-31 18:34:24,333 [Pipeline] GPF written → /home/chan/Research/Monomer_screening_in_Bio/results/phase3/CD9/NSGA_15_IBTES/step4_TMOS/receptor_step3_TMOS.gpf
2026-08-31 18:34:25,788 [Pipeline] DPF written → /home/chan/Research/Monomer_screening_in_Bio/results/phase3/CD9/NSGA_15_IBTES/step4_TMOS/receptor_step3_TMOS.dpf
2026-08-31 18:34:25,788 [Pipeline] AutoDock-GPU settings not transferable from DPF: parameter_file: AD-GPU ignores it. Receptor-side Si/B parameters reach the run only through the AutoGrid maps; ligand-internal ones only through --modpair (applied) | ls_search_freq / set_psw1 / sw_*: AD-GPU uses ADADELTA local search at 100% rate; the DPF's Solis-Wets block does not apply and the GPU search protocol is NOT identical to AD4 CPU | ga_num_evals is a CEILING on the GPU: --autostop 1 ends a run on convergence, so the DLG's 'evaluations performed' is normally well below the configured budget
2026-08-31 18:34:26,703 [Pipeline] AutoDock-GPU completed: receptor_step3_TMOS.dlg (seed (20260812, 341728261, 379626389))
2026-08-31 18:34:26,703 [Pipeline] Parsed 25 clusters from receptor_step3_TMOS.dlg
2026-08-31 18:34:26,704 [Pipeline] Parsed 25 clusters from receptor_step3_TMOS.dlg
2026-08-31 18:34:26,705 [Pipeline] Parsed 25 clusters from receptor_step3_TMOS.dlg
2026-08-31 18:34:26,705 [Pipeline]     XL TMOS: BE=-2.77
2026-08-31 18:34:26,705 [Pipeline]     Best XL: TMOS (BE=-2.77)
2026-08-31 18:34:26,708 [Pipeline] Custom AD4 parameters (B, Si) written: /home/chan/Research/Monomer_screening_in_Bio/results/phase3/CD9/NSGA_15_IBTES/cross_CD63/step0_APBA/AD4_parameters_custom.dat
2026-08-31 18:34:26,708 [Pipeline] GPF written → /home/chan/Research/Monomer_screening_in_Bio/results/phase3/CD9/NSGA_15_IBTES/cross_CD63/step0_APBA/CD63_receptor_glyco_APBA.gpf
2026-08-31 18:34:33,669 [Pipeline] DPF written → /home/chan/Research/Monomer_screening_in_Bio/results/phase3/CD9/NSGA_15_IBTES/cross_CD63/step0_APBA/CD63_receptor_glyco_APBA.dpf
2026-08-31 18:34:33,669 [Pipeline] AutoDock-GPU settings not transferable from DPF: parameter_file: AD-GPU ignores it. Receptor-side Si/B parameters reach the run only through the AutoGrid maps; ligand-internal ones only through --modpair (applied) | ls_search_freq / set_psw1 / sw_*: AD-GPU uses ADADELTA local search at 100% rate; the DPF's Solis-Wets block does not apply and the GPU search protocol is NOT identical to AD4 CPU | ga_num_evals is a CEILING on the GPU: --autostop 1 ends a run on convergence, so the DLG's 'evaluations performed' is normally well below the configured budget
2026-08-31 18:34:35,735 [Pipeline] AutoDock-GPU completed: CD63_receptor_glyco_APBA.dlg (seed (20260812, 1866055401, 1866580209))
2026-08-31 18:34:35,735 [Pipeline] Parsed 25 clusters from CD63_receptor_glyco_APBA.dlg
2026-08-31 18:34:35,736 [Pipeline] Parsed 25 clusters from CD63_receptor_glyco_APBA.dlg
2026-08-31 18:34:35,737 [Pipeline] Parsed 25 clusters from CD63_receptor_glyco_APBA.dlg
2026-08-31 18:34:35,738 [Pipeline] Merged receptor+ligand → /home/chan/Research/Monomer_screening_in_Bio/results/phase3/CD9/NSGA_15_IBTES/cross_CD63/receptor_step0.pdb
2026-08-31 18:34:35,989 [Pipeline] Receptor PDBQT [ADFR prepare_receptor4 (python2.7)] → /home/chan/Research/Monomer_screening_in_Bio/results/phase3/CD9/NSGA_15_IBTES/cross_CD63/receptor_step0.pdbqt
2026-08-31 18:34:35,990 [Pipeline]   charge check skipped (indeterminate: non-standard residues ['UNL']); net=+2.024 e
2026-08-31 18:34:35,992 [Pipeline] Custom AD4 parameters (B, Si) written: /home/chan/Research/Monomer_screening_in_Bio/results/phase3/CD9/NSGA_15_IBTES/cross_CD63/step1_PTES/AD4_parameters_custom.dat
2026-08-31 18:34:35,992 [Pipeline] GPF written → /home/chan/Research/Monomer_screening_in_Bio/results/phase3/CD9/NSGA_15_IBTES/cross_CD63/step1_PTES/receptor_step0_PTES.gpf
2026-08-31 18:34:41,777 [Pipeline] DPF written → /home/chan/Research/Monomer_screening_in_Bio/results/phase3/CD9/NSGA_15_IBTES/cross_CD63/step1_PTES/receptor_step0_PTES.dpf
2026-08-31 18:34:41,777 [Pipeline] AutoDock-GPU settings not transferable from DPF: parameter_file: AD-GPU ignores it. Receptor-side Si/B parameters reach the run only through the AutoGrid maps; ligand-internal ones only through --modpair (applied) | ls_search_freq / set_psw1 / sw_*: AD-GPU uses ADADELTA local search at 100% rate; the DPF's Solis-Wets block does not apply and the GPU search protocol is NOT identical to AD4 CPU | ga_num_evals is a CEILING on the GPU: --autostop 1 ends a run on convergence, so the DLG's 'evaluations performed' is normally well below the configured budget
2026-08-31 18:34:43,583 [Pipeline] AutoDock-GPU completed: receptor_step0_PTES.dlg (seed (20260812, 1549021872, 1586904392))
2026-08-31 18:34:43,583 [Pipeline] Parsed 25 clusters from receptor_step0_PTES.dlg
2026-08-31 18:34:43,584 [Pipeline] Parsed 25 clusters from receptor_step0_PTES.dlg
2026-08-31 18:34:43,585 [Pipeline] Parsed 25 clusters from receptor_step0_PTES.dlg
2026-08-31 18:34:43,586 [Pipeline] Merged receptor+ligand → /home/chan/Research/Monomer_screening_in_Bio/results/phase3/CD9/NSGA_15_IBTES/cross_CD63/receptor_step1.pdb
2026-08-31 18:34:43,860 [Pipeline] Receptor PDBQT [ADFR prepare_receptor4 (python2.7)] → /home/chan/Research/Monomer_screening_in_Bio/results/phase3/CD9/NSGA_15_IBTES/cross_CD63/receptor_step1.pdbqt
2026-08-31 18:34:43,861 [Pipeline]   charge check skipped (indeterminate: non-standard residues ['UNL']); net=+2.024 e
2026-08-31 18:34:43,863 [Pipeline] Custom AD4 parameters (B, Si) written: /home/chan/Research/Monomer_screening_in_Bio/results/phase3/CD9/NSGA_15_IBTES/cross_CD63/step2_TTMS/AD4_parameters_custom.dat
2026-08-31 18:34:43,863 [Pipeline] GPF written → /home/chan/Research/Monomer_screening_in_Bio/results/phase3/CD9/NSGA_15_IBTES/cross_CD63/step2_TTMS/receptor_step1_TTMS.gpf
2026-08-31 18:34:48,437 [Pipeline] DPF written → /home/chan/Research/Monomer_screening_in_Bio/results/phase3/CD9/NSGA_15_IBTES/cross_CD63/step2_TTMS/receptor_step1_TTMS.dpf
2026-08-31 18:34:48,437 [Pipeline] AutoDock-GPU settings not transferable from DPF: parameter_file: AD-GPU ignores it. Receptor-side Si/B parameters reach the run only through the AutoGrid maps; ligand-internal ones only through --modpair (applied) | ls_search_freq / set_psw1 / sw_*: AD-GPU uses ADADELTA local search at 100% rate; the DPF's Solis-Wets block does not apply and the GPU search protocol is NOT identical to AD4 CPU | ga_num_evals is a CEILING on the GPU: --autostop 1 ends a run on convergence, so the DLG's 'evaluations performed' is normally well below the configured budget
2026-08-31 18:34:50,140 [Pipeline] AutoDock-GPU completed: receptor_step1_TTMS.dlg (seed (20260812, 1328343326, 1330575006))
2026-08-31 18:34:50,141 [Pipeline] Parsed 25 clusters from receptor_step1_TTMS.dlg
2026-08-31 18:34:50,142 [Pipeline] Parsed 25 clusters from receptor_step1_TTMS.dlg
2026-08-31 18:34:50,142 [Pipeline] Parsed 25 clusters from receptor_step1_TTMS.dlg
2026-08-31 18:34:50,143 [Pipeline] Merged receptor+ligand → /home/chan/Research/Monomer_screening_in_Bio/results/phase3/CD9/NSGA_15_IBTES/cross_CD63/receptor_step2.pdb
2026-08-31 18:34:50,454 [Pipeline] Receptor PDBQT [ADFR prepare_receptor4 (python2.7)] → /home/chan/Research/Monomer_screening_in_Bio/results/phase3/CD9/NSGA_15_IBTES/cross_CD63/receptor_step2.pdbqt
2026-08-31 18:34:50,455 [Pipeline]   charge check skipped (indeterminate: non-standard residues ['UNL']); net=+2.024 e
2026-08-31 18:34:50,457 [Pipeline] Custom AD4 parameters (B, Si) written: /home/chan/Research/Monomer_screening_in_Bio/results/phase3/CD9/NSGA_15_IBTES/cross_CD63/step3_IBTES/AD4_parameters_custom.dat
2026-08-31 18:34:50,458 [Pipeline] GPF written → /home/chan/Research/Monomer_screening_in_Bio/results/phase3/CD9/NSGA_15_IBTES/cross_CD63/step3_IBTES/receptor_step2_IBTES.gpf
2026-08-31 18:34:57,050 [Pipeline] DPF written → /home/chan/Research/Monomer_screening_in_Bio/results/phase3/CD9/NSGA_15_IBTES/cross_CD63/step3_IBTES/receptor_step2_IBTES.dpf
2026-08-31 18:34:57,050 [Pipeline] AutoDock-GPU settings not transferable from DPF: parameter_file: AD-GPU ignores it. Receptor-side Si/B parameters reach the run only through the AutoGrid maps; ligand-internal ones only through --modpair (applied) | ls_search_freq / set_psw1 / sw_*: AD-GPU uses ADADELTA local search at 100% rate; the DPF's Solis-Wets block does not apply and the GPU search protocol is NOT identical to AD4 CPU | ga_num_evals is a CEILING on the GPU: --autostop 1 ends a run on convergence, so the DLG's 'evaluations performed' is normally well below the configured budget
2026-08-31 18:34:58,949 [Pipeline] AutoDock-GPU completed: receptor_step2_IBTES.dlg (seed (20260812, 480102428, 517871524))
2026-08-31 18:34:58,949 [Pipeline] Parsed 25 clusters from receptor_step2_IBTES.dlg
2026-08-31 18:34:58,950 [Pipeline] Parsed 25 clusters from receptor_step2_IBTES.dlg
2026-08-31 18:34:58,951 [Pipeline] Parsed 25 clusters from receptor_step2_IBTES.dlg
2026-08-31 18:34:58,952 [Pipeline] Merged receptor+ligand → /home/chan/Research/Monomer_screening_in_Bio/results/phase3/CD9/NSGA_15_IBTES/cross_CD63/receptor_step3.pdb
2026-08-31 18:34:59,228 [Pipeline] Receptor PDBQT [ADFR prepare_receptor4 (python2.7)] → /home/chan/Research/Monomer_screening_in_Bio/results/phase3/CD9/NSGA_15_IBTES/cross_CD63/receptor_step3.pdbqt
2026-08-31 18:34:59,230 [Pipeline]   charge check skipped (indeterminate: non-standard residues ['UNL']); net=+2.023 e
2026-08-31 18:34:59,232 [Pipeline] Custom AD4 parameters (B, Si) written: /home/chan/Research/Monomer_screening_in_Bio/results/phase3/CD9/NSGA_15_IBTES/cross_CD63/step4_TEOS/AD4_parameters_custom.dat
2026-08-31 18:34:59,232 [Pipeline] GPF written → /home/chan/Research/Monomer_screening_in_Bio/results/phase3/CD9/NSGA_15_IBTES/cross_CD63/step4_TEOS/receptor_step3_TEOS.gpf
2026-08-31 18:35:05,240 [Pipeline] DPF written → /home/chan/Research/Monomer_screening_in_Bio/results/phase3/CD9/NSGA_15_IBTES/cross_CD63/step4_TEOS/receptor_step3_TEOS.dpf
2026-08-31 18:35:05,240 [Pipeline] AutoDock-GPU settings not transferable from DPF: parameter_file: AD-GPU ignores it. Receptor-side Si/B parameters reach the run only through the AutoGrid maps; ligand-internal ones only through --modpair (applied) | ls_search_freq / set_psw1 / sw_*: AD-GPU uses ADADELTA local search at 100% rate; the DPF's Solis-Wets block does not apply and the GPU search protocol is NOT identical to AD4 CPU | ga_num_evals is a CEILING on the GPU: --autostop 1 ends a run on convergence, so the DLG's 'evaluations performed' is normally well below the configured budget
2026-08-31 18:35:06,809 [Pipeline] AutoDock-GPU completed: receptor_step3_TEOS.dlg (seed (20260812, 1864881821, 1866995997))
2026-08-31 18:35:06,810 [Pipeline] Parsed 25 clusters from receptor_step3_TEOS.dlg
2026-08-31 18:35:06,811 [Pipeline] Parsed 25 clusters from receptor_step3_TEOS.dlg
2026-08-31 18:35:06,811 [Pipeline] Parsed 25 clusters from receptor_step3_TEOS.dlg
2026-08-31 18:35:06,812 [Pipeline]     XL TEOS: BE=-3.05
2026-08-31 18:35:06,814 [Pipeline] Custom AD4 parameters (B, Si) written: /home/chan/Research/Monomer_screening_in_Bio/results/phase3/CD9/NSGA_15_IBTES/cross_CD63/step4_TMOS/AD4_parameters_custom.dat
2026-08-31 18:35:06,814 [Pipeline] GPF written → /home/chan/Research/Monomer_screening_in_Bio/results/phase3/CD9/NSGA_15_IBTES/cross_CD63/step4_TMOS/receptor_step3_TMOS.gpf
2026-08-31 18:35:13,029 [Pipeline] DPF written → /home/chan/Research/Monomer_screening_in_Bio/results/phase3/CD9/NSGA_15_IBTES/cross_CD63/step4_TMOS/receptor_step3_TMOS.dpf
2026-08-31 18:35:13,030 [Pipeline] AutoDock-GPU settings not transferable from DPF: parameter_file: AD-GPU ignores it. Receptor-side Si/B parameters reach the run only through the AutoGrid maps; ligand-internal ones only through --modpair (applied) | ls_search_freq / set_psw1 / sw_*: AD-GPU uses ADADELTA local search at 100% rate; the DPF's Solis-Wets block does not apply and the GPU search protocol is NOT identical to AD4 CPU | ga_num_evals is a CEILING on the GPU: --autostop 1 ends a run on convergence, so the DLG's 'evaluations performed' is normally well below the configured budget
2026-08-31 18:35:14,491 [Pipeline] AutoDock-GPU completed: receptor_step3_TMOS.dlg (seed (20260812, 341728261, 379626389))
2026-08-31 18:35:14,492 [Pipeline] Parsed 25 clusters from receptor_step3_TMOS.dlg
2026-08-31 18:35:14,492 [Pipeline] Parsed 25 clusters from receptor_step3_TMOS.dlg
2026-08-31 18:35:14,493 [Pipeline] Parsed 25 clusters from receptor_step3_TMOS.dlg
2026-08-31 18:35:14,493 [Pipeline]     XL TMOS: BE=-2.90
2026-08-31 18:35:14,493 [Pipeline]     Best XL: TEOS (BE=-3.05)
2026-08-31 18:35:14,495 [Pipeline] Custom AD4 parameters (B, Si) written: /home/chan/Research/Monomer_screening_in_Bio/results/phase3/CD9/NSGA_15_IBTES/cross_CD81/step0_APBA/AD4_parameters_custom.dat
2026-08-31 18:35:14,495 [Pipeline] GPF written → /home/chan/Research/Monomer_screening_in_Bio/results/phase3/CD9/NSGA_15_IBTES/cross_CD81/step0_APBA/CD81_receptor_APBA.gpf
2026-08-31 18:35:14,636 [Pipeline] DPF written → /home/chan/Research/Monomer_screening_in_Bio/results/phase3/CD9/NSGA_15_IBTES/cross_CD81/step0_APBA/CD81_receptor_APBA.dpf
2026-08-31 18:35:14,637 [Pipeline] AutoDock-GPU settings not transferable from DPF: parameter_file: AD-GPU ignores it. Receptor-side Si/B parameters reach the run only through the AutoGrid maps; ligand-internal ones only through --modpair (applied) | ls_search_freq / set_psw1 / sw_*: AD-GPU uses ADADELTA local search at 100% rate; the DPF's Solis-Wets block does not apply and the GPU search protocol is NOT identical to AD4 CPU | ga_num_evals is a CEILING on the GPU: --autostop 1 ends a run on convergence, so the DLG's 'evaluations performed' is normally well below the configured budget
2026-08-31 18:35:15,615 [Pipeline] AutoDock-GPU completed: CD81_receptor_APBA.dlg (seed (20260812, 2100230507, 2102462067))
2026-08-31 18:35:15,616 [Pipeline] Parsed 25 clusters from CD81_receptor_APBA.dlg
2026-08-31 18:35:15,617 [Pipeline] Parsed 25 clusters from CD81_receptor_APBA.dlg
2026-08-31 18:35:15,617 [Pipeline] Parsed 25 clusters from CD81_receptor_APBA.dlg
2026-08-31 18:35:15,618 [Pipeline] Merged receptor+ligand → /home/chan/Research/Monomer_screening_in_Bio/results/phase3/CD9/NSGA_15_IBTES/cross_CD81/receptor_step0.pdb
2026-08-31 18:35:15,821 [Pipeline] Receptor PDBQT [ADFR prepare_receptor4 (python2.7)] → /home/chan/Research/Monomer_screening_in_Bio/results/phase3/CD9/NSGA_15_IBTES/cross_CD81/receptor_step0.pdbqt
2026-08-31 18:35:15,821 [Pipeline]   charge check skipped (indeterminate: non-standard residues ['UNL']); net=-1.963 e
2026-08-31 18:35:15,823 [Pipeline] Custom AD4 parameters (B, Si) written: /home/chan/Research/Monomer_screening_in_Bio/results/phase3/CD9/NSGA_15_IBTES/cross_CD81/step1_PTES/AD4_parameters_custom.dat
2026-08-31 18:35:15,823 [Pipeline] GPF written → /home/chan/Research/Monomer_screening_in_Bio/results/phase3/CD9/NSGA_15_IBTES/cross_CD81/step1_PTES/receptor_step0_PTES.gpf
2026-08-31 18:35:17,423 [Pipeline] DPF written → /home/chan/Research/Monomer_screening_in_Bio/results/phase3/CD9/NSGA_15_IBTES/cross_CD81/step1_PTES/receptor_step0_PTES.dpf
2026-08-31 18:35:17,424 [Pipeline] AutoDock-GPU settings not transferable from DPF: parameter_file: AD-GPU ignores it. Receptor-side Si/B parameters reach the run only through the AutoGrid maps; ligand-internal ones only through --modpair (applied) | ls_search_freq / set_psw1 / sw_*: AD-GPU uses ADADELTA local search at 100% rate; the DPF's Solis-Wets block does not apply and the GPU search protocol is NOT identical to AD4 CPU | ga_num_evals is a CEILING on the GPU: --autostop 1 ends a run on convergence, so the DLG's 'evaluations performed' is normally well below the configured budget
2026-08-31 18:35:18,518 [Pipeline] AutoDock-GPU completed: receptor_step0_PTES.dlg (seed (20260812, 1549021872, 1586904392))
2026-08-31 18:35:18,519 [Pipeline] Parsed 25 clusters from receptor_step0_PTES.dlg
2026-08-31 18:35:18,520 [Pipeline] Parsed 25 clusters from receptor_step0_PTES.dlg
2026-08-31 18:35:18,521 [Pipeline] Parsed 25 clusters from receptor_step0_PTES.dlg
2026-08-31 18:35:18,521 [Pipeline] Merged receptor+ligand → /home/chan/Research/Monomer_screening_in_Bio/results/phase3/CD9/NSGA_15_IBTES/cross_CD81/receptor_step1.pdb
2026-08-31 18:35:18,726 [Pipeline] Receptor PDBQT [ADFR prepare_receptor4 (python2.7)] → /home/chan/Research/Monomer_screening_in_Bio/results/phase3/CD9/NSGA_15_IBTES/cross_CD81/receptor_step1.pdbqt
2026-08-31 18:35:18,727 [Pipeline]   charge check skipped (indeterminate: non-standard residues ['UNL']); net=-1.963 e
2026-08-31 18:35:18,728 [Pipeline] Custom AD4 parameters (B, Si) written: /home/chan/Research/Monomer_screening_in_Bio/results/phase3/CD9/NSGA_15_IBTES/cross_CD81/step2_TTMS/AD4_parameters_custom.dat
2026-08-31 18:35:18,729 [Pipeline] GPF written → /home/chan/Research/Monomer_screening_in_Bio/results/phase3/CD9/NSGA_15_IBTES/cross_CD81/step2_TTMS/receptor_step1_TTMS.gpf
2026-08-31 18:35:20,274 [Pipeline] DPF written → /home/chan/Research/Monomer_screening_in_Bio/results/phase3/CD9/NSGA_15_IBTES/cross_CD81/step2_TTMS/receptor_step1_TTMS.dpf
2026-08-31 18:35:20,275 [Pipeline] AutoDock-GPU settings not transferable from DPF: parameter_file: AD-GPU ignores it. Receptor-side Si/B parameters reach the run only through the AutoGrid maps; ligand-internal ones only through --modpair (applied) | ls_search_freq / set_psw1 / sw_*: AD-GPU uses ADADELTA local search at 100% rate; the DPF's Solis-Wets block does not apply and the GPU search protocol is NOT identical to AD4 CPU | ga_num_evals is a CEILING on the GPU: --autostop 1 ends a run on convergence, so the DLG's 'evaluations performed' is normally well below the configured budget
2026-08-31 18:35:21,160 [Pipeline] AutoDock-GPU completed: receptor_step1_TTMS.dlg (seed (20260812, 1328343326, 1330575006))
2026-08-31 18:35:21,160 [Pipeline] Parsed 25 clusters from receptor_step1_TTMS.dlg
2026-08-31 18:35:21,161 [Pipeline] Parsed 25 clusters from receptor_step1_TTMS.dlg
2026-08-31 18:35:21,162 [Pipeline] Parsed 25 clusters from receptor_step1_TTMS.dlg
2026-08-31 18:35:21,162 [Pipeline] Merged receptor+ligand → /home/chan/Research/Monomer_screening_in_Bio/results/phase3/CD9/NSGA_15_IBTES/cross_CD81/receptor_step2.pdb
2026-08-31 18:35:21,368 [Pipeline] Receptor PDBQT [ADFR prepare_receptor4 (python2.7)] → /home/chan/Research/Monomer_screening_in_Bio/results/phase3/CD9/NSGA_15_IBTES/cross_CD81/receptor_step2.pdbqt
2026-08-31 18:35:21,369 [Pipeline]   charge check skipped (indeterminate: non-standard residues ['UNL']); net=-1.963 e
2026-08-31 18:35:21,371 [Pipeline] Custom AD4 parameters (B, Si) written: /home/chan/Research/Monomer_screening_in_Bio/results/phase3/CD9/NSGA_15_IBTES/cross_CD81/step3_IBTES/AD4_parameters_custom.dat
2026-08-31 18:35:21,371 [Pipeline] GPF written → /home/chan/Research/Monomer_screening_in_Bio/results/phase3/CD9/NSGA_15_IBTES/cross_CD81/step3_IBTES/receptor_step2_IBTES.gpf
2026-08-31 18:35:22,966 [Pipeline] DPF written → /home/chan/Research/Monomer_screening_in_Bio/results/phase3/CD9/NSGA_15_IBTES/cross_CD81/step3_IBTES/receptor_step2_IBTES.dpf
2026-08-31 18:35:22,967 [Pipeline] AutoDock-GPU settings not transferable from DPF: parameter_file: AD-GPU ignores it. Receptor-side Si/B parameters reach the run only through the AutoGrid maps; ligand-internal ones only through --modpair (applied) | ls_search_freq / set_psw1 / sw_*: AD-GPU uses ADADELTA local search at 100% rate; the DPF's Solis-Wets block does not apply and the GPU search protocol is NOT identical to AD4 CPU | ga_num_evals is a CEILING on the GPU: --autostop 1 ends a run on convergence, so the DLG's 'evaluations performed' is normally well below the configured budget
2026-08-31 18:35:23,971 [Pipeline] AutoDock-GPU completed: receptor_step2_IBTES.dlg (seed (20260812, 480102428, 517871524))
2026-08-31 18:35:23,971 [Pipeline] Parsed 25 clusters from receptor_step2_IBTES.dlg
2026-08-31 18:35:23,972 [Pipeline] Parsed 25 clusters from receptor_step2_IBTES.dlg
2026-08-31 18:35:23,973 [Pipeline] Parsed 25 clusters from receptor_step2_IBTES.dlg
2026-08-31 18:35:23,973 [Pipeline] Merged receptor+ligand → /home/chan/Research/Monomer_screening_in_Bio/results/phase3/CD9/NSGA_15_IBTES/cross_CD81/receptor_step3.pdb
2026-08-31 18:35:24,198 [Pipeline] Receptor PDBQT [ADFR prepare_receptor4 (python2.7)] → /home/chan/Research/Monomer_screening_in_Bio/results/phase3/CD9/NSGA_15_IBTES/cross_CD81/receptor_step3.pdbqt
2026-08-31 18:35:24,199 [Pipeline]   charge check skipped (indeterminate: non-standard residues ['UNL']); net=-1.964 e
2026-08-31 18:35:24,201 [Pipeline] Custom AD4 parameters (B, Si) written: /home/chan/Research/Monomer_screening_in_Bio/results/phase3/CD9/NSGA_15_IBTES/cross_CD81/step4_TEOS/AD4_parameters_custom.dat
2026-08-31 18:35:24,201 [Pipeline] GPF written → /home/chan/Research/Monomer_screening_in_Bio/results/phase3/CD9/NSGA_15_IBTES/cross_CD81/step4_TEOS/receptor_step3_TEOS.gpf
2026-08-31 18:35:25,813 [Pipeline] DPF written → /home/chan/Research/Monomer_screening_in_Bio/results/phase3/CD9/NSGA_15_IBTES/cross_CD81/step4_TEOS/receptor_step3_TEOS.dpf
2026-08-31 18:35:25,813 [Pipeline] AutoDock-GPU settings not transferable from DPF: parameter_file: AD-GPU ignores it. Receptor-side Si/B parameters reach the run only through the AutoGrid maps; ligand-internal ones only through --modpair (applied) | ls_search_freq / set_psw1 / sw_*: AD-GPU uses ADADELTA local search at 100% rate; the DPF's Solis-Wets block does not apply and the GPU search protocol is NOT identical to AD4 CPU | ga_num_evals is a CEILING on the GPU: --autostop 1 ends a run on convergence, so the DLG's 'evaluations performed' is normally well below the configured budget
2026-08-31 18:35:26,702 [Pipeline] AutoDock-GPU completed: receptor_step3_TEOS.dlg (seed (20260812, 1864881821, 1866995997))
2026-08-31 18:35:26,703 [Pipeline] Parsed 25 clusters from receptor_step3_TEOS.dlg
2026-08-31 18:35:26,704 [Pipeline] Parsed 25 clusters from receptor_step3_TEOS.dlg
2026-08-31 18:35:26,705 [Pipeline] Parsed 25 clusters from receptor_step3_TEOS.dlg
2026-08-31 18:35:26,705 [Pipeline]     XL TEOS: BE=-3.26
2026-08-31 18:35:26,707 [Pipeline] Custom AD4 parameters (B, Si) written: /home/chan/Research/Monomer_screening_in_Bio/results/phase3/CD9/NSGA_15_IBTES/cross_CD81/step4_TMOS/AD4_parameters_custom.dat
2026-08-31 18:35:26,707 [Pipeline] GPF written → /home/chan/Research/Monomer_screening_in_Bio/results/phase3/CD9/NSGA_15_IBTES/cross_CD81/step4_TMOS/receptor_step3_TMOS.gpf
2026-08-31 18:35:28,261 [Pipeline] DPF written → /home/chan/Research/Monomer_screening_in_Bio/results/phase3/CD9/NSGA_15_IBTES/cross_CD81/step4_TMOS/receptor_step3_TMOS.dpf
2026-08-31 18:35:28,262 [Pipeline] AutoDock-GPU settings not transferable from DPF: parameter_file: AD-GPU ignores it. Receptor-side Si/B parameters reach the run only through the AutoGrid maps; ligand-internal ones only through --modpair (applied) | ls_search_freq / set_psw1 / sw_*: AD-GPU uses ADADELTA local search at 100% rate; the DPF's Solis-Wets block does not apply and the GPU search protocol is NOT identical to AD4 CPU | ga_num_evals is a CEILING on the GPU: --autostop 1 ends a run on convergence, so the DLG's 'evaluations performed' is normally well below the configured budget
2026-08-31 18:35:29,102 [Pipeline] AutoDock-GPU completed: receptor_step3_TMOS.dlg (seed (20260812, 341728261, 379626389))
2026-08-31 18:35:29,102 [Pipeline] Parsed 25 clusters from receptor_step3_TMOS.dlg
2026-08-31 18:35:29,103 [Pipeline] Parsed 25 clusters from receptor_step3_TMOS.dlg
2026-08-31 18:35:29,104 [Pipeline] Parsed 25 clusters from receptor_step3_TMOS.dlg
2026-08-31 18:35:29,104 [Pipeline]     XL TMOS: BE=-3.15
2026-08-31 18:35:29,104 [Pipeline]     Best XL: TEOS (BE=-3.26)
2026-08-31 18:35:29,104 [Pipeline]     NSGA_15_IBTES ΔΔG=+0.36 kcal/mol, penalty=0.68 → obj=-3.136
2026-08-31 18:35:29,104 [Pipeline]   NSGA[15]: ['IBTES', 'PTES', 'TTMS', 'APBA'] → aff=-4.21, sel=0.28, synth=9.2/10, ΔΔG=+0.36
2026-08-31 18:35:29,107 [Pipeline] Custom AD4 parameters (B, Si) written: /home/chan/Research/Monomer_screening_in_Bio/results/phase3/CD9/NSGA_16_FPBA/step0_FPBA/AD4_parameters_custom.dat
2026-08-31 18:35:29,107 [Pipeline] GPF written → /home/chan/Research/Monomer_screening_in_Bio/results/phase3/CD9/NSGA_16_FPBA/step0_FPBA/CD9_receptor_FPBA.gpf
2026-08-31 18:35:30,945 [Pipeline] DPF written → /home/chan/Research/Monomer_screening_in_Bio/results/phase3/CD9/NSGA_16_FPBA/step0_FPBA/CD9_receptor_FPBA.dpf
2026-08-31 18:35:30,946 [Pipeline] AutoDock-GPU settings not transferable from DPF: parameter_file: AD-GPU ignores it. Receptor-side Si/B parameters reach the run only through the AutoGrid maps; ligand-internal ones only through --modpair (applied) | ls_search_freq / set_psw1 / sw_*: AD-GPU uses ADADELTA local search at 100% rate; the DPF's Solis-Wets block does not apply and the GPU search protocol is NOT identical to AD4 CPU | ga_num_evals is a CEILING on the GPU: --autostop 1 ends a run on convergence, so the DLG's 'evaluations performed' is normally well below the configured budget
2026-08-31 18:35:32,044 [Pipeline] AutoDock-GPU completed: CD9_receptor_FPBA.dlg (seed (20260812, 1964201909, 1968937029))
2026-08-31 18:35:32,045 [Pipeline] Parsed 25 clusters from CD9_receptor_FPBA.dlg
2026-08-31 18:35:32,046 [Pipeline] Parsed 25 clusters from CD9_receptor_FPBA.dlg
2026-08-31 18:35:32,046 [Pipeline] Parsed 25 clusters from CD9_receptor_FPBA.dlg
2026-08-31 18:35:32,047 [Pipeline] Merged receptor+ligand → /home/chan/Research/Monomer_screening_in_Bio/results/phase3/CD9/NSGA_16_FPBA/receptor_step0.pdb
2026-08-31 18:35:32,315 [Pipeline] Receptor PDBQT [ADFR prepare_receptor4 (python2.7)] → /home/chan/Research/Monomer_screening_in_Bio/results/phase3/CD9/NSGA_16_FPBA/receptor_step0.pdbqt
2026-08-31 18:35:32,316 [Pipeline]   charge check skipped (indeterminate: non-standard residues ['UNL']); net=-0.971 e
2026-08-31 18:35:32,319 [Pipeline] Custom AD4 parameters (B, Si) written: /home/chan/Research/Monomer_screening_in_Bio/results/phase3/CD9/NSGA_16_FPBA/step1_CETES/AD4_parameters_custom.dat
2026-08-31 18:35:32,319 [Pipeline] GPF written → /home/chan/Research/Monomer_screening_in_Bio/results/phase3/CD9/NSGA_16_FPBA/step1_CETES/receptor_step0_CETES.gpf
2026-08-31 18:35:34,376 [Pipeline] DPF written → /home/chan/Research/Monomer_screening_in_Bio/results/phase3/CD9/NSGA_16_FPBA/step1_CETES/receptor_step0_CETES.dpf
2026-08-31 18:35:34,377 [Pipeline] AutoDock-GPU settings not transferable from DPF: parameter_file: AD-GPU ignores it. Receptor-side Si/B parameters reach the run only through the AutoGrid maps; ligand-internal ones only through --modpair (applied) | ls_search_freq / set_psw1 / sw_*: AD-GPU uses ADADELTA local search at 100% rate; the DPF's Solis-Wets block does not apply and the GPU search protocol is NOT identical to AD4 CPU | ga_num_evals is a CEILING on the GPU: --autostop 1 ends a run on convergence, so the DLG's 'evaluations performed' is normally well below the configured budget
2026-08-31 18:35:36,198 [Pipeline] AutoDock-GPU completed: receptor_step0_CETES.dlg (seed (20260812, 1908145945, 1908670625))
2026-08-31 18:35:36,200 [Pipeline] Parsed 25 clusters from receptor_step0_CETES.dlg
2026-08-31 18:35:36,200 [Pipeline] Parsed 25 clusters from receptor_step0_CETES.dlg
2026-08-31 18:35:36,201 [Pipeline] Parsed 25 clusters from receptor_step0_CETES.dlg
2026-08-31 18:35:36,202 [Pipeline] Merged receptor+ligand → /home/chan/Research/Monomer_screening_in_Bio/results/phase3/CD9/NSGA_16_FPBA/receptor_step1.pdb
2026-08-31 18:35:36,446 [Pipeline] Receptor PDBQT [ADFR prepare_receptor4 (python2.7)] → /home/chan/Research/Monomer_screening_in_Bio/results/phase3/CD9/NSGA_16_FPBA/receptor_step1.pdbqt
2026-08-31 18:35:36,447 [Pipeline]   charge check skipped (indeterminate: non-standard residues ['UNL']); net=-0.970 e
2026-08-31 18:35:36,450 [Pipeline] Custom AD4 parameters (B, Si) written: /home/chan/Research/Monomer_screening_in_Bio/results/phase3/CD9/NSGA_16_FPBA/step2_IBTES/AD4_parameters_custom.dat
2026-08-31 18:35:36,450 [Pipeline] GPF written → /home/chan/Research/Monomer_screening_in_Bio/results/phase3/CD9/NSGA_16_FPBA/step2_IBTES/receptor_step1_IBTES.gpf
2026-08-31 18:35:38,074 [Pipeline] DPF written → /home/chan/Research/Monomer_screening_in_Bio/results/phase3/CD9/NSGA_16_FPBA/step2_IBTES/receptor_step1_IBTES.dpf
2026-08-31 18:35:38,074 [Pipeline] AutoDock-GPU settings not transferable from DPF: parameter_file: AD-GPU ignores it. Receptor-side Si/B parameters reach the run only through the AutoGrid maps; ligand-internal ones only through --modpair (applied) | ls_search_freq / set_psw1 / sw_*: AD-GPU uses ADADELTA local search at 100% rate; the DPF's Solis-Wets block does not apply and the GPU search protocol is NOT identical to AD4 CPU | ga_num_evals is a CEILING on the GPU: --autostop 1 ends a run on convergence, so the DLG's 'evaluations performed' is normally well below the configured budget
2026-08-31 18:35:39,218 [Pipeline] AutoDock-GPU completed: receptor_step1_IBTES.dlg (seed (20260812, 958535893, 961308389))
2026-08-31 18:35:39,219 [Pipeline] Parsed 25 clusters from receptor_step1_IBTES.dlg
2026-08-31 18:35:39,219 [Pipeline] Parsed 25 clusters from receptor_step1_IBTES.dlg
2026-08-31 18:35:39,220 [Pipeline] Parsed 25 clusters from receptor_step1_IBTES.dlg
2026-08-31 18:35:39,221 [Pipeline] Merged receptor+ligand → /home/chan/Research/Monomer_screening_in_Bio/results/phase3/CD9/NSGA_16_FPBA/receptor_step2.pdb
2026-08-31 18:35:39,498 [Pipeline] Receptor PDBQT [ADFR prepare_receptor4 (python2.7)] → /home/chan/Research/Monomer_screening_in_Bio/results/phase3/CD9/NSGA_16_FPBA/receptor_step2.pdbqt
2026-08-31 18:35:39,499 [Pipeline]   charge check skipped (indeterminate: non-standard residues ['UNL']); net=-0.971 e
2026-08-31 18:35:39,501 [Pipeline] Custom AD4 parameters (B, Si) written: /home/chan/Research/Monomer_screening_in_Bio/results/phase3/CD9/NSGA_16_FPBA/step3_TEOS/AD4_parameters_custom.dat
2026-08-31 18:35:39,501 [Pipeline] GPF written → /home/chan/Research/Monomer_screening_in_Bio/results/phase3/CD9/NSGA_16_FPBA/step3_TEOS/receptor_step2_TEOS.gpf
2026-08-31 18:35:41,199 [Pipeline] DPF written → /home/chan/Research/Monomer_screening_in_Bio/results/phase3/CD9/NSGA_16_FPBA/step3_TEOS/receptor_step2_TEOS.dpf
2026-08-31 18:35:41,199 [Pipeline] AutoDock-GPU settings not transferable from DPF: parameter_file: AD-GPU ignores it. Receptor-side Si/B parameters reach the run only through the AutoGrid maps; ligand-internal ones only through --modpair (applied) | ls_search_freq / set_psw1 / sw_*: AD-GPU uses ADADELTA local search at 100% rate; the DPF's Solis-Wets block does not apply and the GPU search protocol is NOT identical to AD4 CPU | ga_num_evals is a CEILING on the GPU: --autostop 1 ends a run on convergence, so the DLG's 'evaluations performed' is normally well below the configured budget
2026-08-31 18:35:42,109 [Pipeline] AutoDock-GPU completed: receptor_step2_TEOS.dlg (seed (20260812, 727588156, 731931324))
2026-08-31 18:35:42,110 [Pipeline] Parsed 25 clusters from receptor_step2_TEOS.dlg
2026-08-31 18:35:42,111 [Pipeline] Parsed 25 clusters from receptor_step2_TEOS.dlg
2026-08-31 18:35:42,112 [Pipeline] Parsed 25 clusters from receptor_step2_TEOS.dlg
2026-08-31 18:35:42,112 [Pipeline]     XL TEOS: BE=-3.42
2026-08-31 18:35:42,114 [Pipeline] Custom AD4 parameters (B, Si) written: /home/chan/Research/Monomer_screening_in_Bio/results/phase3/CD9/NSGA_16_FPBA/step3_TMOS/AD4_parameters_custom.dat
2026-08-31 18:35:42,114 [Pipeline] GPF written → /home/chan/Research/Monomer_screening_in_Bio/results/phase3/CD9/NSGA_16_FPBA/step3_TMOS/receptor_step2_TMOS.gpf
2026-08-31 18:35:43,913 [Pipeline] DPF written → /home/chan/Research/Monomer_screening_in_Bio/results/phase3/CD9/NSGA_16_FPBA/step3_TMOS/receptor_step2_TMOS.dpf
2026-08-31 18:35:43,914 [Pipeline] AutoDock-GPU settings not transferable from DPF: parameter_file: AD-GPU ignores it. Receptor-side Si/B parameters reach the run only through the AutoGrid maps; ligand-internal ones only through --modpair (applied) | ls_search_freq / set_psw1 / sw_*: AD-GPU uses ADADELTA local search at 100% rate; the DPF's Solis-Wets block does not apply and the GPU search protocol is NOT identical to AD4 CPU | ga_num_evals is a CEILING on the GPU: --autostop 1 ends a run on convergence, so the DLG's 'evaluations performed' is normally well below the configured budget
2026-08-31 18:35:44,794 [Pipeline] AutoDock-GPU completed: receptor_step2_TMOS.dlg (seed (20260812, 709148884, 749145836))
2026-08-31 18:35:44,794 [Pipeline] Parsed 25 clusters from receptor_step2_TMOS.dlg
2026-08-31 18:35:44,795 [Pipeline] Parsed 25 clusters from receptor_step2_TMOS.dlg
2026-08-31 18:35:44,795 [Pipeline] Parsed 25 clusters from receptor_step2_TMOS.dlg
2026-08-31 18:35:44,796 [Pipeline]     XL TMOS: BE=-3.35
2026-08-31 18:35:44,796 [Pipeline]     Best XL: TEOS (BE=-3.42)
2026-08-31 18:35:44,799 [Pipeline] Custom AD4 parameters (B, Si) written: /home/chan/Research/Monomer_screening_in_Bio/results/phase3/CD9/NSGA_16_FPBA/cross_CD63/step0_FPBA/AD4_parameters_custom.dat
2026-08-31 18:35:44,799 [Pipeline] GPF written → /home/chan/Research/Monomer_screening_in_Bio/results/phase3/CD9/NSGA_16_FPBA/cross_CD63/step0_FPBA/CD63_receptor_glyco_FPBA.gpf
2026-08-31 18:35:51,454 [Pipeline] DPF written → /home/chan/Research/Monomer_screening_in_Bio/results/phase3/CD9/NSGA_16_FPBA/cross_CD63/step0_FPBA/CD63_receptor_glyco_FPBA.dpf
2026-08-31 18:35:51,454 [Pipeline] AutoDock-GPU settings not transferable from DPF: parameter_file: AD-GPU ignores it. Receptor-side Si/B parameters reach the run only through the AutoGrid maps; ligand-internal ones only through --modpair (applied) | ls_search_freq / set_psw1 / sw_*: AD-GPU uses ADADELTA local search at 100% rate; the DPF's Solis-Wets block does not apply and the GPU search protocol is NOT identical to AD4 CPU | ga_num_evals is a CEILING on the GPU: --autostop 1 ends a run on convergence, so the DLG's 'evaluations performed' is normally well below the configured budget
2026-08-31 18:35:53,741 [Pipeline] AutoDock-GPU completed: CD63_receptor_glyco_FPBA.dlg (seed (20260812, 329769312, 331869792))
2026-08-31 18:35:53,742 [Pipeline] Parsed 25 clusters from CD63_receptor_glyco_FPBA.dlg
2026-08-31 18:35:53,743 [Pipeline] Parsed 25 clusters from CD63_receptor_glyco_FPBA.dlg
2026-08-31 18:35:53,744 [Pipeline] Parsed 25 clusters from CD63_receptor_glyco_FPBA.dlg
2026-08-31 18:35:53,744 [Pipeline] Merged receptor+ligand → /home/chan/Research/Monomer_screening_in_Bio/results/phase3/CD9/NSGA_16_FPBA/cross_CD63/receptor_step0.pdb
2026-08-31 18:35:54,115 [Pipeline] Receptor PDBQT [ADFR prepare_receptor4 (python2.7)] → /home/chan/Research/Monomer_screening_in_Bio/results/phase3/CD9/NSGA_16_FPBA/cross_CD63/receptor_step0.pdbqt
2026-08-31 18:35:54,116 [Pipeline]   charge check skipped (indeterminate: non-standard residues ['UNL']); net=+2.023 e
2026-08-31 18:35:54,118 [Pipeline] Custom AD4 parameters (B, Si) written: /home/chan/Research/Monomer_screening_in_Bio/results/phase3/CD9/NSGA_16_FPBA/cross_CD63/step1_CETES/AD4_parameters_custom.dat
2026-08-31 18:35:54,118 [Pipeline] GPF written → /home/chan/Research/Monomer_screening_in_Bio/results/phase3/CD9/NSGA_16_FPBA/cross_CD63/step1_CETES/receptor_step0_CETES.gpf
2026-08-31 18:36:00,883 [Pipeline] DPF written → /home/chan/Research/Monomer_screening_in_Bio/results/phase3/CD9/NSGA_16_FPBA/cross_CD63/step1_CETES/receptor_step0_CETES.dpf
2026-08-31 18:36:00,884 [Pipeline] AutoDock-GPU settings not transferable from DPF: parameter_file: AD-GPU ignores it. Receptor-side Si/B parameters reach the run only through the AutoGrid maps; ligand-internal ones only through --modpair (applied) | ls_search_freq / set_psw1 / sw_*: AD-GPU uses ADADELTA local search at 100% rate; the DPF's Solis-Wets block does not apply and the GPU search protocol is NOT identical to AD4 CPU | ga_num_evals is a CEILING on the GPU: --autostop 1 ends a run on convergence, so the DLG's 'evaluations performed' is normally well below the configured budget
2026-08-31 18:36:03,170 [Pipeline] AutoDock-GPU completed: receptor_step0_CETES.dlg (seed (20260812, 1908145945, 1908670625))
2026-08-31 18:36:03,171 [Pipeline] Parsed 25 clusters from receptor_step0_CETES.dlg
2026-08-31 18:36:03,172 [Pipeline] Parsed 25 clusters from receptor_step0_CETES.dlg
2026-08-31 18:36:03,172 [Pipeline] Parsed 25 clusters from receptor_step0_CETES.dlg
2026-08-31 18:36:03,173 [Pipeline] Merged receptor+ligand → /home/chan/Research/Monomer_screening_in_Bio/results/phase3/CD9/NSGA_16_FPBA/cross_CD63/receptor_step1.pdb
2026-08-31 18:36:03,536 [Pipeline] Receptor PDBQT [ADFR prepare_receptor4 (python2.7)] → /home/chan/Research/Monomer_screening_in_Bio/results/phase3/CD9/NSGA_16_FPBA/cross_CD63/receptor_step1.pdbqt
2026-08-31 18:36:03,537 [Pipeline]   charge check skipped (indeterminate: non-standard residues ['UNL']); net=+2.024 e
2026-08-31 18:36:03,539 [Pipeline] Custom AD4 parameters (B, Si) written: /home/chan/Research/Monomer_screening_in_Bio/results/phase3/CD9/NSGA_16_FPBA/cross_CD63/step2_IBTES/AD4_parameters_custom.dat
2026-08-31 18:36:03,540 [Pipeline] GPF written → /home/chan/Research/Monomer_screening_in_Bio/results/phase3/CD9/NSGA_16_FPBA/cross_CD63/step2_IBTES/receptor_step1_IBTES.gpf
2026-08-31 18:36:10,740 [Pipeline] DPF written → /home/chan/Research/Monomer_screening_in_Bio/results/phase3/CD9/NSGA_16_FPBA/cross_CD63/step2_IBTES/receptor_step1_IBTES.dpf
2026-08-31 18:36:10,740 [Pipeline] AutoDock-GPU settings not transferable from DPF: parameter_file: AD-GPU ignores it. Receptor-side Si/B parameters reach the run only through the AutoGrid maps; ligand-internal ones only through --modpair (applied) | ls_search_freq / set_psw1 / sw_*: AD-GPU uses ADADELTA local search at 100% rate; the DPF's Solis-Wets block does not apply and the GPU search protocol is NOT identical to AD4 CPU | ga_num_evals is a CEILING on the GPU: --autostop 1 ends a run on convergence, so the DLG's 'evaluations performed' is normally well below the configured budget
2026-08-31 18:36:12,796 [Pipeline] AutoDock-GPU completed: receptor_step1_IBTES.dlg (seed (20260812, 958535893, 961308389))
2026-08-31 18:36:12,798 [Pipeline] Parsed 25 clusters from receptor_step1_IBTES.dlg
2026-08-31 18:36:12,799 [Pipeline] Parsed 25 clusters from receptor_step1_IBTES.dlg
2026-08-31 18:36:12,800 [Pipeline] Parsed 25 clusters from receptor_step1_IBTES.dlg
2026-08-31 18:36:12,801 [Pipeline] Merged receptor+ligand → /home/chan/Research/Monomer_screening_in_Bio/results/phase3/CD9/NSGA_16_FPBA/cross_CD63/receptor_step2.pdb
2026-08-31 18:36:13,154 [Pipeline] Receptor PDBQT [ADFR prepare_receptor4 (python2.7)] → /home/chan/Research/Monomer_screening_in_Bio/results/phase3/CD9/NSGA_16_FPBA/cross_CD63/receptor_step2.pdbqt
2026-08-31 18:36:13,155 [Pipeline]   charge check skipped (indeterminate: non-standard residues ['UNL']); net=+2.023 e
2026-08-31 18:36:13,157 [Pipeline] Custom AD4 parameters (B, Si) written: /home/chan/Research/Monomer_screening_in_Bio/results/phase3/CD9/NSGA_16_FPBA/cross_CD63/step3_TEOS/AD4_parameters_custom.dat
2026-08-31 18:36:13,157 [Pipeline] GPF written → /home/chan/Research/Monomer_screening_in_Bio/results/phase3/CD9/NSGA_16_FPBA/cross_CD63/step3_TEOS/receptor_step2_TEOS.gpf
2026-08-31 18:36:18,982 [Pipeline] DPF written → /home/chan/Research/Monomer_screening_in_Bio/results/phase3/CD9/NSGA_16_FPBA/cross_CD63/step3_TEOS/receptor_step2_TEOS.dpf
2026-08-31 18:36:18,982 [Pipeline] AutoDock-GPU settings not transferable from DPF: parameter_file: AD-GPU ignores it. Receptor-side Si/B parameters reach the run only through the AutoGrid maps; ligand-internal ones only through --modpair (applied) | ls_search_freq / set_psw1 / sw_*: AD-GPU uses ADADELTA local search at 100% rate; the DPF's Solis-Wets block does not apply and the GPU search protocol is NOT identical to AD4 CPU | ga_num_evals is a CEILING on the GPU: --autostop 1 ends a run on convergence, so the DLG's 'evaluations performed' is normally well below the configured budget
2026-08-31 18:36:20,921 [Pipeline] AutoDock-GPU completed: receptor_step2_TEOS.dlg (seed (20260812, 727588156, 731931324))
2026-08-31 18:36:20,922 [Pipeline] Parsed 25 clusters from receptor_step2_TEOS.dlg
2026-08-31 18:36:20,923 [Pipeline] Parsed 25 clusters from receptor_step2_TEOS.dlg
2026-08-31 18:36:20,924 [Pipeline] Parsed 25 clusters from receptor_step2_TEOS.dlg
2026-08-31 18:36:20,924 [Pipeline]     XL TEOS: BE=-3.03
2026-08-31 18:36:20,927 [Pipeline] Custom AD4 parameters (B, Si) written: /home/chan/Research/Monomer_screening_in_Bio/results/phase3/CD9/NSGA_16_FPBA/cross_CD63/step3_TMOS/AD4_parameters_custom.dat
2026-08-31 18:36:20,927 [Pipeline] GPF written → /home/chan/Research/Monomer_screening_in_Bio/results/phase3/CD9/NSGA_16_FPBA/cross_CD63/step3_TMOS/receptor_step2_TMOS.gpf
2026-08-31 18:36:27,641 [Pipeline] DPF written → /home/chan/Research/Monomer_screening_in_Bio/results/phase3/CD9/NSGA_16_FPBA/cross_CD63/step3_TMOS/receptor_step2_TMOS.dpf
2026-08-31 18:36:27,642 [Pipeline] AutoDock-GPU settings not transferable from DPF: parameter_file: AD-GPU ignores it. Receptor-side Si/B parameters reach the run only through the AutoGrid maps; ligand-internal ones only through --modpair (applied) | ls_search_freq / set_psw1 / sw_*: AD-GPU uses ADADELTA local search at 100% rate; the DPF's Solis-Wets block does not apply and the GPU search protocol is NOT identical to AD4 CPU | ga_num_evals is a CEILING on the GPU: --autostop 1 ends a run on convergence, so the DLG's 'evaluations performed' is normally well below the configured budget
2026-08-31 18:36:29,444 [Pipeline] AutoDock-GPU completed: receptor_step2_TMOS.dlg (seed (20260812, 709148884, 749145836))
2026-08-31 18:36:29,446 [Pipeline] Parsed 25 clusters from receptor_step2_TMOS.dlg
2026-08-31 18:36:29,447 [Pipeline] Parsed 25 clusters from receptor_step2_TMOS.dlg
2026-08-31 18:36:29,447 [Pipeline] Parsed 25 clusters from receptor_step2_TMOS.dlg
2026-08-31 18:36:29,448 [Pipeline]     XL TMOS: BE=-2.92
2026-08-31 18:36:29,448 [Pipeline]     Best XL: TEOS (BE=-3.03)
2026-08-31 18:36:29,451 [Pipeline] Custom AD4 parameters (B, Si) written: /home/chan/Research/Monomer_screening_in_Bio/results/phase3/CD9/NSGA_16_FPBA/cross_CD81/step0_FPBA/AD4_parameters_custom.dat
2026-08-31 18:36:29,451 [Pipeline] GPF written → /home/chan/Research/Monomer_screening_in_Bio/results/phase3/CD9/NSGA_16_FPBA/cross_CD81/step0_FPBA/CD81_receptor_FPBA.gpf
2026-08-31 18:36:31,166 [Pipeline] DPF written → /home/chan/Research/Monomer_screening_in_Bio/results/phase3/CD9/NSGA_16_FPBA/cross_CD81/step0_FPBA/CD81_receptor_FPBA.dpf
2026-08-31 18:36:31,166 [Pipeline] AutoDock-GPU settings not transferable from DPF: parameter_file: AD-GPU ignores it. Receptor-side Si/B parameters reach the run only through the AutoGrid maps; ligand-internal ones only through --modpair (applied) | ls_search_freq / set_psw1 / sw_*: AD-GPU uses ADADELTA local search at 100% rate; the DPF's Solis-Wets block does not apply and the GPU search protocol is NOT identical to AD4 CPU | ga_num_evals is a CEILING on the GPU: --autostop 1 ends a run on convergence, so the DLG's 'evaluations performed' is normally well below the configured budget
2026-08-31 18:36:32,258 [Pipeline] AutoDock-GPU completed: CD81_receptor_FPBA.dlg (seed (20260812, 1063573366, 1065818246))
2026-08-31 18:36:32,259 [Pipeline] Parsed 25 clusters from CD81_receptor_FPBA.dlg
2026-08-31 18:36:32,260 [Pipeline] Parsed 25 clusters from CD81_receptor_FPBA.dlg
2026-08-31 18:36:32,260 [Pipeline] Parsed 25 clusters from CD81_receptor_FPBA.dlg
2026-08-31 18:36:32,261 [Pipeline] Merged receptor+ligand → /home/chan/Research/Monomer_screening_in_Bio/results/phase3/CD9/NSGA_16_FPBA/cross_CD81/receptor_step0.pdb
2026-08-31 18:36:32,498 [Pipeline] Receptor PDBQT [ADFR prepare_receptor4 (python2.7)] → /home/chan/Research/Monomer_screening_in_Bio/results/phase3/CD9/NSGA_16_FPBA/cross_CD81/receptor_step0.pdbqt
2026-08-31 18:36:32,499 [Pipeline]   charge check skipped (indeterminate: non-standard residues ['UNL']); net=-1.964 e
2026-08-31 18:36:32,501 [Pipeline] Custom AD4 parameters (B, Si) written: /home/chan/Research/Monomer_screening_in_Bio/results/phase3/CD9/NSGA_16_FPBA/cross_CD81/step1_CETES/AD4_parameters_custom.dat
2026-08-31 18:36:32,501 [Pipeline] GPF written → /home/chan/Research/Monomer_screening_in_Bio/results/phase3/CD9/NSGA_16_FPBA/cross_CD81/step1_CETES/receptor_step0_CETES.gpf
2026-08-31 18:36:34,312 [Pipeline] DPF written → /home/chan/Research/Monomer_screening_in_Bio/results/phase3/CD9/NSGA_16_FPBA/cross_CD81/step1_CETES/receptor_step0_CETES.dpf
2026-08-31 18:36:34,312 [Pipeline] AutoDock-GPU settings not transferable from DPF: parameter_file: AD-GPU ignores it. Receptor-side Si/B parameters reach the run only through the AutoGrid maps; ligand-internal ones only through --modpair (applied) | ls_search_freq / set_psw1 / sw_*: AD-GPU uses ADADELTA local search at 100% rate; the DPF's Solis-Wets block does not apply and the GPU search protocol is NOT identical to AD4 CPU | ga_num_evals is a CEILING on the GPU: --autostop 1 ends a run on convergence, so the DLG's 'evaluations performed' is normally well below the configured budget
2026-08-31 18:36:35,859 [Pipeline] AutoDock-GPU completed: receptor_step0_CETES.dlg (seed (20260812, 1908145945, 1908670625))
2026-08-31 18:36:35,860 [Pipeline] Parsed 25 clusters from receptor_step0_CETES.dlg
2026-08-31 18:36:35,861 [Pipeline] Parsed 25 clusters from receptor_step0_CETES.dlg
2026-08-31 18:36:35,862 [Pipeline] Parsed 25 clusters from receptor_step0_CETES.dlg
2026-08-31 18:36:35,862 [Pipeline] Merged receptor+ligand → /home/chan/Research/Monomer_screening_in_Bio/results/phase3/CD9/NSGA_16_FPBA/cross_CD81/receptor_step1.pdb
2026-08-31 18:36:36,114 [Pipeline] Receptor PDBQT [ADFR prepare_receptor4 (python2.7)] → /home/chan/Research/Monomer_screening_in_Bio/results/phase3/CD9/NSGA_16_FPBA/cross_CD81/receptor_step1.pdbqt
2026-08-31 18:36:36,114 [Pipeline]   charge check skipped (indeterminate: non-standard residues ['UNL']); net=-1.963 e
2026-08-31 18:36:36,116 [Pipeline] Custom AD4 parameters (B, Si) written: /home/chan/Research/Monomer_screening_in_Bio/results/phase3/CD9/NSGA_16_FPBA/cross_CD81/step2_IBTES/AD4_parameters_custom.dat
2026-08-31 18:36:36,116 [Pipeline] GPF written → /home/chan/Research/Monomer_screening_in_Bio/results/phase3/CD9/NSGA_16_FPBA/cross_CD81/step2_IBTES/receptor_step1_IBTES.gpf
2026-08-31 18:36:37,834 [Pipeline] DPF written → /home/chan/Research/Monomer_screening_in_Bio/results/phase3/CD9/NSGA_16_FPBA/cross_CD81/step2_IBTES/receptor_step1_IBTES.dpf
2026-08-31 18:36:37,835 [Pipeline] AutoDock-GPU settings not transferable from DPF: parameter_file: AD-GPU ignores it. Receptor-side Si/B parameters reach the run only through the AutoGrid maps; ligand-internal ones only through --modpair (applied) | ls_search_freq / set_psw1 / sw_*: AD-GPU uses ADADELTA local search at 100% rate; the DPF's Solis-Wets block does not apply and the GPU search protocol is NOT identical to AD4 CPU | ga_num_evals is a CEILING on the GPU: --autostop 1 ends a run on convergence, so the DLG's 'evaluations performed' is normally well below the configured budget
2026-08-31 18:36:39,002 [Pipeline] AutoDock-GPU completed: receptor_step1_IBTES.dlg (seed (20260812, 958535893, 961308389))
2026-08-31 18:36:39,004 [Pipeline] Parsed 25 clusters from receptor_step1_IBTES.dlg
2026-08-31 18:36:39,005 [Pipeline] Parsed 25 clusters from receptor_step1_IBTES.dlg
2026-08-31 18:36:39,006 [Pipeline] Parsed 25 clusters from receptor_step1_IBTES.dlg
2026-08-31 18:36:39,007 [Pipeline] Merged receptor+ligand → /home/chan/Research/Monomer_screening_in_Bio/results/phase3/CD9/NSGA_16_FPBA/cross_CD81/receptor_step2.pdb
2026-08-31 18:36:39,407 [Pipeline] Receptor PDBQT [ADFR prepare_receptor4 (python2.7)] → /home/chan/Research/Monomer_screening_in_Bio/results/phase3/CD9/NSGA_16_FPBA/cross_CD81/receptor_step2.pdbqt
2026-08-31 18:36:39,412 [Pipeline]   charge check skipped (indeterminate: non-standard residues ['UNL']); net=-1.964 e
2026-08-31 18:36:39,418 [Pipeline] Custom AD4 parameters (B, Si) written: /home/chan/Research/Monomer_screening_in_Bio/results/phase3/CD9/NSGA_16_FPBA/cross_CD81/step3_TEOS/AD4_parameters_custom.dat
2026-08-31 18:36:39,419 [Pipeline] GPF written → /home/chan/Research/Monomer_screening_in_Bio/results/phase3/CD9/NSGA_16_FPBA/cross_CD81/step3_TEOS/receptor_step2_TEOS.gpf
2026-08-31 18:36:41,976 [Pipeline] DPF written → /home/chan/Research/Monomer_screening_in_Bio/results/phase3/CD9/NSGA_16_FPBA/cross_CD81/step3_TEOS/receptor_step2_TEOS.dpf
2026-08-31 18:36:41,976 [Pipeline] AutoDock-GPU settings not transferable from DPF: parameter_file: AD-GPU ignores it. Receptor-side Si/B parameters reach the run only through the AutoGrid maps; ligand-internal ones only through --modpair (applied) | ls_search_freq / set_psw1 / sw_*: AD-GPU uses ADADELTA local search at 100% rate; the DPF's Solis-Wets block does not apply and the GPU search protocol is NOT identical to AD4 CPU | ga_num_evals is a CEILING on the GPU: --autostop 1 ends a run on convergence, so the DLG's 'evaluations performed' is normally well below the configured budget
2026-08-31 18:36:43,331 [Pipeline] AutoDock-GPU completed: receptor_step2_TEOS.dlg (seed (20260812, 727588156, 731931324))
2026-08-31 18:36:43,332 [Pipeline] Parsed 25 clusters from receptor_step2_TEOS.dlg
2026-08-31 18:36:43,333 [Pipeline] Parsed 25 clusters from receptor_step2_TEOS.dlg
2026-08-31 18:36:43,333 [Pipeline] Parsed 25 clusters from receptor_step2_TEOS.dlg
2026-08-31 18:36:43,334 [Pipeline]     XL TEOS: BE=-3.33
2026-08-31 18:36:43,338 [Pipeline] Custom AD4 parameters (B, Si) written: /home/chan/Research/Monomer_screening_in_Bio/results/phase3/CD9/NSGA_16_FPBA/cross_CD81/step3_TMOS/AD4_parameters_custom.dat
2026-08-31 18:36:43,338 [Pipeline] GPF written → /home/chan/Research/Monomer_screening_in_Bio/results/phase3/CD9/NSGA_16_FPBA/cross_CD81/step3_TMOS/receptor_step2_TMOS.gpf
2026-08-31 18:36:45,611 [Pipeline] DPF written → /home/chan/Research/Monomer_screening_in_Bio/results/phase3/CD9/NSGA_16_FPBA/cross_CD81/step3_TMOS/receptor_step2_TMOS.dpf
2026-08-31 18:36:45,611 [Pipeline] AutoDock-GPU settings not transferable from DPF: parameter_file: AD-GPU ignores it. Receptor-side Si/B parameters reach the run only through the AutoGrid maps; ligand-internal ones only through --modpair (applied) | ls_search_freq / set_psw1 / sw_*: AD-GPU uses ADADELTA local search at 100% rate; the DPF's Solis-Wets block does not apply and the GPU search protocol is NOT identical to AD4 CPU | ga_num_evals is a CEILING on the GPU: --autostop 1 ends a run on convergence, so the DLG's 'evaluations performed' is normally well below the configured budget
2026-08-31 18:36:46,506 [Pipeline] AutoDock-GPU completed: receptor_step2_TMOS.dlg (seed (20260812, 709148884, 749145836))
2026-08-31 18:36:46,507 [Pipeline] Parsed 25 clusters from receptor_step2_TMOS.dlg
2026-08-31 18:36:46,508 [Pipeline] Parsed 25 clusters from receptor_step2_TMOS.dlg
2026-08-31 18:36:46,508 [Pipeline] Parsed 25 clusters from receptor_step2_TMOS.dlg
2026-08-31 18:36:46,509 [Pipeline]     XL TMOS: BE=-3.05
2026-08-31 18:36:46,509 [Pipeline]     Best XL: TEOS (BE=-3.33)
2026-08-31 18:36:46,509 [Pipeline]     NSGA_16_FPBA ΔΔG=-0.67 kcal/mol, penalty=0.16 → obj=-3.831
2026-08-31 18:36:46,509 [Pipeline]   NSGA[16]: ['FPBA', 'IBTES', 'CETES'] → aff=-4.33, sel=0.98, synth=9.2/10, ΔΔG=-0.68
2026-08-31 18:36:46,512 [Pipeline] Custom AD4 parameters (B, Si) written: /home/chan/Research/Monomer_screening_in_Bio/results/phase3/CD9/NSGA_17_CETES/step0_FPBA/AD4_parameters_custom.dat
2026-08-31 18:36:46,512 [Pipeline] GPF written → /home/chan/Research/Monomer_screening_in_Bio/results/phase3/CD9/NSGA_17_CETES/step0_FPBA/CD9_receptor_FPBA.gpf
2026-08-31 18:36:48,543 [Pipeline] DPF written → /home/chan/Research/Monomer_screening_in_Bio/results/phase3/CD9/NSGA_17_CETES/step0_FPBA/CD9_receptor_FPBA.dpf
2026-08-31 18:36:48,543 [Pipeline] AutoDock-GPU settings not transferable from DPF: parameter_file: AD-GPU ignores it. Receptor-side Si/B parameters reach the run only through the AutoGrid maps; ligand-internal ones only through --modpair (applied) | ls_search_freq / set_psw1 / sw_*: AD-GPU uses ADADELTA local search at 100% rate; the DPF's Solis-Wets block does not apply and the GPU search protocol is NOT identical to AD4 CPU | ga_num_evals is a CEILING on the GPU: --autostop 1 ends a run on convergence, so the DLG's 'evaluations performed' is normally well below the configured budget
2026-08-31 18:36:48,610 [Pipeline] AutoDock-GPU completed: CD9_receptor_FPBA.dlg (seed (20260812, 1964201909, 1968937029))
2026-08-31 18:36:48,611 [Pipeline] Parsed 25 clusters from CD9_receptor_FPBA.dlg
2026-08-31 18:36:48,612 [Pipeline] Parsed 25 clusters from CD9_receptor_FPBA.dlg
2026-08-31 18:36:48,613 [Pipeline] Parsed 25 clusters from CD9_receptor_FPBA.dlg
2026-08-31 18:36:48,614 [Pipeline] Merged receptor+ligand → /home/chan/Research/Monomer_screening_in_Bio/results/phase3/CD9/NSGA_17_CETES/receptor_step0.pdb
2026-08-31 18:36:48,964 [Pipeline] Receptor PDBQT [ADFR prepare_receptor4 (python2.7)] → /home/chan/Research/Monomer_screening_in_Bio/results/phase3/CD9/NSGA_17_CETES/receptor_step0.pdbqt
2026-08-31 18:36:48,964 [Pipeline]   charge check skipped (indeterminate: non-standard residues ['UNL']); net=-0.971 e
2026-08-31 18:36:48,968 [Pipeline] Custom AD4 parameters (B, Si) written: /home/chan/Research/Monomer_screening_in_Bio/results/phase3/CD9/NSGA_17_CETES/step1_APBA/AD4_parameters_custom.dat
2026-08-31 18:36:48,968 [Pipeline] GPF written → /home/chan/Research/Monomer_screening_in_Bio/results/phase3/CD9/NSGA_17_CETES/step1_APBA/receptor_step0_APBA.gpf
2026-08-31 18:36:50,986 [Pipeline] DPF written → /home/chan/Research/Monomer_screening_in_Bio/results/phase3/CD9/NSGA_17_CETES/step1_APBA/receptor_step0_APBA.dpf
2026-08-31 18:36:50,987 [Pipeline] AutoDock-GPU settings not transferable from DPF: parameter_file: AD-GPU ignores it. Receptor-side Si/B parameters reach the run only through the AutoGrid maps; ligand-internal ones only through --modpair (applied) | ls_search_freq / set_psw1 / sw_*: AD-GPU uses ADADELTA local search at 100% rate; the DPF's Solis-Wets block does not apply and the GPU search protocol is NOT identical to AD4 CPU | ga_num_evals is a CEILING on the GPU: --autostop 1 ends a run on convergence, so the DLG's 'evaluations performed' is normally well below the configured budget
2026-08-31 18:36:52,494 [Pipeline] AutoDock-GPU completed: receptor_step0_APBA.dlg (seed (20260812, 1559272050, 1593501066))
2026-08-31 18:36:52,497 [Pipeline] Parsed 25 clusters from receptor_step0_APBA.dlg
2026-08-31 18:36:52,502 [Pipeline] Parsed 25 clusters from receptor_step0_APBA.dlg
2026-08-31 18:36:52,504 [Pipeline] Parsed 25 clusters from receptor_step0_APBA.dlg
2026-08-31 18:36:52,506 [Pipeline] Merged receptor+ligand → /home/chan/Research/Monomer_screening_in_Bio/results/phase3/CD9/NSGA_17_CETES/receptor_step1.pdb
2026-08-31 18:36:52,917 [Pipeline] Receptor PDBQT [ADFR prepare_receptor4 (python2.7)] → /home/chan/Research/Monomer_screening_in_Bio/results/phase3/CD9/NSGA_17_CETES/receptor_step1.pdbqt
2026-08-31 18:36:52,918 [Pipeline]   charge check skipped (indeterminate: non-standard residues ['UNL']); net=-0.969 e
2026-08-31 18:36:52,921 [Pipeline] Custom AD4 parameters (B, Si) written: /home/chan/Research/Monomer_screening_in_Bio/results/phase3/CD9/NSGA_17_CETES/step2_PTES/AD4_parameters_custom.dat
2026-08-31 18:36:52,921 [Pipeline] GPF written → /home/chan/Research/Monomer_screening_in_Bio/results/phase3/CD9/NSGA_17_CETES/step2_PTES/receptor_step1_PTES.gpf
2026-08-31 18:36:55,180 [Pipeline] DPF written → /home/chan/Research/Monomer_screening_in_Bio/results/phase3/CD9/NSGA_17_CETES/step2_PTES/receptor_step1_PTES.dpf
2026-08-31 18:36:55,181 [Pipeline] AutoDock-GPU settings not transferable from DPF: parameter_file: AD-GPU ignores it. Receptor-side Si/B parameters reach the run only through the AutoGrid maps; ligand-internal ones only through --modpair (applied) | ls_search_freq / set_psw1 / sw_*: AD-GPU uses ADADELTA local search at 100% rate; the DPF's Solis-Wets block does not apply and the GPU search protocol is NOT identical to AD4 CPU | ga_num_evals is a CEILING on the GPU: --autostop 1 ends a run on convergence, so the DLG's 'evaluations performed' is normally well below the configured budget
2026-08-31 18:36:56,342 [Pipeline] AutoDock-GPU completed: receptor_step1_PTES.dlg (seed (20260812, 1379640900, 1413720404))
2026-08-31 18:36:56,343 [Pipeline] Parsed 25 clusters from receptor_step1_PTES.dlg
2026-08-31 18:36:56,344 [Pipeline] Parsed 25 clusters from receptor_step1_PTES.dlg
2026-08-31 18:36:56,345 [Pipeline] Parsed 25 clusters from receptor_step1_PTES.dlg
2026-08-31 18:36:56,345 [Pipeline] Merged receptor+ligand → /home/chan/Research/Monomer_screening_in_Bio/results/phase3/CD9/NSGA_17_CETES/receptor_step2.pdb
2026-08-31 18:36:56,589 [Pipeline] Receptor PDBQT [ADFR prepare_receptor4 (python2.7)] → /home/chan/Research/Monomer_screening_in_Bio/results/phase3/CD9/NSGA_17_CETES/receptor_step2.pdbqt
2026-08-31 18:36:56,590 [Pipeline]   charge check skipped (indeterminate: non-standard residues ['UNL']); net=-0.969 e
2026-08-31 18:36:56,592 [Pipeline] Custom AD4 parameters (B, Si) written: /home/chan/Research/Monomer_screening_in_Bio/results/phase3/CD9/NSGA_17_CETES/step3_CETES/AD4_parameters_custom.dat
2026-08-31 18:36:56,593 [Pipeline] GPF written → /home/chan/Research/Monomer_screening_in_Bio/results/phase3/CD9/NSGA_17_CETES/step3_CETES/receptor_step2_CETES.gpf
2026-08-31 18:36:58,367 [Pipeline] DPF written → /home/chan/Research/Monomer_screening_in_Bio/results/phase3/CD9/NSGA_17_CETES/step3_CETES/receptor_step2_CETES.dpf
2026-08-31 18:36:58,367 [Pipeline] AutoDock-GPU settings not transferable from DPF: parameter_file: AD-GPU ignores it. Receptor-side Si/B parameters reach the run only through the AutoGrid maps; ligand-internal ones only through --modpair (applied) | ls_search_freq / set_psw1 / sw_*: AD-GPU uses ADADELTA local search at 100% rate; the DPF's Solis-Wets block does not apply and the GPU search protocol is NOT identical to AD4 CPU | ga_num_evals is a CEILING on the GPU: --autostop 1 ends a run on convergence, so the DLG's 'evaluations performed' is normally well below the configured budget
2026-08-31 18:36:59,512 [Pipeline] AutoDock-GPU completed: receptor_step2_CETES.dlg (seed (20260812, 596622926, 602915150))
2026-08-31 18:36:59,513 [Pipeline] Parsed 25 clusters from receptor_step2_CETES.dlg
2026-08-31 18:36:59,514 [Pipeline] Parsed 25 clusters from receptor_step2_CETES.dlg
2026-08-31 18:36:59,515 [Pipeline] Parsed 25 clusters from receptor_step2_CETES.dlg
2026-08-31 18:36:59,516 [Pipeline] Merged receptor+ligand → /home/chan/Research/Monomer_screening_in_Bio/results/phase3/CD9/NSGA_17_CETES/receptor_step3.pdb
2026-08-31 18:36:59,799 [Pipeline] Receptor PDBQT [ADFR prepare_receptor4 (python2.7)] → /home/chan/Research/Monomer_screening_in_Bio/results/phase3/CD9/NSGA_17_CETES/receptor_step3.pdbqt
2026-08-31 18:36:59,800 [Pipeline]   charge check skipped (indeterminate: non-standard residues ['UNL']); net=-0.968 e
2026-08-31 18:36:59,802 [Pipeline] Custom AD4 parameters (B, Si) written: /home/chan/Research/Monomer_screening_in_Bio/results/phase3/CD9/NSGA_17_CETES/step4_TTMS/AD4_parameters_custom.dat
2026-08-31 18:36:59,802 [Pipeline] GPF written → /home/chan/Research/Monomer_screening_in_Bio/results/phase3/CD9/NSGA_17_CETES/step4_TTMS/receptor_step3_TTMS.gpf
2026-08-31 18:37:01,493 [Pipeline] DPF written → /home/chan/Research/Monomer_screening_in_Bio/results/phase3/CD9/NSGA_17_CETES/step4_TTMS/receptor_step3_TTMS.dpf
2026-08-31 18:37:01,493 [Pipeline] AutoDock-GPU settings not transferable from DPF: parameter_file: AD-GPU ignores it. Receptor-side Si/B parameters reach the run only through the AutoGrid maps; ligand-internal ones only through --modpair (applied) | ls_search_freq / set_psw1 / sw_*: AD-GPU uses ADADELTA local search at 100% rate; the DPF's Solis-Wets block does not apply and the GPU search protocol is NOT identical to AD4 CPU | ga_num_evals is a CEILING on the GPU: --autostop 1 ends a run on convergence, so the DLG's 'evaluations performed' is normally well below the configured budget
2026-08-31 18:37:02,436 [Pipeline] AutoDock-GPU completed: receptor_step3_TTMS.dlg (seed (20260812, 676545357, 714837069))
2026-08-31 18:37:02,437 [Pipeline] Parsed 25 clusters from receptor_step3_TTMS.dlg
2026-08-31 18:37:02,438 [Pipeline] Parsed 25 clusters from receptor_step3_TTMS.dlg
2026-08-31 18:37:02,439 [Pipeline] Parsed 25 clusters from receptor_step3_TTMS.dlg
2026-08-31 18:37:02,439 [Pipeline] Merged receptor+ligand → /home/chan/Research/Monomer_screening_in_Bio/results/phase3/CD9/NSGA_17_CETES/receptor_step4.pdb
2026-08-31 18:37:02,723 [Pipeline] Receptor PDBQT [ADFR prepare_receptor4 (python2.7)] → /home/chan/Research/Monomer_screening_in_Bio/results/phase3/CD9/NSGA_17_CETES/receptor_step4.pdbqt
2026-08-31 18:37:02,724 [Pipeline]   charge check skipped (indeterminate: non-standard residues ['UNL']); net=-0.968 e
2026-08-31 18:37:02,726 [Pipeline] Custom AD4 parameters (B, Si) written: /home/chan/Research/Monomer_screening_in_Bio/results/phase3/CD9/NSGA_17_CETES/step5_IBTES/AD4_parameters_custom.dat
2026-08-31 18:37:02,726 [Pipeline] GPF written → /home/chan/Research/Monomer_screening_in_Bio/results/phase3/CD9/NSGA_17_CETES/step5_IBTES/receptor_step4_IBTES.gpf
2026-08-31 18:37:04,633 [Pipeline] DPF written → /home/chan/Research/Monomer_screening_in_Bio/results/phase3/CD9/NSGA_17_CETES/step5_IBTES/receptor_step4_IBTES.dpf
2026-08-31 18:37:04,634 [Pipeline] AutoDock-GPU settings not transferable from DPF: parameter_file: AD-GPU ignores it. Receptor-side Si/B parameters reach the run only through the AutoGrid maps; ligand-internal ones only through --modpair (applied) | ls_search_freq / set_psw1 / sw_*: AD-GPU uses ADADELTA local search at 100% rate; the DPF's Solis-Wets block does not apply and the GPU search protocol is NOT identical to AD4 CPU | ga_num_evals is a CEILING on the GPU: --autostop 1 ends a run on convergence, so the DLG's 'evaluations performed' is normally well below the configured budget
2026-08-31 18:37:06,175 [Pipeline] AutoDock-GPU completed: receptor_step4_IBTES.dlg (seed (20260812, 408637363, 446926923))
2026-08-31 18:37:06,176 [Pipeline] Parsed 25 clusters from receptor_step4_IBTES.dlg
2026-08-31 18:37:06,178 [Pipeline] Parsed 25 clusters from receptor_step4_IBTES.dlg
2026-08-31 18:37:06,179 [Pipeline] Parsed 25 clusters from receptor_step4_IBTES.dlg
2026-08-31 18:37:06,180 [Pipeline] Merged receptor+ligand → /home/chan/Research/Monomer_screening_in_Bio/results/phase3/CD9/NSGA_17_CETES/receptor_step5.pdb
2026-08-31 18:37:06,568 [Pipeline] Receptor PDBQT [ADFR prepare_receptor4 (python2.7)] → /home/chan/Research/Monomer_screening_in_Bio/results/phase3/CD9/NSGA_17_CETES/receptor_step5.pdbqt
2026-08-31 18:37:06,569 [Pipeline]   charge check skipped (indeterminate: non-standard residues ['UNL']); net=-0.969 e
2026-08-31 18:37:06,571 [Pipeline] Custom AD4 parameters (B, Si) written: /home/chan/Research/Monomer_screening_in_Bio/results/phase3/CD9/NSGA_17_CETES/step6_TEOS/AD4_parameters_custom.dat
2026-08-31 18:37:06,571 [Pipeline] GPF written → /home/chan/Research/Monomer_screening_in_Bio/results/phase3/CD9/NSGA_17_CETES/step6_TEOS/receptor_step5_TEOS.gpf
2026-08-31 18:37:08,834 [Pipeline] DPF written → /home/chan/Research/Monomer_screening_in_Bio/results/phase3/CD9/NSGA_17_CETES/step6_TEOS/receptor_step5_TEOS.dpf
2026-08-31 18:37:08,834 [Pipeline] AutoDock-GPU settings not transferable from DPF: parameter_file: AD-GPU ignores it. Receptor-side Si/B parameters reach the run only through the AutoGrid maps; ligand-internal ones only through --modpair (applied) | ls_search_freq / set_psw1 / sw_*: AD-GPU uses ADADELTA local search at 100% rate; the DPF's Solis-Wets block does not apply and the GPU search protocol is NOT identical to AD4 CPU | ga_num_evals is a CEILING on the GPU: --autostop 1 ends a run on convergence, so the DLG's 'evaluations performed' is normally well below the configured budget
2026-08-31 18:37:09,974 [Pipeline] AutoDock-GPU completed: receptor_step5_TEOS.dlg (seed (20260812, 2004831758, 2004849038))
2026-08-31 18:37:09,975 [Pipeline] Parsed 25 clusters from receptor_step5_TEOS.dlg
2026-08-31 18:37:09,977 [Pipeline] Parsed 25 clusters from receptor_step5_TEOS.dlg
2026-08-31 18:37:09,978 [Pipeline] Parsed 25 clusters from receptor_step5_TEOS.dlg
2026-08-31 18:37:09,978 [Pipeline]     XL TEOS: BE=-2.70
2026-08-31 18:37:09,981 [Pipeline] Custom AD4 parameters (B, Si) written: /home/chan/Research/Monomer_screening_in_Bio/results/phase3/CD9/NSGA_17_CETES/step6_TMOS/AD4_parameters_custom.dat
2026-08-31 18:37:09,981 [Pipeline] GPF written → /home/chan/Research/Monomer_screening_in_Bio/results/phase3/CD9/NSGA_17_CETES/step6_TMOS/receptor_step5_TMOS.gpf
2026-08-31 18:37:12,052 [Pipeline] DPF written → /home/chan/Research/Monomer_screening_in_Bio/results/phase3/CD9/NSGA_17_CETES/step6_TMOS/receptor_step5_TMOS.dpf
2026-08-31 18:37:12,052 [Pipeline] AutoDock-GPU settings not transferable from DPF: parameter_file: AD-GPU ignores it. Receptor-side Si/B parameters reach the run only through the AutoGrid maps; ligand-internal ones only through --modpair (applied) | ls_search_freq / set_psw1 / sw_*: AD-GPU uses ADADELTA local search at 100% rate; the DPF's Solis-Wets block does not apply and the GPU search protocol is NOT identical to AD4 CPU | ga_num_evals is a CEILING on the GPU: --autostop 1 ends a run on convergence, so the DLG's 'evaluations performed' is normally well below the configured budget
2026-08-31 18:37:13,056 [Pipeline] AutoDock-GPU completed: receptor_step5_TMOS.dlg (seed (20260812, 456742869, 457283557))
2026-08-31 18:37:13,057 [Pipeline] Parsed 25 clusters from receptor_step5_TMOS.dlg
2026-08-31 18:37:13,058 [Pipeline] Parsed 25 clusters from receptor_step5_TMOS.dlg
2026-08-31 18:37:13,058 [Pipeline] Parsed 25 clusters from receptor_step5_TMOS.dlg
2026-08-31 18:37:13,059 [Pipeline]     XL TMOS: BE=-2.72
2026-08-31 18:37:13,059 [Pipeline]     Best XL: TMOS (BE=-2.72)
2026-08-31 18:37:13,062 [Pipeline] Custom AD4 parameters (B, Si) written: /home/chan/Research/Monomer_screening_in_Bio/results/phase3/CD9/NSGA_17_CETES/cross_CD63/step0_FPBA/AD4_parameters_custom.dat
2026-08-31 18:37:13,063 [Pipeline] GPF written → /home/chan/Research/Monomer_screening_in_Bio/results/phase3/CD9/NSGA_17_CETES/cross_CD63/step0_FPBA/CD63_receptor_glyco_FPBA.gpf
2026-08-31 18:37:21,356 [Pipeline] DPF written → /home/chan/Research/Monomer_screening_in_Bio/results/phase3/CD9/NSGA_17_CETES/cross_CD63/step0_FPBA/CD63_receptor_glyco_FPBA.dpf
2026-08-31 18:37:21,357 [Pipeline] AutoDock-GPU settings not transferable from DPF: parameter_file: AD-GPU ignores it. Receptor-side Si/B parameters reach the run only through the AutoGrid maps; ligand-internal ones only through --modpair (applied) | ls_search_freq / set_psw1 / sw_*: AD-GPU uses ADADELTA local search at 100% rate; the DPF's Solis-Wets block does not apply and the GPU search protocol is NOT identical to AD4 CPU | ga_num_evals is a CEILING on the GPU: --autostop 1 ends a run on convergence, so the DLG's 'evaluations performed' is normally well below the configured budget
2026-08-31 18:37:23,569 [Pipeline] AutoDock-GPU completed: CD63_receptor_glyco_FPBA.dlg (seed (20260812, 329769312, 331869792))
2026-08-31 18:37:23,570 [Pipeline] Parsed 25 clusters from CD63_receptor_glyco_FPBA.dlg
2026-08-31 18:37:23,570 [Pipeline] Parsed 25 clusters from CD63_receptor_glyco_FPBA.dlg
2026-08-31 18:37:23,571 [Pipeline] Parsed 25 clusters from CD63_receptor_glyco_FPBA.dlg
2026-08-31 18:37:23,572 [Pipeline] Merged receptor+ligand → /home/chan/Research/Monomer_screening_in_Bio/results/phase3/CD9/NSGA_17_CETES/cross_CD63/receptor_step0.pdb
2026-08-31 18:37:23,816 [Pipeline] Receptor PDBQT [ADFR prepare_receptor4 (python2.7)] → /home/chan/Research/Monomer_screening_in_Bio/results/phase3/CD9/NSGA_17_CETES/cross_CD63/receptor_step0.pdbqt
2026-08-31 18:37:23,817 [Pipeline]   charge check skipped (indeterminate: non-standard residues ['UNL']); net=+2.023 e
2026-08-31 18:37:23,819 [Pipeline] Custom AD4 parameters (B, Si) written: /home/chan/Research/Monomer_screening_in_Bio/results/phase3/CD9/NSGA_17_CETES/cross_CD63/step1_APBA/AD4_parameters_custom.dat
2026-08-31 18:37:23,819 [Pipeline] GPF written → /home/chan/Research/Monomer_screening_in_Bio/results/phase3/CD9/NSGA_17_CETES/cross_CD63/step1_APBA/receptor_step0_APBA.gpf
2026-08-31 18:37:29,724 [Pipeline] DPF written → /home/chan/Research/Monomer_screening_in_Bio/results/phase3/CD9/NSGA_17_CETES/cross_CD63/step1_APBA/receptor_step0_APBA.dpf
2026-08-31 18:37:29,724 [Pipeline] AutoDock-GPU settings not transferable from DPF: parameter_file: AD-GPU ignores it. Receptor-side Si/B parameters reach the run only through the AutoGrid maps; ligand-internal ones only through --modpair (applied) | ls_search_freq / set_psw1 / sw_*: AD-GPU uses ADADELTA local search at 100% rate; the DPF's Solis-Wets block does not apply and the GPU search protocol is NOT identical to AD4 CPU | ga_num_evals is a CEILING on the GPU: --autostop 1 ends a run on convergence, so the DLG's 'evaluations performed' is normally well below the configured budget
2026-08-31 18:37:31,669 [Pipeline] AutoDock-GPU completed: receptor_step0_APBA.dlg (seed (20260812, 1559272050, 1593501066))
2026-08-31 18:37:31,670 [Pipeline] Parsed 25 clusters from receptor_step0_APBA.dlg
2026-08-31 18:37:31,671 [Pipeline] Parsed 25 clusters from receptor_step0_APBA.dlg
2026-08-31 18:37:31,671 [Pipeline] Parsed 25 clusters from receptor_step0_APBA.dlg
2026-08-31 18:37:31,672 [Pipeline] Merged receptor+ligand → /home/chan/Research/Monomer_screening_in_Bio/results/phase3/CD9/NSGA_17_CETES/cross_CD63/receptor_step1.pdb
2026-08-31 18:37:31,916 [Pipeline] Receptor PDBQT [ADFR prepare_receptor4 (python2.7)] → /home/chan/Research/Monomer_screening_in_Bio/results/phase3/CD9/NSGA_17_CETES/cross_CD63/receptor_step1.pdbqt
2026-08-31 18:37:31,917 [Pipeline]   charge check skipped (indeterminate: non-standard residues ['UNL']); net=+2.025 e
2026-08-31 18:37:31,919 [Pipeline] Custom AD4 parameters (B, Si) written: /home/chan/Research/Monomer_screening_in_Bio/results/phase3/CD9/NSGA_17_CETES/cross_CD63/step2_PTES/AD4_parameters_custom.dat
2026-08-31 18:37:31,919 [Pipeline] GPF written → /home/chan/Research/Monomer_screening_in_Bio/results/phase3/CD9/NSGA_17_CETES/cross_CD63/step2_PTES/receptor_step1_PTES.gpf
2026-08-31 18:37:37,908 [Pipeline] DPF written → /home/chan/Research/Monomer_screening_in_Bio/results/phase3/CD9/NSGA_17_CETES/cross_CD63/step2_PTES/receptor_step1_PTES.dpf
2026-08-31 18:37:37,909 [Pipeline] AutoDock-GPU settings not transferable from DPF: parameter_file: AD-GPU ignores it. Receptor-side Si/B parameters reach the run only through the AutoGrid maps; ligand-internal ones only through --modpair (applied) | ls_search_freq / set_psw1 / sw_*: AD-GPU uses ADADELTA local search at 100% rate; the DPF's Solis-Wets block does not apply and the GPU search protocol is NOT identical to AD4 CPU | ga_num_evals is a CEILING on the GPU: --autostop 1 ends a run on convergence, so the DLG's 'evaluations performed' is normally well below the configured budget
2026-08-31 18:37:39,752 [Pipeline] AutoDock-GPU completed: receptor_step1_PTES.dlg (seed (20260812, 1379640900, 1413720404))
2026-08-31 18:37:39,753 [Pipeline] Parsed 25 clusters from receptor_step1_PTES.dlg
2026-08-31 18:37:39,754 [Pipeline] Parsed 25 clusters from receptor_step1_PTES.dlg
2026-08-31 18:37:39,755 [Pipeline] Parsed 25 clusters from receptor_step1_PTES.dlg
2026-08-31 18:37:39,755 [Pipeline] Merged receptor+ligand → /home/chan/Research/Monomer_screening_in_Bio/results/phase3/CD9/NSGA_17_CETES/cross_CD63/receptor_step2.pdb
2026-08-31 18:37:40,009 [Pipeline] Receptor PDBQT [ADFR prepare_receptor4 (python2.7)] → /home/chan/Research/Monomer_screening_in_Bio/results/phase3/CD9/NSGA_17_CETES/cross_CD63/receptor_step2.pdbqt
2026-08-31 18:37:40,010 [Pipeline]   charge check skipped (indeterminate: non-standard residues ['UNL']); net=+2.025 e
2026-08-31 18:37:40,012 [Pipeline] Custom AD4 parameters (B, Si) written: /home/chan/Research/Monomer_screening_in_Bio/results/phase3/CD9/NSGA_17_CETES/cross_CD63/step3_CETES/AD4_parameters_custom.dat
2026-08-31 18:37:40,012 [Pipeline] GPF written → /home/chan/Research/Monomer_screening_in_Bio/results/phase3/CD9/NSGA_17_CETES/cross_CD63/step3_CETES/receptor_step2_CETES.gpf
2026-08-31 18:37:46,069 [Pipeline] DPF written → /home/chan/Research/Monomer_screening_in_Bio/results/phase3/CD9/NSGA_17_CETES/cross_CD63/step3_CETES/receptor_step2_CETES.dpf
2026-08-31 18:37:46,069 [Pipeline] AutoDock-GPU settings not transferable from DPF: parameter_file: AD-GPU ignores it. Receptor-side Si/B parameters reach the run only through the AutoGrid maps; ligand-internal ones only through --modpair (applied) | ls_search_freq / set_psw1 / sw_*: AD-GPU uses ADADELTA local search at 100% rate; the DPF's Solis-Wets block does not apply and the GPU search protocol is NOT identical to AD4 CPU | ga_num_evals is a CEILING on the GPU: --autostop 1 ends a run on convergence, so the DLG's 'evaluations performed' is normally well below the configured budget
2026-08-31 18:37:48,335 [Pipeline] AutoDock-GPU completed: receptor_step2_CETES.dlg (seed (20260812, 596622926, 602915150))
2026-08-31 18:37:48,336 [Pipeline] Parsed 25 clusters from receptor_step2_CETES.dlg
2026-08-31 18:37:48,337 [Pipeline] Parsed 25 clusters from receptor_step2_CETES.dlg
2026-08-31 18:37:48,338 [Pipeline] Parsed 25 clusters from receptor_step2_CETES.dlg
2026-08-31 18:37:48,339 [Pipeline] Merged receptor+ligand → /home/chan/Research/Monomer_screening_in_Bio/results/phase3/CD9/NSGA_17_CETES/cross_CD63/receptor_step3.pdb
2026-08-31 18:37:48,607 [Pipeline] Receptor PDBQT [ADFR prepare_receptor4 (python2.7)] → /home/chan/Research/Monomer_screening_in_Bio/results/phase3/CD9/NSGA_17_CETES/cross_CD63/receptor_step3.pdbqt
2026-08-31 18:37:48,608 [Pipeline]   charge check skipped (indeterminate: non-standard residues ['UNL']); net=+2.026 e
2026-08-31 18:37:48,610 [Pipeline] Custom AD4 parameters (B, Si) written: /home/chan/Research/Monomer_screening_in_Bio/results/phase3/CD9/NSGA_17_CETES/cross_CD63/step4_TTMS/AD4_parameters_custom.dat
2026-08-31 18:37:48,610 [Pipeline] GPF written → /home/chan/Research/Monomer_screening_in_Bio/results/phase3/CD9/NSGA_17_CETES/cross_CD63/step4_TTMS/receptor_step3_TTMS.gpf
2026-08-31 18:37:54,607 [Pipeline] DPF written → /home/chan/Research/Monomer_screening_in_Bio/results/phase3/CD9/NSGA_17_CETES/cross_CD63/step4_TTMS/receptor_step3_TTMS.dpf
2026-08-31 18:37:54,607 [Pipeline] AutoDock-GPU settings not transferable from DPF: parameter_file: AD-GPU ignores it. Receptor-side Si/B parameters reach the run only through the AutoGrid maps; ligand-internal ones only through --modpair (applied) | ls_search_freq / set_psw1 / sw_*: AD-GPU uses ADADELTA local search at 100% rate; the DPF's Solis-Wets block does not apply and the GPU search protocol is NOT identical to AD4 CPU | ga_num_evals is a CEILING on the GPU: --autostop 1 ends a run on convergence, so the DLG's 'evaluations performed' is normally well below the configured budget
2026-08-31 18:37:56,760 [Pipeline] AutoDock-GPU completed: receptor_step3_TTMS.dlg (seed (20260812, 676545357, 714837069))
2026-08-31 18:37:56,761 [Pipeline] Parsed 25 clusters from receptor_step3_TTMS.dlg
2026-08-31 18:37:56,762 [Pipeline] Parsed 25 clusters from receptor_step3_TTMS.dlg
2026-08-31 18:37:56,763 [Pipeline] Parsed 25 clusters from receptor_step3_TTMS.dlg
2026-08-31 18:37:56,764 [Pipeline] Merged receptor+ligand → /home/chan/Research/Monomer_screening_in_Bio/results/phase3/CD9/NSGA_17_CETES/cross_CD63/receptor_step4.pdb
2026-08-31 18:37:57,268 [Pipeline] Receptor PDBQT [ADFR prepare_receptor4 (python2.7)] → /home/chan/Research/Monomer_screening_in_Bio/results/phase3/CD9/NSGA_17_CETES/cross_CD63/receptor_step4.pdbqt
2026-08-31 18:37:57,270 [Pipeline]   charge check skipped (indeterminate: non-standard residues ['UNL']); net=+2.026 e
2026-08-31 18:37:57,275 [Pipeline] Custom AD4 parameters (B, Si) written: /home/chan/Research/Monomer_screening_in_Bio/results/phase3/CD9/NSGA_17_CETES/cross_CD63/step5_IBTES/AD4_parameters_custom.dat
2026-08-31 18:37:57,275 [Pipeline] GPF written → /home/chan/Research/Monomer_screening_in_Bio/results/phase3/CD9/NSGA_17_CETES/cross_CD63/step5_IBTES/receptor_step4_IBTES.gpf
2026-08-31 18:38:05,038 [Pipeline] DPF written → /home/chan/Research/Monomer_screening_in_Bio/results/phase3/CD9/NSGA_17_CETES/cross_CD63/step5_IBTES/receptor_step4_IBTES.dpf
2026-08-31 18:38:05,038 [Pipeline] AutoDock-GPU settings not transferable from DPF: parameter_file: AD-GPU ignores it. Receptor-side Si/B parameters reach the run only through the AutoGrid maps; ligand-internal ones only through --modpair (applied) | ls_search_freq / set_psw1 / sw_*: AD-GPU uses ADADELTA local search at 100% rate; the DPF's Solis-Wets block does not apply and the GPU search protocol is NOT identical to AD4 CPU | ga_num_evals is a CEILING on the GPU: --autostop 1 ends a run on convergence, so the DLG's 'evaluations performed' is normally well below the configured budget
2026-08-31 18:38:06,957 [Pipeline] AutoDock-GPU completed: receptor_step4_IBTES.dlg (seed (20260812, 408637363, 446926923))
2026-08-31 18:38:06,958 [Pipeline] Parsed 25 clusters from receptor_step4_IBTES.dlg
2026-08-31 18:38:06,958 [Pipeline] Parsed 25 clusters from receptor_step4_IBTES.dlg
2026-08-31 18:38:06,959 [Pipeline] Parsed 25 clusters from receptor_step4_IBTES.dlg
2026-08-31 18:38:06,960 [Pipeline] Merged receptor+ligand → /home/chan/Research/Monomer_screening_in_Bio/results/phase3/CD9/NSGA_17_CETES/cross_CD63/receptor_step5.pdb
2026-08-31 18:38:07,325 [Pipeline] Receptor PDBQT [ADFR prepare_receptor4 (python2.7)] → /home/chan/Research/Monomer_screening_in_Bio/results/phase3/CD9/NSGA_17_CETES/cross_CD63/receptor_step5.pdbqt
2026-08-31 18:38:07,326 [Pipeline]   charge check skipped (indeterminate: non-standard residues ['UNL']); net=+2.025 e
2026-08-31 18:38:07,329 [Pipeline] Custom AD4 parameters (B, Si) written: /home/chan/Research/Monomer_screening_in_Bio/results/phase3/CD9/NSGA_17_CETES/cross_CD63/step6_TEOS/AD4_parameters_custom.dat
2026-08-31 18:38:07,329 [Pipeline] GPF written → /home/chan/Research/Monomer_screening_in_Bio/results/phase3/CD9/NSGA_17_CETES/cross_CD63/step6_TEOS/receptor_step5_TEOS.gpf
2026-08-31 18:38:14,409 [Pipeline] DPF written → /home/chan/Research/Monomer_screening_in_Bio/results/phase3/CD9/NSGA_17_CETES/cross_CD63/step6_TEOS/receptor_step5_TEOS.dpf
2026-08-31 18:38:14,409 [Pipeline] AutoDock-GPU settings not transferable from DPF: parameter_file: AD-GPU ignores it. Receptor-side Si/B parameters reach the run only through the AutoGrid maps; ligand-internal ones only through --modpair (applied) | ls_search_freq / set_psw1 / sw_*: AD-GPU uses ADADELTA local search at 100% rate; the DPF's Solis-Wets block does not apply and the GPU search protocol is NOT identical to AD4 CPU | ga_num_evals is a CEILING on the GPU: --autostop 1 ends a run on convergence, so the DLG's 'evaluations performed' is normally well below the configured budget
2026-08-31 18:38:16,430 [Pipeline] AutoDock-GPU completed: receptor_step5_TEOS.dlg (seed (20260812, 2004831758, 2004849038))
2026-08-31 18:38:16,431 [Pipeline] Parsed 25 clusters from receptor_step5_TEOS.dlg
2026-08-31 18:38:16,432 [Pipeline] Parsed 25 clusters from receptor_step5_TEOS.dlg
2026-08-31 18:38:16,433 [Pipeline] Parsed 25 clusters from receptor_step5_TEOS.dlg
2026-08-31 18:38:16,433 [Pipeline]     XL TEOS: BE=-3.07
2026-08-31 18:38:16,436 [Pipeline] Custom AD4 parameters (B, Si) written: /home/chan/Research/Monomer_screening_in_Bio/results/phase3/CD9/NSGA_17_CETES/cross_CD63/step6_TMOS/AD4_parameters_custom.dat
2026-08-31 18:38:16,436 [Pipeline] GPF written → /home/chan/Research/Monomer_screening_in_Bio/results/phase3/CD9/NSGA_17_CETES/cross_CD63/step6_TMOS/receptor_step5_TMOS.gpf
2026-08-31 18:38:22,031 [Pipeline] DPF written → /home/chan/Research/Monomer_screening_in_Bio/results/phase3/CD9/NSGA_17_CETES/cross_CD63/step6_TMOS/receptor_step5_TMOS.dpf
2026-08-31 18:38:22,031 [Pipeline] AutoDock-GPU settings not transferable from DPF: parameter_file: AD-GPU ignores it. Receptor-side Si/B parameters reach the run only through the AutoGrid maps; ligand-internal ones only through --modpair (applied) | ls_search_freq / set_psw1 / sw_*: AD-GPU uses ADADELTA local search at 100% rate; the DPF's Solis-Wets block does not apply and the GPU search protocol is NOT identical to AD4 CPU | ga_num_evals is a CEILING on the GPU: --autostop 1 ends a run on convergence, so the DLG's 'evaluations performed' is normally well below the configured budget
2026-08-31 18:38:24,570 [Pipeline] AutoDock-GPU completed: receptor_step5_TMOS.dlg (seed (20260812, 456742869, 457283557))
2026-08-31 18:38:24,570 [Pipeline] Parsed 25 clusters from receptor_step5_TMOS.dlg
2026-08-31 18:38:24,571 [Pipeline] Parsed 25 clusters from receptor_step5_TMOS.dlg
2026-08-31 18:38:24,572 [Pipeline] Parsed 25 clusters from receptor_step5_TMOS.dlg
2026-08-31 18:38:24,572 [Pipeline]     XL TMOS: BE=-2.94
2026-08-31 18:38:24,572 [Pipeline]     Best XL: TEOS (BE=-3.07)
2026-08-31 18:38:24,576 [Pipeline] Custom AD4 parameters (B, Si) written: /home/chan/Research/Monomer_screening_in_Bio/results/phase3/CD9/NSGA_17_CETES/cross_CD81/step0_FPBA/AD4_parameters_custom.dat
2026-08-31 18:38:24,576 [Pipeline] GPF written → /home/chan/Research/Monomer_screening_in_Bio/results/phase3/CD9/NSGA_17_CETES/cross_CD81/step0_FPBA/CD81_receptor_FPBA.gpf
2026-08-31 18:38:27,058 [Pipeline] DPF written → /home/chan/Research/Monomer_screening_in_Bio/results/phase3/CD9/NSGA_17_CETES/cross_CD81/step0_FPBA/CD81_receptor_FPBA.dpf
2026-08-31 18:38:27,058 [Pipeline] AutoDock-GPU settings not transferable from DPF: parameter_file: AD-GPU ignores it. Receptor-side Si/B parameters reach the run only through the AutoGrid maps; ligand-internal ones only through --modpair (applied) | ls_search_freq / set_psw1 / sw_*: AD-GPU uses ADADELTA local search at 100% rate; the DPF's Solis-Wets block does not apply and the GPU search protocol is NOT identical to AD4 CPU | ga_num_evals is a CEILING on the GPU: --autostop 1 ends a run on convergence, so the DLG's 'evaluations performed' is normally well below the configured budget
2026-08-31 18:38:28,419 [Pipeline] AutoDock-GPU completed: CD81_receptor_FPBA.dlg (seed (20260812, 1063573366, 1065818246))
2026-08-31 18:38:28,420 [Pipeline] Parsed 25 clusters from CD81_receptor_FPBA.dlg
2026-08-31 18:38:28,424 [Pipeline] Parsed 25 clusters from CD81_receptor_FPBA.dlg
2026-08-31 18:38:28,426 [Pipeline] Parsed 25 clusters from CD81_receptor_FPBA.dlg
2026-08-31 18:38:28,427 [Pipeline] Merged receptor+ligand → /home/chan/Research/Monomer_screening_in_Bio/results/phase3/CD9/NSGA_17_CETES/cross_CD81/receptor_step0.pdb
2026-08-31 18:38:28,984 [Pipeline] Receptor PDBQT [ADFR prepare_receptor4 (python2.7)] → /home/chan/Research/Monomer_screening_in_Bio/results/phase3/CD9/NSGA_17_CETES/cross_CD81/receptor_step0.pdbqt
2026-08-31 18:38:28,986 [Pipeline]   charge check skipped (indeterminate: non-standard residues ['UNL']); net=-1.964 e
2026-08-31 18:38:28,990 [Pipeline] Custom AD4 parameters (B, Si) written: /home/chan/Research/Monomer_screening_in_Bio/results/phase3/CD9/NSGA_17_CETES/cross_CD81/step1_APBA/AD4_parameters_custom.dat
2026-08-31 18:38:28,991 [Pipeline] GPF written → /home/chan/Research/Monomer_screening_in_Bio/results/phase3/CD9/NSGA_17_CETES/cross_CD81/step1_APBA/receptor_step0_APBA.gpf
2026-08-31 18:38:31,781 [Pipeline] DPF written → /home/chan/Research/Monomer_screening_in_Bio/results/phase3/CD9/NSGA_17_CETES/cross_CD81/step1_APBA/receptor_step0_APBA.dpf
2026-08-31 18:38:31,783 [Pipeline] AutoDock-GPU settings not transferable from DPF: parameter_file: AD-GPU ignores it. Receptor-side Si/B parameters reach the run only through the AutoGrid maps; ligand-internal ones only through --modpair (applied) | ls_search_freq / set_psw1 / sw_*: AD-GPU uses ADADELTA local search at 100% rate; the DPF's Solis-Wets block does not apply and the GPU search protocol is NOT identical to AD4 CPU | ga_num_evals is a CEILING on the GPU: --autostop 1 ends a run on convergence, so the DLG's 'evaluations performed' is normally well below the configured budget
2026-08-31 18:38:33,395 [Pipeline] AutoDock-GPU completed: receptor_step0_APBA.dlg (seed (20260812, 1559272050, 1593501066))
2026-08-31 18:38:33,397 [Pipeline] Parsed 25 clusters from receptor_step0_APBA.dlg
2026-08-31 18:38:33,398 [Pipeline] Parsed 25 clusters from receptor_step0_APBA.dlg
2026-08-31 18:38:33,403 [Pipeline] Parsed 25 clusters from receptor_step0_APBA.dlg
2026-08-31 18:38:33,411 [Pipeline] Merged receptor+ligand → /home/chan/Research/Monomer_screening_in_Bio/results/phase3/CD9/NSGA_17_CETES/cross_CD81/receptor_step1.pdb
2026-08-31 18:38:34,071 [Pipeline] Receptor PDBQT [ADFR prepare_receptor4 (python2.7)] → /home/chan/Research/Monomer_screening_in_Bio/results/phase3/CD9/NSGA_17_CETES/cross_CD81/receptor_step1.pdbqt
2026-08-31 18:38:34,072 [Pipeline]   charge check skipped (indeterminate: non-standard residues ['UNL']); net=-1.962 e
2026-08-31 18:38:34,078 [Pipeline] Custom AD4 parameters (B, Si) written: /home/chan/Research/Monomer_screening_in_Bio/results/phase3/CD9/NSGA_17_CETES/cross_CD81/step2_PTES/AD4_parameters_custom.dat
2026-08-31 18:38:34,079 [Pipeline] GPF written → /home/chan/Research/Monomer_screening_in_Bio/results/phase3/CD9/NSGA_17_CETES/cross_CD81/step2_PTES/receptor_step1_PTES.gpf
2026-08-31 18:38:36,544 [Pipeline] DPF written → /home/chan/Research/Monomer_screening_in_Bio/results/phase3/CD9/NSGA_17_CETES/cross_CD81/step2_PTES/receptor_step1_PTES.dpf
2026-08-31 18:38:36,544 [Pipeline] AutoDock-GPU settings not transferable from DPF: parameter_file: AD-GPU ignores it. Receptor-side Si/B parameters reach the run only through the AutoGrid maps; ligand-internal ones only through --modpair (applied) | ls_search_freq / set_psw1 / sw_*: AD-GPU uses ADADELTA local search at 100% rate; the DPF's Solis-Wets block does not apply and the GPU search protocol is NOT identical to AD4 CPU | ga_num_evals is a CEILING on the GPU: --autostop 1 ends a run on convergence, so the DLG's 'evaluations performed' is normally well below the configured budget
2026-08-31 18:38:38,300 [Pipeline] AutoDock-GPU completed: receptor_step1_PTES.dlg (seed (20260812, 1379640900, 1413720404))
2026-08-31 18:38:38,302 [Pipeline] Parsed 25 clusters from receptor_step1_PTES.dlg
2026-08-31 18:38:38,303 [Pipeline] Parsed 25 clusters from receptor_step1_PTES.dlg
2026-08-31 18:38:38,305 [Pipeline] Parsed 25 clusters from receptor_step1_PTES.dlg
2026-08-31 18:38:38,307 [Pipeline] Merged receptor+ligand → /home/chan/Research/Monomer_screening_in_Bio/results/phase3/CD9/NSGA_17_CETES/cross_CD81/receptor_step2.pdb
2026-08-31 18:38:38,850 [Pipeline] Receptor PDBQT [ADFR prepare_receptor4 (python2.7)] → /home/chan/Research/Monomer_screening_in_Bio/results/phase3/CD9/NSGA_17_CETES/cross_CD81/receptor_step2.pdbqt
2026-08-31 18:38:38,851 [Pipeline]   charge check skipped (indeterminate: non-standard residues ['UNL']); net=-1.962 e
2026-08-31 18:38:38,858 [Pipeline] Custom AD4 parameters (B, Si) written: /home/chan/Research/Monomer_screening_in_Bio/results/phase3/CD9/NSGA_17_CETES/cross_CD81/step3_CETES/AD4_parameters_custom.dat
2026-08-31 18:38:38,858 [Pipeline] GPF written → /home/chan/Research/Monomer_screening_in_Bio/results/phase3/CD9/NSGA_17_CETES/cross_CD81/step3_CETES/receptor_step2_CETES.gpf
2026-08-31 18:38:41,631 [Pipeline] DPF written → /home/chan/Research/Monomer_screening_in_Bio/results/phase3/CD9/NSGA_17_CETES/cross_CD81/step3_CETES/receptor_step2_CETES.dpf
2026-08-31 18:38:41,633 [Pipeline] AutoDock-GPU settings not transferable from DPF: parameter_file: AD-GPU ignores it. Receptor-side Si/B parameters reach the run only through the AutoGrid maps; ligand-internal ones only through --modpair (applied) | ls_search_freq / set_psw1 / sw_*: AD-GPU uses ADADELTA local search at 100% rate; the DPF's Solis-Wets block does not apply and the GPU search protocol is NOT identical to AD4 CPU | ga_num_evals is a CEILING on the GPU: --autostop 1 ends a run on convergence, so the DLG's 'evaluations performed' is normally well below the configured budget
2026-08-31 18:38:43,202 [Pipeline] AutoDock-GPU completed: receptor_step2_CETES.dlg (seed (20260812, 596622926, 602915150))
2026-08-31 18:38:43,204 [Pipeline] Parsed 25 clusters from receptor_step2_CETES.dlg
2026-08-31 18:38:43,206 [Pipeline] Parsed 25 clusters from receptor_step2_CETES.dlg
2026-08-31 18:38:43,208 [Pipeline] Parsed 25 clusters from receptor_step2_CETES.dlg
2026-08-31 18:38:43,209 [Pipeline] Merged receptor+ligand → /home/chan/Research/Monomer_screening_in_Bio/results/phase3/CD9/NSGA_17_CETES/cross_CD81/receptor_step3.pdb
2026-08-31 18:38:43,786 [Pipeline] Receptor PDBQT [ADFR prepare_receptor4 (python2.7)] → /home/chan/Research/Monomer_screening_in_Bio/results/phase3/CD9/NSGA_17_CETES/cross_CD81/receptor_step3.pdbqt
2026-08-31 18:38:43,787 [Pipeline]   charge check skipped (indeterminate: non-standard residues ['UNL']); net=-1.961 e
2026-08-31 18:38:43,792 [Pipeline] Custom AD4 parameters (B, Si) written: /home/chan/Research/Monomer_screening_in_Bio/results/phase3/CD9/NSGA_17_CETES/cross_CD81/step4_TTMS/AD4_parameters_custom.dat
2026-08-31 18:38:43,792 [Pipeline] GPF written → /home/chan/Research/Monomer_screening_in_Bio/results/phase3/CD9/NSGA_17_CETES/cross_CD81/step4_TTMS/receptor_step3_TTMS.gpf
2026-08-31 18:38:46,619 [Pipeline] DPF written → /home/chan/Research/Monomer_screening_in_Bio/results/phase3/CD9/NSGA_17_CETES/cross_CD81/step4_TTMS/receptor_step3_TTMS.dpf
2026-08-31 18:38:46,619 [Pipeline] AutoDock-GPU settings not transferable from DPF: parameter_file: AD-GPU ignores it. Receptor-side Si/B parameters reach the run only through the AutoGrid maps; ligand-internal ones only through --modpair (applied) | ls_search_freq / set_psw1 / sw_*: AD-GPU uses ADADELTA local search at 100% rate; the DPF's Solis-Wets block does not apply and the GPU search protocol is NOT identical to AD4 CPU | ga_num_evals is a CEILING on the GPU: --autostop 1 ends a run on convergence, so the DLG's 'evaluations performed' is normally well below the configured budget
2026-08-31 18:38:47,950 [Pipeline] AutoDock-GPU completed: receptor_step3_TTMS.dlg (seed (20260812, 676545357, 714837069))
2026-08-31 18:38:47,952 [Pipeline] Parsed 25 clusters from receptor_step3_TTMS.dlg
2026-08-31 18:38:47,952 [Pipeline] Parsed 25 clusters from receptor_step3_TTMS.dlg
2026-08-31 18:38:47,954 [Pipeline] Parsed 25 clusters from receptor_step3_TTMS.dlg
2026-08-31 18:38:47,957 [Pipeline] Merged receptor+ligand → /home/chan/Research/Monomer_screening_in_Bio/results/phase3/CD9/NSGA_17_CETES/cross_CD81/receptor_step4.pdb
2026-08-31 18:38:48,563 [Pipeline] Receptor PDBQT [ADFR prepare_receptor4 (python2.7)] → /home/chan/Research/Monomer_screening_in_Bio/results/phase3/CD9/NSGA_17_CETES/cross_CD81/receptor_step4.pdbqt
2026-08-31 18:38:48,565 [Pipeline]   charge check skipped (indeterminate: non-standard residues ['UNL']); net=-1.961 e
2026-08-31 18:38:48,570 [Pipeline] Custom AD4 parameters (B, Si) written: /home/chan/Research/Monomer_screening_in_Bio/results/phase3/CD9/NSGA_17_CETES/cross_CD81/step5_IBTES/AD4_parameters_custom.dat
2026-08-31 18:38:48,570 [Pipeline] GPF written → /home/chan/Research/Monomer_screening_in_Bio/results/phase3/CD9/NSGA_17_CETES/cross_CD81/step5_IBTES/receptor_step4_IBTES.gpf
2026-08-31 18:38:51,150 [Pipeline] DPF written → /home/chan/Research/Monomer_screening_in_Bio/results/phase3/CD9/NSGA_17_CETES/cross_CD81/step5_IBTES/receptor_step4_IBTES.dpf
2026-08-31 18:38:51,151 [Pipeline] AutoDock-GPU settings not transferable from DPF: parameter_file: AD-GPU ignores it. Receptor-side Si/B parameters reach the run only through the AutoGrid maps; ligand-internal ones only through --modpair (applied) | ls_search_freq / set_psw1 / sw_*: AD-GPU uses ADADELTA local search at 100% rate; the DPF's Solis-Wets block does not apply and the GPU search protocol is NOT identical to AD4 CPU | ga_num_evals is a CEILING on the GPU: --autostop 1 ends a run on convergence, so the DLG's 'evaluations performed' is normally well below the configured budget
2026-08-31 18:38:52,513 [Pipeline] AutoDock-GPU completed: receptor_step4_IBTES.dlg (seed (20260812, 408637363, 446926923))
2026-08-31 18:38:52,514 [Pipeline] Parsed 25 clusters from receptor_step4_IBTES.dlg
2026-08-31 18:38:52,515 [Pipeline] Parsed 25 clusters from receptor_step4_IBTES.dlg
2026-08-31 18:38:52,523 [Pipeline] Parsed 25 clusters from receptor_step4_IBTES.dlg
2026-08-31 18:38:52,524 [Pipeline] Merged receptor+ligand → /home/chan/Research/Monomer_screening_in_Bio/results/phase3/CD9/NSGA_17_CETES/cross_CD81/receptor_step5.pdb
2026-08-31 18:38:53,152 [Pipeline] Receptor PDBQT [ADFR prepare_receptor4 (python2.7)] → /home/chan/Research/Monomer_screening_in_Bio/results/phase3/CD9/NSGA_17_CETES/cross_CD81/receptor_step5.pdbqt
2026-08-31 18:38:53,153 [Pipeline]   charge check skipped (indeterminate: non-standard residues ['UNL']); net=-1.962 e
2026-08-31 18:38:53,156 [Pipeline] Custom AD4 parameters (B, Si) written: /home/chan/Research/Monomer_screening_in_Bio/results/phase3/CD9/NSGA_17_CETES/cross_CD81/step6_TEOS/AD4_parameters_custom.dat
2026-08-31 18:38:53,157 [Pipeline] GPF written → /home/chan/Research/Monomer_screening_in_Bio/results/phase3/CD9/NSGA_17_CETES/cross_CD81/step6_TEOS/receptor_step5_TEOS.gpf
2026-08-31 18:38:54,401 [Pipeline] DPF written → /home/chan/Research/Monomer_screening_in_Bio/results/phase3/CD9/NSGA_17_CETES/cross_CD81/step6_TEOS/receptor_step5_TEOS.dpf
2026-08-31 18:38:54,402 [Pipeline] AutoDock-GPU settings not transferable from DPF: parameter_file: AD-GPU ignores it. Receptor-side Si/B parameters reach the run only through the AutoGrid maps; ligand-internal ones only through --modpair (applied) | ls_search_freq / set_psw1 / sw_*: AD-GPU uses ADADELTA local search at 100% rate; the DPF's Solis-Wets block does not apply and the GPU search protocol is NOT identical to AD4 CPU | ga_num_evals is a CEILING on the GPU: --autostop 1 ends a run on convergence, so the DLG's 'evaluations performed' is normally well below the configured budget
2026-08-31 18:38:56,017 [Pipeline] AutoDock-GPU completed: receptor_step5_TEOS.dlg (seed (20260812, 2004831758, 2004849038))
2026-08-31 18:38:56,019 [Pipeline] Parsed 25 clusters from receptor_step5_TEOS.dlg
2026-08-31 18:38:56,027 [Pipeline] Parsed 25 clusters from receptor_step5_TEOS.dlg
2026-08-31 18:38:56,028 [Pipeline] Parsed 25 clusters from receptor_step5_TEOS.dlg
2026-08-31 18:38:56,029 [Pipeline]     XL TEOS: BE=-3.28
2026-08-31 18:38:56,032 [Pipeline] Custom AD4 parameters (B, Si) written: /home/chan/Research/Monomer_screening_in_Bio/results/phase3/CD9/NSGA_17_CETES/cross_CD81/step6_TMOS/AD4_parameters_custom.dat
2026-08-31 18:38:56,033 [Pipeline] GPF written → /home/chan/Research/Monomer_screening_in_Bio/results/phase3/CD9/NSGA_17_CETES/cross_CD81/step6_TMOS/receptor_step5_TMOS.gpf
2026-08-31 18:38:58,557 [Pipeline] DPF written → /home/chan/Research/Monomer_screening_in_Bio/results/phase3/CD9/NSGA_17_CETES/cross_CD81/step6_TMOS/receptor_step5_TMOS.dpf
2026-08-31 18:38:58,559 [Pipeline] AutoDock-GPU settings not transferable from DPF: parameter_file: AD-GPU ignores it. Receptor-side Si/B parameters reach the run only through the AutoGrid maps; ligand-internal ones only through --modpair (applied) | ls_search_freq / set_psw1 / sw_*: AD-GPU uses ADADELTA local search at 100% rate; the DPF's Solis-Wets block does not apply and the GPU search protocol is NOT identical to AD4 CPU | ga_num_evals is a CEILING on the GPU: --autostop 1 ends a run on convergence, so the DLG's 'evaluations performed' is normally well below the configured budget
2026-08-31 18:38:59,653 [Pipeline] AutoDock-GPU completed: receptor_step5_TMOS.dlg (seed (20260812, 456742869, 457283557))
2026-08-31 18:38:59,654 [Pipeline] Parsed 25 clusters from receptor_step5_TMOS.dlg
2026-08-31 18:38:59,655 [Pipeline] Parsed 25 clusters from receptor_step5_TMOS.dlg
2026-08-31 18:38:59,655 [Pipeline] Parsed 25 clusters from receptor_step5_TMOS.dlg
2026-08-31 18:38:59,656 [Pipeline]     XL TMOS: BE=-3.02
2026-08-31 18:38:59,656 [Pipeline]     Best XL: TEOS (BE=-3.28)
2026-08-31 18:38:59,656 [Pipeline]     NSGA_17_CETES ΔΔG=+1.81 kcal/mol, penalty=1.40 → obj=-1.398
2026-08-31 18:38:59,657 [Pipeline]   NSGA[17]: ['CETES', 'APBA', 'TTMS', 'FPBA', 'IBTES', 'PTES'] → aff=-4.06, sel=0.29, synth=9.2/10, ΔΔG=+1.81
2026-08-31 18:38:59,689 [Pipeline] Custom AD4 parameters (B, Si) written: /home/chan/Research/Monomer_screening_in_Bio/results/phase3/CD9/NSGA_18_FPBA/step0_FPBA/AD4_parameters_custom.dat
2026-08-31 18:38:59,689 [Pipeline] GPF written → /home/chan/Research/Monomer_screening_in_Bio/results/phase3/CD9/NSGA_18_FPBA/step0_FPBA/CD9_receptor_FPBA.gpf
2026-08-31 18:39:01,982 [Pipeline] DPF written → /home/chan/Research/Monomer_screening_in_Bio/results/phase3/CD9/NSGA_18_FPBA/step0_FPBA/CD9_receptor_FPBA.dpf
2026-08-31 18:39:01,983 [Pipeline] AutoDock-GPU settings not transferable from DPF: parameter_file: AD-GPU ignores it. Receptor-side Si/B parameters reach the run only through the AutoGrid maps; ligand-internal ones only through --modpair (applied) | ls_search_freq / set_psw1 / sw_*: AD-GPU uses ADADELTA local search at 100% rate; the DPF's Solis-Wets block does not apply and the GPU search protocol is NOT identical to AD4 CPU | ga_num_evals is a CEILING on the GPU: --autostop 1 ends a run on convergence, so the DLG's 'evaluations performed' is normally well below the configured budget
2026-08-31 18:39:03,390 [Pipeline] AutoDock-GPU completed: CD9_receptor_FPBA.dlg (seed (20260812, 1964201909, 1968937029))
2026-08-31 18:39:03,391 [Pipeline] Parsed 25 clusters from CD9_receptor_FPBA.dlg
2026-08-31 18:39:03,393 [Pipeline] Parsed 25 clusters from CD9_receptor_FPBA.dlg
2026-08-31 18:39:03,395 [Pipeline] Parsed 25 clusters from CD9_receptor_FPBA.dlg
2026-08-31 18:39:03,396 [Pipeline] Merged receptor+ligand → /home/chan/Research/Monomer_screening_in_Bio/results/phase3/CD9/NSGA_18_FPBA/receptor_step0.pdb
2026-08-31 18:39:03,979 [Pipeline] Receptor PDBQT [ADFR prepare_receptor4 (python2.7)] → /home/chan/Research/Monomer_screening_in_Bio/results/phase3/CD9/NSGA_18_FPBA/receptor_step0.pdbqt
2026-08-31 18:39:03,981 [Pipeline]   charge check skipped (indeterminate: non-standard residues ['UNL']); net=-0.971 e
2026-08-31 18:39:03,984 [Pipeline] Custom AD4 parameters (B, Si) written: /home/chan/Research/Monomer_screening_in_Bio/results/phase3/CD9/NSGA_18_FPBA/step1_APBA/AD4_parameters_custom.dat
2026-08-31 18:39:03,984 [Pipeline] GPF written → /home/chan/Research/Monomer_screening_in_Bio/results/phase3/CD9/NSGA_18_FPBA/step1_APBA/receptor_step0_APBA.gpf
2026-08-31 18:39:06,354 [Pipeline] DPF written → /home/chan/Research/Monomer_screening_in_Bio/results/phase3/CD9/NSGA_18_FPBA/step1_APBA/receptor_step0_APBA.dpf
2026-08-31 18:39:06,355 [Pipeline] AutoDock-GPU settings not transferable from DPF: parameter_file: AD-GPU ignores it. Receptor-side Si/B parameters reach the run only through the AutoGrid maps; ligand-internal ones only through --modpair (applied) | ls_search_freq / set_psw1 / sw_*: AD-GPU uses ADADELTA local search at 100% rate; the DPF's Solis-Wets block does not apply and the GPU search protocol is NOT identical to AD4 CPU | ga_num_evals is a CEILING on the GPU: --autostop 1 ends a run on convergence, so the DLG's 'evaluations performed' is normally well below the configured budget
2026-08-31 18:39:07,842 [Pipeline] AutoDock-GPU completed: receptor_step0_APBA.dlg (seed (20260812, 1559272050, 1593501066))
2026-08-31 18:39:07,843 [Pipeline] Parsed 25 clusters from receptor_step0_APBA.dlg
2026-08-31 18:39:07,844 [Pipeline] Parsed 25 clusters from receptor_step0_APBA.dlg
2026-08-31 18:39:07,845 [Pipeline] Parsed 25 clusters from receptor_step0_APBA.dlg
2026-08-31 18:39:07,881 [Pipeline] Merged receptor+ligand → /home/chan/Research/Monomer_screening_in_Bio/results/phase3/CD9/NSGA_18_FPBA/receptor_step1.pdb
2026-08-31 18:39:08,473 [Pipeline] Receptor PDBQT [ADFR prepare_receptor4 (python2.7)] → /home/chan/Research/Monomer_screening_in_Bio/results/phase3/CD9/NSGA_18_FPBA/receptor_step1.pdbqt
2026-08-31 18:39:08,475 [Pipeline]   charge check skipped (indeterminate: non-standard residues ['UNL']); net=-0.969 e
2026-08-31 18:39:08,478 [Pipeline] Custom AD4 parameters (B, Si) written: /home/chan/Research/Monomer_screening_in_Bio/results/phase3/CD9/NSGA_18_FPBA/step2_CETES/AD4_parameters_custom.dat
2026-08-31 18:39:08,479 [Pipeline] GPF written → /home/chan/Research/Monomer_screening_in_Bio/results/phase3/CD9/NSGA_18_FPBA/step2_CETES/receptor_step1_CETES.gpf
2026-08-31 18:39:10,857 [Pipeline] DPF written → /home/chan/Research/Monomer_screening_in_Bio/results/phase3/CD9/NSGA_18_FPBA/step2_CETES/receptor_step1_CETES.dpf
2026-08-31 18:39:10,857 [Pipeline] AutoDock-GPU settings not transferable from DPF: parameter_file: AD-GPU ignores it. Receptor-side Si/B parameters reach the run only through the AutoGrid maps; ligand-internal ones only through --modpair (applied) | ls_search_freq / set_psw1 / sw_*: AD-GPU uses ADADELTA local search at 100% rate; the DPF's Solis-Wets block does not apply and the GPU search protocol is NOT identical to AD4 CPU | ga_num_evals is a CEILING on the GPU: --autostop 1 ends a run on convergence, so the DLG's 'evaluations performed' is normally well below the configured budget
2026-08-31 18:39:12,370 [Pipeline] AutoDock-GPU completed: receptor_step1_CETES.dlg (seed (20260812, 1049973783, 1087740839))
2026-08-31 18:39:12,372 [Pipeline] Parsed 25 clusters from receptor_step1_CETES.dlg
2026-08-31 18:39:12,373 [Pipeline] Parsed 25 clusters from receptor_step1_CETES.dlg
2026-08-31 18:39:12,377 [Pipeline] Parsed 25 clusters from receptor_step1_CETES.dlg
2026-08-31 18:39:12,380 [Pipeline] Merged receptor+ligand → /home/chan/Research/Monomer_screening_in_Bio/results/phase3/CD9/NSGA_18_FPBA/receptor_step2.pdb
2026-08-31 18:39:12,974 [Pipeline] Receptor PDBQT [ADFR prepare_receptor4 (python2.7)] → /home/chan/Research/Monomer_screening_in_Bio/results/phase3/CD9/NSGA_18_FPBA/receptor_step2.pdbqt
2026-08-31 18:39:12,975 [Pipeline]   charge check skipped (indeterminate: non-standard residues ['UNL']); net=-0.968 e
2026-08-31 18:39:12,979 [Pipeline] Custom AD4 parameters (B, Si) written: /home/chan/Research/Monomer_screening_in_Bio/results/phase3/CD9/NSGA_18_FPBA/step3_TTMS/AD4_parameters_custom.dat
2026-08-31 18:39:12,979 [Pipeline] GPF written → /home/chan/Research/Monomer_screening_in_Bio/results/phase3/CD9/NSGA_18_FPBA/step3_TTMS/receptor_step2_TTMS.gpf
2026-08-31 18:39:15,391 [Pipeline] DPF written → /home/chan/Research/Monomer_screening_in_Bio/results/phase3/CD9/NSGA_18_FPBA/step3_TTMS/receptor_step2_TTMS.dpf
2026-08-31 18:39:15,392 [Pipeline] AutoDock-GPU settings not transferable from DPF: parameter_file: AD-GPU ignores it. Receptor-side Si/B parameters reach the run only through the AutoGrid maps; ligand-internal ones only through --modpair (applied) | ls_search_freq / set_psw1 / sw_*: AD-GPU uses ADADELTA local search at 100% rate; the DPF's Solis-Wets block does not apply and the GPU search protocol is NOT identical to AD4 CPU | ga_num_evals is a CEILING on the GPU: --autostop 1 ends a run on convergence, so the DLG's 'evaluations performed' is normally well below the configured budget
2026-08-31 18:39:16,628 [Pipeline] AutoDock-GPU completed: receptor_step2_TTMS.dlg (seed (20260812, 1821052748, 1861439564))
2026-08-31 18:39:16,629 [Pipeline] Parsed 25 clusters from receptor_step2_TTMS.dlg
2026-08-31 18:39:16,630 [Pipeline] Parsed 25 clusters from receptor_step2_TTMS.dlg
2026-08-31 18:39:16,630 [Pipeline] Parsed 25 clusters from receptor_step2_TTMS.dlg
2026-08-31 18:39:16,631 [Pipeline] Merged receptor+ligand → /home/chan/Research/Monomer_screening_in_Bio/results/phase3/CD9/NSGA_18_FPBA/receptor_step3.pdb
2026-08-31 18:39:17,193 [Pipeline] Receptor PDBQT [ADFR prepare_receptor4 (python2.7)] → /home/chan/Research/Monomer_screening_in_Bio/results/phase3/CD9/NSGA_18_FPBA/receptor_step3.pdbqt
2026-08-31 18:39:17,194 [Pipeline]   charge check skipped (indeterminate: non-standard residues ['UNL']); net=-0.968 e
2026-08-31 18:39:17,197 [Pipeline] Custom AD4 parameters (B, Si) written: /home/chan/Research/Monomer_screening_in_Bio/results/phase3/CD9/NSGA_18_FPBA/step4_IBTES/AD4_parameters_custom.dat
2026-08-31 18:39:17,198 [Pipeline] GPF written → /home/chan/Research/Monomer_screening_in_Bio/results/phase3/CD9/NSGA_18_FPBA/step4_IBTES/receptor_step3_IBTES.gpf
2026-08-31 18:39:19,546 [Pipeline] DPF written → /home/chan/Research/Monomer_screening_in_Bio/results/phase3/CD9/NSGA_18_FPBA/step4_IBTES/receptor_step3_IBTES.dpf
2026-08-31 18:39:19,546 [Pipeline] AutoDock-GPU settings not transferable from DPF: parameter_file: AD-GPU ignores it. Receptor-side Si/B parameters reach the run only through the AutoGrid maps; ligand-internal ones only through --modpair (applied) | ls_search_freq / set_psw1 / sw_*: AD-GPU uses ADADELTA local search at 100% rate; the DPF's Solis-Wets block does not apply and the GPU search protocol is NOT identical to AD4 CPU | ga_num_evals is a CEILING on the GPU: --autostop 1 ends a run on convergence, so the DLG's 'evaluations performed' is normally well below the configured budget
2026-08-31 18:39:20,684 [Pipeline] AutoDock-GPU completed: receptor_step3_IBTES.dlg (seed (20260812, 872205429, 872354693))
2026-08-31 18:39:20,686 [Pipeline] Parsed 25 clusters from receptor_step3_IBTES.dlg
2026-08-31 18:39:20,687 [Pipeline] Parsed 25 clusters from receptor_step3_IBTES.dlg
2026-08-31 18:39:20,689 [Pipeline] Parsed 25 clusters from receptor_step3_IBTES.dlg
2026-08-31 18:39:20,690 [Pipeline] Merged receptor+ligand → /home/chan/Research/Monomer_screening_in_Bio/results/phase3/CD9/NSGA_18_FPBA/receptor_step4.pdb
2026-08-31 18:39:21,241 [Pipeline] Receptor PDBQT [ADFR prepare_receptor4 (python2.7)] → /home/chan/Research/Monomer_screening_in_Bio/results/phase3/CD9/NSGA_18_FPBA/receptor_step4.pdbqt
2026-08-31 18:39:21,242 [Pipeline]   charge check skipped (indeterminate: non-standard residues ['UNL']); net=-0.969 e
2026-08-31 18:39:21,245 [Pipeline] Custom AD4 parameters (B, Si) written: /home/chan/Research/Monomer_screening_in_Bio/results/phase3/CD9/NSGA_18_FPBA/step5_TEOS/AD4_parameters_custom.dat
2026-08-31 18:39:21,245 [Pipeline] GPF written → /home/chan/Research/Monomer_screening_in_Bio/results/phase3/CD9/NSGA_18_FPBA/step5_TEOS/receptor_step4_TEOS.gpf
2026-08-31 18:39:23,585 [Pipeline] DPF written → /home/chan/Research/Monomer_screening_in_Bio/results/phase3/CD9/NSGA_18_FPBA/step5_TEOS/receptor_step4_TEOS.dpf
2026-08-31 18:39:23,585 [Pipeline] AutoDock-GPU settings not transferable from DPF: parameter_file: AD-GPU ignores it. Receptor-side Si/B parameters reach the run only through the AutoGrid maps; ligand-internal ones only through --modpair (applied) | ls_search_freq / set_psw1 / sw_*: AD-GPU uses ADADELTA local search at 100% rate; the DPF's Solis-Wets block does not apply and the GPU search protocol is NOT identical to AD4 CPU | ga_num_evals is a CEILING on the GPU: --autostop 1 ends a run on convergence, so the DLG's 'evaluations performed' is normally well below the configured budget
2026-08-31 18:39:24,755 [Pipeline] AutoDock-GPU completed: receptor_step4_TEOS.dlg (seed (20260812, 1270892758, 1277859558))
2026-08-31 18:39:24,756 [Pipeline] Parsed 25 clusters from receptor_step4_TEOS.dlg
2026-08-31 18:39:24,757 [Pipeline] Parsed 25 clusters from receptor_step4_TEOS.dlg
2026-08-31 18:39:24,758 [Pipeline] Parsed 25 clusters from receptor_step4_TEOS.dlg
2026-08-31 18:39:24,759 [Pipeline]     XL TEOS: BE=-3.03
2026-08-31 18:39:24,762 [Pipeline] Custom AD4 parameters (B, Si) written: /home/chan/Research/Monomer_screening_in_Bio/results/phase3/CD9/NSGA_18_FPBA/step5_TMOS/AD4_parameters_custom.dat
2026-08-31 18:39:24,762 [Pipeline] GPF written → /home/chan/Research/Monomer_screening_in_Bio/results/phase3/CD9/NSGA_18_FPBA/step5_TMOS/receptor_step4_TMOS.gpf
2026-08-31 18:39:25,656 [Pipeline] DPF written → /home/chan/Research/Monomer_screening_in_Bio/results/phase3/CD9/NSGA_18_FPBA/step5_TMOS/receptor_step4_TMOS.dpf
2026-08-31 18:39:25,657 [Pipeline] AutoDock-GPU settings not transferable from DPF: parameter_file: AD-GPU ignores it. Receptor-side Si/B parameters reach the run only through the AutoGrid maps; ligand-internal ones only through --modpair (applied) | ls_search_freq / set_psw1 / sw_*: AD-GPU uses ADADELTA local search at 100% rate; the DPF's Solis-Wets block does not apply and the GPU search protocol is NOT identical to AD4 CPU | ga_num_evals is a CEILING on the GPU: --autostop 1 ends a run on convergence, so the DLG's 'evaluations performed' is normally well below the configured budget
2026-08-31 18:39:26,925 [Pipeline] AutoDock-GPU completed: receptor_step4_TMOS.dlg (seed (20260812, 594624773, 595168917))
2026-08-31 18:39:26,926 [Pipeline] Parsed 25 clusters from receptor_step4_TMOS.dlg
2026-08-31 18:39:26,926 [Pipeline] Parsed 25 clusters from receptor_step4_TMOS.dlg
2026-08-31 18:39:26,927 [Pipeline] Parsed 25 clusters from receptor_step4_TMOS.dlg
2026-08-31 18:39:26,927 [Pipeline]     XL TMOS: BE=-3.04
2026-08-31 18:39:26,928 [Pipeline]     Best XL: TMOS (BE=-3.04)
2026-08-31 18:39:26,939 [Pipeline] Custom AD4 parameters (B, Si) written: /home/chan/Research/Monomer_screening_in_Bio/results/phase3/CD9/NSGA_18_FPBA/cross_CD63/step0_FPBA/AD4_parameters_custom.dat
2026-08-31 18:39:26,939 [Pipeline] GPF written → /home/chan/Research/Monomer_screening_in_Bio/results/phase3/CD9/NSGA_18_FPBA/cross_CD63/step0_FPBA/CD63_receptor_glyco_FPBA.gpf
2026-08-31 18:39:37,289 [Pipeline] DPF written → /home/chan/Research/Monomer_screening_in_Bio/results/phase3/CD9/NSGA_18_FPBA/cross_CD63/step0_FPBA/CD63_receptor_glyco_FPBA.dpf
2026-08-31 18:39:37,290 [Pipeline] AutoDock-GPU settings not transferable from DPF: parameter_file: AD-GPU ignores it. Receptor-side Si/B parameters reach the run only through the AutoGrid maps; ligand-internal ones only through --modpair (applied) | ls_search_freq / set_psw1 / sw_*: AD-GPU uses ADADELTA local search at 100% rate; the DPF's Solis-Wets block does not apply and the GPU search protocol is NOT identical to AD4 CPU | ga_num_evals is a CEILING on the GPU: --autostop 1 ends a run on convergence, so the DLG's 'evaluations performed' is normally well below the configured budget
2026-08-31 18:39:40,780 [Pipeline] AutoDock-GPU completed: CD63_receptor_glyco_FPBA.dlg (seed (20260812, 329769312, 331869792))
2026-08-31 18:39:40,782 [Pipeline] Parsed 25 clusters from CD63_receptor_glyco_FPBA.dlg
2026-08-31 18:39:40,783 [Pipeline] Parsed 25 clusters from CD63_receptor_glyco_FPBA.dlg
2026-08-31 18:39:40,786 [Pipeline] Parsed 25 clusters from CD63_receptor_glyco_FPBA.dlg
2026-08-31 18:39:40,788 [Pipeline] Merged receptor+ligand → /home/chan/Research/Monomer_screening_in_Bio/results/phase3/CD9/NSGA_18_FPBA/cross_CD63/receptor_step0.pdb
2026-08-31 18:39:41,523 [Pipeline] Receptor PDBQT [ADFR prepare_receptor4 (python2.7)] → /home/chan/Research/Monomer_screening_in_Bio/results/phase3/CD9/NSGA_18_FPBA/cross_CD63/receptor_step0.pdbqt
2026-08-31 18:39:41,524 [Pipeline]   charge check skipped (indeterminate: non-standard residues ['UNL']); net=+2.023 e
2026-08-31 18:39:41,527 [Pipeline] Custom AD4 parameters (B, Si) written: /home/chan/Research/Monomer_screening_in_Bio/results/phase3/CD9/NSGA_18_FPBA/cross_CD63/step1_APBA/AD4_parameters_custom.dat
2026-08-31 18:39:41,527 [Pipeline] GPF written → /home/chan/Research/Monomer_screening_in_Bio/results/phase3/CD9/NSGA_18_FPBA/cross_CD63/step1_APBA/receptor_step0_APBA.gpf
2026-08-31 18:39:50,816 [Pipeline] DPF written → /home/chan/Research/Monomer_screening_in_Bio/results/phase3/CD9/NSGA_18_FPBA/cross_CD63/step1_APBA/receptor_step0_APBA.dpf
2026-08-31 18:39:50,817 [Pipeline] AutoDock-GPU settings not transferable from DPF: parameter_file: AD-GPU ignores it. Receptor-side Si/B parameters reach the run only through the AutoGrid maps; ligand-internal ones only through --modpair (applied) | ls_search_freq / set_psw1 / sw_*: AD-GPU uses ADADELTA local search at 100% rate; the DPF's Solis-Wets block does not apply and the GPU search protocol is NOT identical to AD4 CPU | ga_num_evals is a CEILING on the GPU: --autostop 1 ends a run on convergence, so the DLG's 'evaluations performed' is normally well below the configured budget
2026-08-31 18:39:54,211 [Pipeline] AutoDock-GPU completed: receptor_step0_APBA.dlg (seed (20260812, 1559272050, 1593501066))
2026-08-31 18:39:54,213 [Pipeline] Parsed 25 clusters from receptor_step0_APBA.dlg
2026-08-31 18:39:54,214 [Pipeline] Parsed 25 clusters from receptor_step0_APBA.dlg
2026-08-31 18:39:54,216 [Pipeline] Parsed 25 clusters from receptor_step0_APBA.dlg
2026-08-31 18:39:54,218 [Pipeline] Merged receptor+ligand → /home/chan/Research/Monomer_screening_in_Bio/results/phase3/CD9/NSGA_18_FPBA/cross_CD63/receptor_step1.pdb
2026-08-31 18:39:54,946 [Pipeline] Receptor PDBQT [ADFR prepare_receptor4 (python2.7)] → /home/chan/Research/Monomer_screening_in_Bio/results/phase3/CD9/NSGA_18_FPBA/cross_CD63/receptor_step1.pdbqt
2026-08-31 18:39:54,948 [Pipeline]   charge check skipped (indeterminate: non-standard residues ['UNL']); net=+2.025 e
2026-08-31 18:39:54,952 [Pipeline] Custom AD4 parameters (B, Si) written: /home/chan/Research/Monomer_screening_in_Bio/results/phase3/CD9/NSGA_18_FPBA/cross_CD63/step2_CETES/AD4_parameters_custom.dat
2026-08-31 18:39:54,953 [Pipeline] GPF written → /home/chan/Research/Monomer_screening_in_Bio/results/phase3/CD9/NSGA_18_FPBA/cross_CD63/step2_CETES/receptor_step1_CETES.gpf
2026-08-31 18:40:03,589 [Pipeline] DPF written → /home/chan/Research/Monomer_screening_in_Bio/results/phase3/CD9/NSGA_18_FPBA/cross_CD63/step2_CETES/receptor_step1_CETES.dpf
2026-08-31 18:40:03,589 [Pipeline] AutoDock-GPU settings not transferable from DPF: parameter_file: AD-GPU ignores it. Receptor-side Si/B parameters reach the run only through the AutoGrid maps; ligand-internal ones only through --modpair (applied) | ls_search_freq / set_psw1 / sw_*: AD-GPU uses ADADELTA local search at 100% rate; the DPF's Solis-Wets block does not apply and the GPU search protocol is NOT identical to AD4 CPU | ga_num_evals is a CEILING on the GPU: --autostop 1 ends a run on convergence, so the DLG's 'evaluations performed' is normally well below the configured budget
2026-08-31 18:40:07,130 [Pipeline] AutoDock-GPU completed: receptor_step1_CETES.dlg (seed (20260812, 1049973783, 1087740839))
2026-08-31 18:40:07,131 [Pipeline] Parsed 25 clusters from receptor_step1_CETES.dlg
2026-08-31 18:40:07,132 [Pipeline] Parsed 25 clusters from receptor_step1_CETES.dlg
2026-08-31 18:40:07,134 [Pipeline] Parsed 25 clusters from receptor_step1_CETES.dlg
2026-08-31 18:40:07,135 [Pipeline] Merged receptor+ligand → /home/chan/Research/Monomer_screening_in_Bio/results/phase3/CD9/NSGA_18_FPBA/cross_CD63/receptor_step2.pdb
2026-08-31 18:40:07,857 [Pipeline] Receptor PDBQT [ADFR prepare_receptor4 (python2.7)] → /home/chan/Research/Monomer_screening_in_Bio/results/phase3/CD9/NSGA_18_FPBA/cross_CD63/receptor_step2.pdbqt
2026-08-31 18:40:07,859 [Pipeline]   charge check skipped (indeterminate: non-standard residues ['UNL']); net=+2.026 e
2026-08-31 18:40:07,863 [Pipeline] Custom AD4 parameters (B, Si) written: /home/chan/Research/Monomer_screening_in_Bio/results/phase3/CD9/NSGA_18_FPBA/cross_CD63/step3_TTMS/AD4_parameters_custom.dat
2026-08-31 18:40:07,863 [Pipeline] GPF written → /home/chan/Research/Monomer_screening_in_Bio/results/phase3/CD9/NSGA_18_FPBA/cross_CD63/step3_TTMS/receptor_step2_TTMS.gpf
2026-08-31 18:40:17,037 [Pipeline] DPF written → /home/chan/Research/Monomer_screening_in_Bio/results/phase3/CD9/NSGA_18_FPBA/cross_CD63/step3_TTMS/receptor_step2_TTMS.dpf
2026-08-31 18:40:17,038 [Pipeline] AutoDock-GPU settings not transferable from DPF: parameter_file: AD-GPU ignores it. Receptor-side Si/B parameters reach the run only through the AutoGrid maps; ligand-internal ones only through --modpair (applied) | ls_search_freq / set_psw1 / sw_*: AD-GPU uses ADADELTA local search at 100% rate; the DPF's Solis-Wets block does not apply and the GPU search protocol is NOT identical to AD4 CPU | ga_num_evals is a CEILING on the GPU: --autostop 1 ends a run on convergence, so the DLG's 'evaluations performed' is normally well below the configured budget
2026-08-31 18:40:19,696 [Pipeline] AutoDock-GPU completed: receptor_step2_TTMS.dlg (seed (20260812, 1821052748, 1861439564))
2026-08-31 18:40:19,697 [Pipeline] Parsed 25 clusters from receptor_step2_TTMS.dlg
2026-08-31 18:40:19,698 [Pipeline] Parsed 25 clusters from receptor_step2_TTMS.dlg
2026-08-31 18:40:19,699 [Pipeline] Parsed 25 clusters from receptor_step2_TTMS.dlg
2026-08-31 18:40:19,700 [Pipeline] Merged receptor+ligand → /home/chan/Research/Monomer_screening_in_Bio/results/phase3/CD9/NSGA_18_FPBA/cross_CD63/receptor_step3.pdb
2026-08-31 18:40:20,204 [Pipeline] Receptor PDBQT [ADFR prepare_receptor4 (python2.7)] → /home/chan/Research/Monomer_screening_in_Bio/results/phase3/CD9/NSGA_18_FPBA/cross_CD63/receptor_step3.pdbqt
2026-08-31 18:40:20,205 [Pipeline]   charge check skipped (indeterminate: non-standard residues ['UNL']); net=+2.026 e
2026-08-31 18:40:20,210 [Pipeline] Custom AD4 parameters (B, Si) written: /home/chan/Research/Monomer_screening_in_Bio/results/phase3/CD9/NSGA_18_FPBA/cross_CD63/step4_IBTES/AD4_parameters_custom.dat
2026-08-31 18:40:20,210 [Pipeline] GPF written → /home/chan/Research/Monomer_screening_in_Bio/results/phase3/CD9/NSGA_18_FPBA/cross_CD63/step4_IBTES/receptor_step3_IBTES.gpf
2026-08-31 18:40:26,725 [Pipeline] DPF written → /home/chan/Research/Monomer_screening_in_Bio/results/phase3/CD9/NSGA_18_FPBA/cross_CD63/step4_IBTES/receptor_step3_IBTES.dpf
2026-08-31 18:40:26,725 [Pipeline] AutoDock-GPU settings not transferable from DPF: parameter_file: AD-GPU ignores it. Receptor-side Si/B parameters reach the run only through the AutoGrid maps; ligand-internal ones only through --modpair (applied) | ls_search_freq / set_psw1 / sw_*: AD-GPU uses ADADELTA local search at 100% rate; the DPF's Solis-Wets block does not apply and the GPU search protocol is NOT identical to AD4 CPU | ga_num_evals is a CEILING on the GPU: --autostop 1 ends a run on convergence, so the DLG's 'evaluations performed' is normally well below the configured budget
2026-08-31 18:40:28,932 [Pipeline] AutoDock-GPU completed: receptor_step3_IBTES.dlg (seed (20260812, 872205429, 872354693))
2026-08-31 18:40:28,934 [Pipeline] Parsed 25 clusters from receptor_step3_IBTES.dlg
2026-08-31 18:40:28,936 [Pipeline] Parsed 25 clusters from receptor_step3_IBTES.dlg
2026-08-31 18:40:28,937 [Pipeline] Parsed 25 clusters from receptor_step3_IBTES.dlg
2026-08-31 18:40:28,939 [Pipeline] Merged receptor+ligand → /home/chan/Research/Monomer_screening_in_Bio/results/phase3/CD9/NSGA_18_FPBA/cross_CD63/receptor_step4.pdb
2026-08-31 18:40:29,389 [Pipeline] Receptor PDBQT [ADFR prepare_receptor4 (python2.7)] → /home/chan/Research/Monomer_screening_in_Bio/results/phase3/CD9/NSGA_18_FPBA/cross_CD63/receptor_step4.pdbqt
2026-08-31 18:40:29,390 [Pipeline]   charge check skipped (indeterminate: non-standard residues ['UNL']); net=+2.025 e
2026-08-31 18:40:29,393 [Pipeline] Custom AD4 parameters (B, Si) written: /home/chan/Research/Monomer_screening_in_Bio/results/phase3/CD9/NSGA_18_FPBA/cross_CD63/step5_TEOS/AD4_parameters_custom.dat
2026-08-31 18:40:29,393 [Pipeline] GPF written → /home/chan/Research/Monomer_screening_in_Bio/results/phase3/CD9/NSGA_18_FPBA/cross_CD63/step5_TEOS/receptor_step4_TEOS.gpf
2026-08-31 18:40:37,543 [Pipeline] DPF written → /home/chan/Research/Monomer_screening_in_Bio/results/phase3/CD9/NSGA_18_FPBA/cross_CD63/step5_TEOS/receptor_step4_TEOS.dpf
2026-08-31 18:40:37,543 [Pipeline] AutoDock-GPU settings not transferable from DPF: parameter_file: AD-GPU ignores it. Receptor-side Si/B parameters reach the run only through the AutoGrid maps; ligand-internal ones only through --modpair (applied) | ls_search_freq / set_psw1 / sw_*: AD-GPU uses ADADELTA local search at 100% rate; the DPF's Solis-Wets block does not apply and the GPU search protocol is NOT identical to AD4 CPU | ga_num_evals is a CEILING on the GPU: --autostop 1 ends a run on convergence, so the DLG's 'evaluations performed' is normally well below the configured budget
2026-08-31 18:40:39,661 [Pipeline] AutoDock-GPU completed: receptor_step4_TEOS.dlg (seed (20260812, 1270892758, 1277859558))
2026-08-31 18:40:39,662 [Pipeline] Parsed 25 clusters from receptor_step4_TEOS.dlg
2026-08-31 18:40:39,663 [Pipeline] Parsed 25 clusters from receptor_step4_TEOS.dlg
2026-08-31 18:40:39,664 [Pipeline] Parsed 25 clusters from receptor_step4_TEOS.dlg
2026-08-31 18:40:39,664 [Pipeline]     XL TEOS: BE=-3.10
2026-08-31 18:40:39,667 [Pipeline] Custom AD4 parameters (B, Si) written: /home/chan/Research/Monomer_screening_in_Bio/results/phase3/CD9/NSGA_18_FPBA/cross_CD63/step5_TMOS/AD4_parameters_custom.dat
2026-08-31 18:40:39,667 [Pipeline] GPF written → /home/chan/Research/Monomer_screening_in_Bio/results/phase3/CD9/NSGA_18_FPBA/cross_CD63/step5_TMOS/receptor_step4_TMOS.gpf
2026-08-31 18:40:47,945 [Pipeline] DPF written → /home/chan/Research/Monomer_screening_in_Bio/results/phase3/CD9/NSGA_18_FPBA/cross_CD63/step5_TMOS/receptor_step4_TMOS.dpf
2026-08-31 18:40:47,945 [Pipeline] AutoDock-GPU settings not transferable from DPF: parameter_file: AD-GPU ignores it. Receptor-side Si/B parameters reach the run only through the AutoGrid maps; ligand-internal ones only through --modpair (applied) | ls_search_freq / set_psw1 / sw_*: AD-GPU uses ADADELTA local search at 100% rate; the DPF's Solis-Wets block does not apply and the GPU search protocol is NOT identical to AD4 CPU | ga_num_evals is a CEILING on the GPU: --autostop 1 ends a run on convergence, so the DLG's 'evaluations performed' is normally well below the configured budget
2026-08-31 18:40:50,001 [Pipeline] AutoDock-GPU completed: receptor_step4_TMOS.dlg (seed (20260812, 594624773, 595168917))
2026-08-31 18:40:50,001 [Pipeline] Parsed 25 clusters from receptor_step4_TMOS.dlg
2026-08-31 18:40:50,002 [Pipeline] Parsed 25 clusters from receptor_step4_TMOS.dlg
2026-08-31 18:40:50,003 [Pipeline] Parsed 25 clusters from receptor_step4_TMOS.dlg
2026-08-31 18:40:50,003 [Pipeline]     XL TMOS: BE=-2.89
2026-08-31 18:40:50,003 [Pipeline]     Best XL: TEOS (BE=-3.10)
2026-08-31 18:40:50,006 [Pipeline] Custom AD4 parameters (B, Si) written: /home/chan/Research/Monomer_screening_in_Bio/results/phase3/CD9/NSGA_18_FPBA/cross_CD81/step0_FPBA/AD4_parameters_custom.dat
2026-08-31 18:40:50,006 [Pipeline] GPF written → /home/chan/Research/Monomer_screening_in_Bio/results/phase3/CD9/NSGA_18_FPBA/cross_CD81/step0_FPBA/CD81_receptor_FPBA.gpf
2026-08-31 18:40:52,143 [Pipeline] DPF written → /home/chan/Research/Monomer_screening_in_Bio/results/phase3/CD9/NSGA_18_FPBA/cross_CD81/step0_FPBA/CD81_receptor_FPBA.dpf
2026-08-31 18:40:52,144 [Pipeline] AutoDock-GPU settings not transferable from DPF: parameter_file: AD-GPU ignores it. Receptor-side Si/B parameters reach the run only through the AutoGrid maps; ligand-internal ones only through --modpair (applied) | ls_search_freq / set_psw1 / sw_*: AD-GPU uses ADADELTA local search at 100% rate; the DPF's Solis-Wets block does not apply and the GPU search protocol is NOT identical to AD4 CPU | ga_num_evals is a CEILING on the GPU: --autostop 1 ends a run on convergence, so the DLG's 'evaluations performed' is normally well below the configured budget
2026-08-31 18:40:53,274 [Pipeline] AutoDock-GPU completed: CD81_receptor_FPBA.dlg (seed (20260812, 1063573366, 1065818246))
2026-08-31 18:40:53,275 [Pipeline] Parsed 25 clusters from CD81_receptor_FPBA.dlg
2026-08-31 18:40:53,276 [Pipeline] Parsed 25 clusters from CD81_receptor_FPBA.dlg
2026-08-31 18:40:53,277 [Pipeline] Parsed 25 clusters from CD81_receptor_FPBA.dlg
2026-08-31 18:40:53,277 [Pipeline] Merged receptor+ligand → /home/chan/Research/Monomer_screening_in_Bio/results/phase3/CD9/NSGA_18_FPBA/cross_CD81/receptor_step0.pdb
2026-08-31 18:40:53,602 [Pipeline] Receptor PDBQT [ADFR prepare_receptor4 (python2.7)] → /home/chan/Research/Monomer_screening_in_Bio/results/phase3/CD9/NSGA_18_FPBA/cross_CD81/receptor_step0.pdbqt
2026-08-31 18:40:53,602 [Pipeline]   charge check skipped (indeterminate: non-standard residues ['UNL']); net=-1.964 e
2026-08-31 18:40:53,604 [Pipeline] Custom AD4 parameters (B, Si) written: /home/chan/Research/Monomer_screening_in_Bio/results/phase3/CD9/NSGA_18_FPBA/cross_CD81/step1_APBA/AD4_parameters_custom.dat
2026-08-31 18:40:53,605 [Pipeline] GPF written → /home/chan/Research/Monomer_screening_in_Bio/results/phase3/CD9/NSGA_18_FPBA/cross_CD81/step1_APBA/receptor_step0_APBA.gpf
2026-08-31 18:40:55,779 [Pipeline] DPF written → /home/chan/Research/Monomer_screening_in_Bio/results/phase3/CD9/NSGA_18_FPBA/cross_CD81/step1_APBA/receptor_step0_APBA.dpf
2026-08-31 18:40:55,780 [Pipeline] AutoDock-GPU settings not transferable from DPF: parameter_file: AD-GPU ignores it. Receptor-side Si/B parameters reach the run only through the AutoGrid maps; ligand-internal ones only through --modpair (applied) | ls_search_freq / set_psw1 / sw_*: AD-GPU uses ADADELTA local search at 100% rate; the DPF's Solis-Wets block does not apply and the GPU search protocol is NOT identical to AD4 CPU | ga_num_evals is a CEILING on the GPU: --autostop 1 ends a run on convergence, so the DLG's 'evaluations performed' is normally well below the configured budget
2026-08-31 18:40:56,992 [Pipeline] AutoDock-GPU completed: receptor_step0_APBA.dlg (seed (20260812, 1559272050, 1593501066))
2026-08-31 18:40:56,993 [Pipeline] Parsed 25 clusters from receptor_step0_APBA.dlg
2026-08-31 18:40:56,994 [Pipeline] Parsed 25 clusters from receptor_step0_APBA.dlg
2026-08-31 18:40:56,995 [Pipeline] Parsed 25 clusters from receptor_step0_APBA.dlg
2026-08-31 18:40:56,995 [Pipeline] Merged receptor+ligand → /home/chan/Research/Monomer_screening_in_Bio/results/phase3/CD9/NSGA_18_FPBA/cross_CD81/receptor_step1.pdb
2026-08-31 18:40:57,319 [Pipeline] Receptor PDBQT [ADFR prepare_receptor4 (python2.7)] → /home/chan/Research/Monomer_screening_in_Bio/results/phase3/CD9/NSGA_18_FPBA/cross_CD81/receptor_step1.pdbqt
2026-08-31 18:40:57,320 [Pipeline]   charge check skipped (indeterminate: non-standard residues ['UNL']); net=-1.962 e
2026-08-31 18:40:57,324 [Pipeline] Custom AD4 parameters (B, Si) written: /home/chan/Research/Monomer_screening_in_Bio/results/phase3/CD9/NSGA_18_FPBA/cross_CD81/step2_CETES/AD4_parameters_custom.dat
2026-08-31 18:40:57,324 [Pipeline] GPF written → /home/chan/Research/Monomer_screening_in_Bio/results/phase3/CD9/NSGA_18_FPBA/cross_CD81/step2_CETES/receptor_step1_CETES.gpf
2026-08-31 18:40:58,226 [Pipeline] DPF written → /home/chan/Research/Monomer_screening_in_Bio/results/phase3/CD9/NSGA_18_FPBA/cross_CD81/step2_CETES/receptor_step1_CETES.dpf
2026-08-31 18:40:58,226 [Pipeline] AutoDock-GPU settings not transferable from DPF: parameter_file: AD-GPU ignores it. Receptor-side Si/B parameters reach the run only through the AutoGrid maps; ligand-internal ones only through --modpair (applied) | ls_search_freq / set_psw1 / sw_*: AD-GPU uses ADADELTA local search at 100% rate; the DPF's Solis-Wets block does not apply and the GPU search protocol is NOT identical to AD4 CPU | ga_num_evals is a CEILING on the GPU: --autostop 1 ends a run on convergence, so the DLG's 'evaluations performed' is normally well below the configured budget
2026-08-31 18:40:59,662 [Pipeline] AutoDock-GPU completed: receptor_step1_CETES.dlg (seed (20260812, 1049973783, 1087740839))
2026-08-31 18:40:59,664 [Pipeline] Parsed 25 clusters from receptor_step1_CETES.dlg
2026-08-31 18:40:59,665 [Pipeline] Parsed 25 clusters from receptor_step1_CETES.dlg
2026-08-31 18:40:59,666 [Pipeline] Parsed 25 clusters from receptor_step1_CETES.dlg
2026-08-31 18:40:59,668 [Pipeline] Merged receptor+ligand → /home/chan/Research/Monomer_screening_in_Bio/results/phase3/CD9/NSGA_18_FPBA/cross_CD81/receptor_step2.pdb
2026-08-31 18:41:00,022 [Pipeline] Receptor PDBQT [ADFR prepare_receptor4 (python2.7)] → /home/chan/Research/Monomer_screening_in_Bio/results/phase3/CD9/NSGA_18_FPBA/cross_CD81/receptor_step2.pdbqt
2026-08-31 18:41:00,023 [Pipeline]   charge check skipped (indeterminate: non-standard residues ['UNL']); net=-1.961 e
2026-08-31 18:41:00,026 [Pipeline] Custom AD4 parameters (B, Si) written: /home/chan/Research/Monomer_screening_in_Bio/results/phase3/CD9/NSGA_18_FPBA/cross_CD81/step3_TTMS/AD4_parameters_custom.dat
2026-08-31 18:41:00,026 [Pipeline] GPF written → /home/chan/Research/Monomer_screening_in_Bio/results/phase3/CD9/NSGA_18_FPBA/cross_CD81/step3_TTMS/receptor_step2_TTMS.gpf
2026-08-31 18:41:02,200 [Pipeline] DPF written → /home/chan/Research/Monomer_screening_in_Bio/results/phase3/CD9/NSGA_18_FPBA/cross_CD81/step3_TTMS/receptor_step2_TTMS.dpf
2026-08-31 18:41:02,201 [Pipeline] AutoDock-GPU settings not transferable from DPF: parameter_file: AD-GPU ignores it. Receptor-side Si/B parameters reach the run only through the AutoGrid maps; ligand-internal ones only through --modpair (applied) | ls_search_freq / set_psw1 / sw_*: AD-GPU uses ADADELTA local search at 100% rate; the DPF's Solis-Wets block does not apply and the GPU search protocol is NOT identical to AD4 CPU | ga_num_evals is a CEILING on the GPU: --autostop 1 ends a run on convergence, so the DLG's 'evaluations performed' is normally well below the configured budget
2026-08-31 18:41:03,391 [Pipeline] AutoDock-GPU completed: receptor_step2_TTMS.dlg (seed (20260812, 1821052748, 1861439564))
2026-08-31 18:41:03,392 [Pipeline] Parsed 25 clusters from receptor_step2_TTMS.dlg
2026-08-31 18:41:03,394 [Pipeline] Parsed 25 clusters from receptor_step2_TTMS.dlg
2026-08-31 18:41:03,395 [Pipeline] Parsed 25 clusters from receptor_step2_TTMS.dlg
2026-08-31 18:41:03,396 [Pipeline] Merged receptor+ligand → /home/chan/Research/Monomer_screening_in_Bio/results/phase3/CD9/NSGA_18_FPBA/cross_CD81/receptor_step3.pdb
2026-08-31 18:41:03,799 [Pipeline] Receptor PDBQT [ADFR prepare_receptor4 (python2.7)] → /home/chan/Research/Monomer_screening_in_Bio/results/phase3/CD9/NSGA_18_FPBA/cross_CD81/receptor_step3.pdbqt
2026-08-31 18:41:03,800 [Pipeline]   charge check skipped (indeterminate: non-standard residues ['UNL']); net=-1.961 e
2026-08-31 18:41:03,803 [Pipeline] Custom AD4 parameters (B, Si) written: /home/chan/Research/Monomer_screening_in_Bio/results/phase3/CD9/NSGA_18_FPBA/cross_CD81/step4_IBTES/AD4_parameters_custom.dat
2026-08-31 18:41:03,803 [Pipeline] GPF written → /home/chan/Research/Monomer_screening_in_Bio/results/phase3/CD9/NSGA_18_FPBA/cross_CD81/step4_IBTES/receptor_step3_IBTES.gpf
2026-08-31 18:41:05,959 [Pipeline] DPF written → /home/chan/Research/Monomer_screening_in_Bio/results/phase3/CD9/NSGA_18_FPBA/cross_CD81/step4_IBTES/receptor_step3_IBTES.dpf
2026-08-31 18:41:05,960 [Pipeline] AutoDock-GPU settings not transferable from DPF: parameter_file: AD-GPU ignores it. Receptor-side Si/B parameters reach the run only through the AutoGrid maps; ligand-internal ones only through --modpair (applied) | ls_search_freq / set_psw1 / sw_*: AD-GPU uses ADADELTA local search at 100% rate; the DPF's Solis-Wets block does not apply and the GPU search protocol is NOT identical to AD4 CPU | ga_num_evals is a CEILING on the GPU: --autostop 1 ends a run on convergence, so the DLG's 'evaluations performed' is normally well below the configured budget
2026-08-31 18:41:07,128 [Pipeline] AutoDock-GPU completed: receptor_step3_IBTES.dlg (seed (20260812, 872205429, 872354693))
2026-08-31 18:41:07,129 [Pipeline] Parsed 25 clusters from receptor_step3_IBTES.dlg
2026-08-31 18:41:07,130 [Pipeline] Parsed 25 clusters from receptor_step3_IBTES.dlg
2026-08-31 18:41:07,130 [Pipeline] Parsed 25 clusters from receptor_step3_IBTES.dlg
2026-08-31 18:41:07,131 [Pipeline] Merged receptor+ligand → /home/chan/Research/Monomer_screening_in_Bio/results/phase3/CD9/NSGA_18_FPBA/cross_CD81/receptor_step4.pdb
2026-08-31 18:41:07,447 [Pipeline] Receptor PDBQT [ADFR prepare_receptor4 (python2.7)] → /home/chan/Research/Monomer_screening_in_Bio/results/phase3/CD9/NSGA_18_FPBA/cross_CD81/receptor_step4.pdbqt
2026-08-31 18:41:07,448 [Pipeline]   charge check skipped (indeterminate: non-standard residues ['UNL']); net=-1.962 e
2026-08-31 18:41:07,450 [Pipeline] Custom AD4 parameters (B, Si) written: /home/chan/Research/Monomer_screening_in_Bio/results/phase3/CD9/NSGA_18_FPBA/cross_CD81/step5_TEOS/AD4_parameters_custom.dat
2026-08-31 18:41:07,450 [Pipeline] GPF written → /home/chan/Research/Monomer_screening_in_Bio/results/phase3/CD9/NSGA_18_FPBA/cross_CD81/step5_TEOS/receptor_step4_TEOS.gpf
2026-08-31 18:41:09,542 [Pipeline] DPF written → /home/chan/Research/Monomer_screening_in_Bio/results/phase3/CD9/NSGA_18_FPBA/cross_CD81/step5_TEOS/receptor_step4_TEOS.dpf
2026-08-31 18:41:09,542 [Pipeline] AutoDock-GPU settings not transferable from DPF: parameter_file: AD-GPU ignores it. Receptor-side Si/B parameters reach the run only through the AutoGrid maps; ligand-internal ones only through --modpair (applied) | ls_search_freq / set_psw1 / sw_*: AD-GPU uses ADADELTA local search at 100% rate; the DPF's Solis-Wets block does not apply and the GPU search protocol is NOT identical to AD4 CPU | ga_num_evals is a CEILING on the GPU: --autostop 1 ends a run on convergence, so the DLG's 'evaluations performed' is normally well below the configured budget
2026-08-31 18:41:10,637 [Pipeline] AutoDock-GPU completed: receptor_step4_TEOS.dlg (seed (20260812, 1270892758, 1277859558))
2026-08-31 18:41:10,639 [Pipeline] Parsed 25 clusters from receptor_step4_TEOS.dlg
2026-08-31 18:41:10,640 [Pipeline] Parsed 25 clusters from receptor_step4_TEOS.dlg
2026-08-31 18:41:10,642 [Pipeline] Parsed 25 clusters from receptor_step4_TEOS.dlg
2026-08-31 18:41:10,642 [Pipeline]     XL TEOS: BE=-3.20
2026-08-31 18:41:10,646 [Pipeline] Custom AD4 parameters (B, Si) written: /home/chan/Research/Monomer_screening_in_Bio/results/phase3/CD9/NSGA_18_FPBA/cross_CD81/step5_TMOS/AD4_parameters_custom.dat
2026-08-31 18:41:10,646 [Pipeline] GPF written → /home/chan/Research/Monomer_screening_in_Bio/results/phase3/CD9/NSGA_18_FPBA/cross_CD81/step5_TMOS/receptor_step4_TMOS.gpf
2026-08-31 18:41:12,818 [Pipeline] DPF written → /home/chan/Research/Monomer_screening_in_Bio/results/phase3/CD9/NSGA_18_FPBA/cross_CD81/step5_TMOS/receptor_step4_TMOS.dpf
2026-08-31 18:41:12,819 [Pipeline] AutoDock-GPU settings not transferable from DPF: parameter_file: AD-GPU ignores it. Receptor-side Si/B parameters reach the run only through the AutoGrid maps; ligand-internal ones only through --modpair (applied) | ls_search_freq / set_psw1 / sw_*: AD-GPU uses ADADELTA local search at 100% rate; the DPF's Solis-Wets block does not apply and the GPU search protocol is NOT identical to AD4 CPU | ga_num_evals is a CEILING on the GPU: --autostop 1 ends a run on convergence, so the DLG's 'evaluations performed' is normally well below the configured budget
2026-08-31 18:41:13,803 [Pipeline] AutoDock-GPU completed: receptor_step4_TMOS.dlg (seed (20260812, 594624773, 595168917))
2026-08-31 18:41:13,803 [Pipeline] Parsed 25 clusters from receptor_step4_TMOS.dlg
2026-08-31 18:41:13,804 [Pipeline] Parsed 25 clusters from receptor_step4_TMOS.dlg
2026-08-31 18:41:13,805 [Pipeline] Parsed 25 clusters from receptor_step4_TMOS.dlg
2026-08-31 18:41:13,805 [Pipeline]     XL TMOS: BE=-3.04
2026-08-31 18:41:13,805 [Pipeline]     Best XL: TEOS (BE=-3.20)
2026-08-31 18:41:13,805 [Pipeline]     NSGA_18_FPBA ΔΔG=+1.16 kcal/mol, penalty=1.08 → obj=-2.198
2026-08-31 18:41:13,806 [Pipeline]   NSGA[18]: ['FPBA', 'IBTES', 'CETES', 'APBA', 'TTMS'] → aff=-4.16, sel=0.29, synth=9.2/10, ΔΔG=+1.17
2026-08-31 18:41:13,809 [Pipeline] Custom AD4 parameters (B, Si) written: /home/chan/Research/Monomer_screening_in_Bio/results/phase3/CD9/NSGA_19_IBTES/step0_PTES/AD4_parameters_custom.dat
2026-08-31 18:41:13,809 [Pipeline] GPF written → /home/chan/Research/Monomer_screening_in_Bio/results/phase3/CD9/NSGA_19_IBTES/step0_PTES/CD9_receptor_PTES.gpf
2026-08-31 18:41:15,745 [Pipeline] DPF written → /home/chan/Research/Monomer_screening_in_Bio/results/phase3/CD9/NSGA_19_IBTES/step0_PTES/CD9_receptor_PTES.dpf
2026-08-31 18:41:15,745 [Pipeline] AutoDock-GPU settings not transferable from DPF: parameter_file: AD-GPU ignores it. Receptor-side Si/B parameters reach the run only through the AutoGrid maps; ligand-internal ones only through --modpair (applied) | ls_search_freq / set_psw1 / sw_*: AD-GPU uses ADADELTA local search at 100% rate; the DPF's Solis-Wets block does not apply and the GPU search protocol is NOT identical to AD4 CPU | ga_num_evals is a CEILING on the GPU: --autostop 1 ends a run on convergence, so the DLG's 'evaluations performed' is normally well below the configured budget
2026-08-31 18:41:17,108 [Pipeline] AutoDock-GPU completed: CD9_receptor_PTES.dlg (seed (20260812, 1558316793, 1594640641))
2026-08-31 18:41:17,110 [Pipeline] Parsed 25 clusters from CD9_receptor_PTES.dlg
2026-08-31 18:41:17,111 [Pipeline] Parsed 25 clusters from CD9_receptor_PTES.dlg
2026-08-31 18:41:17,113 [Pipeline] Parsed 25 clusters from CD9_receptor_PTES.dlg
2026-08-31 18:41:17,114 [Pipeline] Merged receptor+ligand → /home/chan/Research/Monomer_screening_in_Bio/results/phase3/CD9/NSGA_19_IBTES/receptor_step0.pdb
2026-08-31 18:41:17,458 [Pipeline] Receptor PDBQT [ADFR prepare_receptor4 (python2.7)] → /home/chan/Research/Monomer_screening_in_Bio/results/phase3/CD9/NSGA_19_IBTES/receptor_step0.pdbqt
2026-08-31 18:41:17,459 [Pipeline]   charge check skipped (indeterminate: non-standard residues ['UNL']); net=-0.972 e
2026-08-31 18:41:17,462 [Pipeline] Custom AD4 parameters (B, Si) written: /home/chan/Research/Monomer_screening_in_Bio/results/phase3/CD9/NSGA_19_IBTES/step1_TTMS/AD4_parameters_custom.dat
2026-08-31 18:41:17,463 [Pipeline] GPF written → /home/chan/Research/Monomer_screening_in_Bio/results/phase3/CD9/NSGA_19_IBTES/step1_TTMS/receptor_step0_TTMS.gpf
2026-08-31 18:41:19,578 [Pipeline] DPF written → /home/chan/Research/Monomer_screening_in_Bio/results/phase3/CD9/NSGA_19_IBTES/step1_TTMS/receptor_step0_TTMS.dpf
2026-08-31 18:41:19,578 [Pipeline] AutoDock-GPU settings not transferable from DPF: parameter_file: AD-GPU ignores it. Receptor-side Si/B parameters reach the run only through the AutoGrid maps; ligand-internal ones only through --modpair (applied) | ls_search_freq / set_psw1 / sw_*: AD-GPU uses ADADELTA local search at 100% rate; the DPF's Solis-Wets block does not apply and the GPU search protocol is NOT identical to AD4 CPU | ga_num_evals is a CEILING on the GPU: --autostop 1 ends a run on convergence, so the DLG's 'evaluations performed' is normally well below the configured budget
2026-08-31 18:41:20,613 [Pipeline] AutoDock-GPU completed: receptor_step0_TTMS.dlg (seed (20260812, 404614536, 442364440))
2026-08-31 18:41:20,614 [Pipeline] Parsed 25 clusters from receptor_step0_TTMS.dlg
2026-08-31 18:41:20,615 [Pipeline] Parsed 25 clusters from receptor_step0_TTMS.dlg
2026-08-31 18:41:20,616 [Pipeline] Parsed 25 clusters from receptor_step0_TTMS.dlg
2026-08-31 18:41:20,617 [Pipeline] Merged receptor+ligand → /home/chan/Research/Monomer_screening_in_Bio/results/phase3/CD9/NSGA_19_IBTES/receptor_step1.pdb
2026-08-31 18:41:21,033 [Pipeline] Receptor PDBQT [ADFR prepare_receptor4 (python2.7)] → /home/chan/Research/Monomer_screening_in_Bio/results/phase3/CD9/NSGA_19_IBTES/receptor_step1.pdbqt
2026-08-31 18:41:21,034 [Pipeline]   charge check skipped (indeterminate: non-standard residues ['UNL']); net=-0.972 e
2026-08-31 18:41:21,037 [Pipeline] Custom AD4 parameters (B, Si) written: /home/chan/Research/Monomer_screening_in_Bio/results/phase3/CD9/NSGA_19_IBTES/step2_IBTES/AD4_parameters_custom.dat
2026-08-31 18:41:21,037 [Pipeline] GPF written → /home/chan/Research/Monomer_screening_in_Bio/results/phase3/CD9/NSGA_19_IBTES/step2_IBTES/receptor_step1_IBTES.gpf
2026-08-31 18:41:23,005 [Pipeline] DPF written → /home/chan/Research/Monomer_screening_in_Bio/results/phase3/CD9/NSGA_19_IBTES/step2_IBTES/receptor_step1_IBTES.dpf
2026-08-31 18:41:23,006 [Pipeline] AutoDock-GPU settings not transferable from DPF: parameter_file: AD-GPU ignores it. Receptor-side Si/B parameters reach the run only through the AutoGrid maps; ligand-internal ones only through --modpair (applied) | ls_search_freq / set_psw1 / sw_*: AD-GPU uses ADADELTA local search at 100% rate; the DPF's Solis-Wets block does not apply and the GPU search protocol is NOT identical to AD4 CPU | ga_num_evals is a CEILING on the GPU: --autostop 1 ends a run on convergence, so the DLG's 'evaluations performed' is normally well below the configured budget
2026-08-31 18:41:24,082 [Pipeline] AutoDock-GPU completed: receptor_step1_IBTES.dlg (seed (20260812, 958535893, 961308389))
2026-08-31 18:41:24,083 [Pipeline] Parsed 25 clusters from receptor_step1_IBTES.dlg
2026-08-31 18:41:24,084 [Pipeline] Parsed 25 clusters from receptor_step1_IBTES.dlg
2026-08-31 18:41:24,085 [Pipeline] Parsed 25 clusters from receptor_step1_IBTES.dlg
2026-08-31 18:41:24,086 [Pipeline] Merged receptor+ligand → /home/chan/Research/Monomer_screening_in_Bio/results/phase3/CD9/NSGA_19_IBTES/receptor_step2.pdb
2026-08-31 18:41:24,403 [Pipeline] Receptor PDBQT [ADFR prepare_receptor4 (python2.7)] → /home/chan/Research/Monomer_screening_in_Bio/results/phase3/CD9/NSGA_19_IBTES/receptor_step2.pdbqt
2026-08-31 18:41:24,404 [Pipeline]   charge check skipped (indeterminate: non-standard residues ['UNL']); net=-0.973 e
2026-08-31 18:41:24,406 [Pipeline] Custom AD4 parameters (B, Si) written: /home/chan/Research/Monomer_screening_in_Bio/results/phase3/CD9/NSGA_19_IBTES/step3_TEOS/AD4_parameters_custom.dat
2026-08-31 18:41:24,406 [Pipeline] GPF written → /home/chan/Research/Monomer_screening_in_Bio/results/phase3/CD9/NSGA_19_IBTES/step3_TEOS/receptor_step2_TEOS.gpf
2026-08-31 18:41:26,282 [Pipeline] DPF written → /home/chan/Research/Monomer_screening_in_Bio/results/phase3/CD9/NSGA_19_IBTES/step3_TEOS/receptor_step2_TEOS.dpf
2026-08-31 18:41:26,283 [Pipeline] AutoDock-GPU settings not transferable from DPF: parameter_file: AD-GPU ignores it. Receptor-side Si/B parameters reach the run only through the AutoGrid maps; ligand-internal ones only through --modpair (applied) | ls_search_freq / set_psw1 / sw_*: AD-GPU uses ADADELTA local search at 100% rate; the DPF's Solis-Wets block does not apply and the GPU search protocol is NOT identical to AD4 CPU | ga_num_evals is a CEILING on the GPU: --autostop 1 ends a run on convergence, so the DLG's 'evaluations performed' is normally well below the configured budget
2026-08-31 18:41:27,301 [Pipeline] AutoDock-GPU completed: receptor_step2_TEOS.dlg (seed (20260812, 727588156, 731931324))
2026-08-31 18:41:27,302 [Pipeline] Parsed 25 clusters from receptor_step2_TEOS.dlg
2026-08-31 18:41:27,303 [Pipeline] Parsed 25 clusters from receptor_step2_TEOS.dlg
2026-08-31 18:41:27,304 [Pipeline] Parsed 25 clusters from receptor_step2_TEOS.dlg
2026-08-31 18:41:27,304 [Pipeline]     XL TEOS: BE=-3.42
2026-08-31 18:41:27,308 [Pipeline] Custom AD4 parameters (B, Si) written: /home/chan/Research/Monomer_screening_in_Bio/results/phase3/CD9/NSGA_19_IBTES/step3_TMOS/AD4_parameters_custom.dat
2026-08-31 18:41:27,308 [Pipeline] GPF written → /home/chan/Research/Monomer_screening_in_Bio/results/phase3/CD9/NSGA_19_IBTES/step3_TMOS/receptor_step2_TMOS.gpf
2026-08-31 18:41:29,349 [Pipeline] DPF written → /home/chan/Research/Monomer_screening_in_Bio/results/phase3/CD9/NSGA_19_IBTES/step3_TMOS/receptor_step2_TMOS.dpf
2026-08-31 18:41:29,349 [Pipeline] AutoDock-GPU settings not transferable from DPF: parameter_file: AD-GPU ignores it. Receptor-side Si/B parameters reach the run only through the AutoGrid maps; ligand-internal ones only through --modpair (applied) | ls_search_freq / set_psw1 / sw_*: AD-GPU uses ADADELTA local search at 100% rate; the DPF's Solis-Wets block does not apply and the GPU search protocol is NOT identical to AD4 CPU | ga_num_evals is a CEILING on the GPU: --autostop 1 ends a run on convergence, so the DLG's 'evaluations performed' is normally well below the configured budget
2026-08-31 18:41:28,931 [Pipeline] AutoDock-GPU completed: receptor_step2_TMOS.dlg (seed (20260812, 709148884, 749145836))
2026-08-31 18:41:28,932 [Pipeline] Parsed 25 clusters from receptor_step2_TMOS.dlg
2026-08-31 18:41:28,933 [Pipeline] Parsed 25 clusters from receptor_step2_TMOS.dlg
2026-08-31 18:41:28,934 [Pipeline] Parsed 25 clusters from receptor_step2_TMOS.dlg
2026-08-31 18:41:28,935 [Pipeline]     XL TMOS: BE=-3.36
2026-08-31 18:41:28,935 [Pipeline]     Best XL: TEOS (BE=-3.42)
2026-08-31 18:41:28,940 [Pipeline] Custom AD4 parameters (B, Si) written: /home/chan/Research/Monomer_screening_in_Bio/results/phase3/CD9/NSGA_19_IBTES/cross_CD63/step0_PTES/AD4_parameters_custom.dat
2026-08-31 18:41:28,940 [Pipeline] GPF written → /home/chan/Research/Monomer_screening_in_Bio/results/phase3/CD9/NSGA_19_IBTES/cross_CD63/step0_PTES/CD63_receptor_glyco_PTES.gpf
2026-08-31 18:41:38,684 [Pipeline] DPF written → /home/chan/Research/Monomer_screening_in_Bio/results/phase3/CD9/NSGA_19_IBTES/cross_CD63/step0_PTES/CD63_receptor_glyco_PTES.dpf
2026-08-31 18:41:38,685 [Pipeline] AutoDock-GPU settings not transferable from DPF: parameter_file: AD-GPU ignores it. Receptor-side Si/B parameters reach the run only through the AutoGrid maps; ligand-internal ones only through --modpair (applied) | ls_search_freq / set_psw1 / sw_*: AD-GPU uses ADADELTA local search at 100% rate; the DPF's Solis-Wets block does not apply and the GPU search protocol is NOT identical to AD4 CPU | ga_num_evals is a CEILING on the GPU: --autostop 1 ends a run on convergence, so the DLG's 'evaluations performed' is normally well below the configured budget
2026-08-31 18:41:41,265 [Pipeline] AutoDock-GPU completed: CD63_receptor_glyco_PTES.dlg (seed (20260812, 1588742746, 1622971746))
2026-08-31 18:41:41,266 [Pipeline] Parsed 25 clusters from CD63_receptor_glyco_PTES.dlg
2026-08-31 18:41:41,267 [Pipeline] Parsed 25 clusters from CD63_receptor_glyco_PTES.dlg
2026-08-31 18:41:41,267 [Pipeline] Parsed 25 clusters from CD63_receptor_glyco_PTES.dlg
2026-08-31 18:41:41,268 [Pipeline] Merged receptor+ligand → /home/chan/Research/Monomer_screening_in_Bio/results/phase3/CD9/NSGA_19_IBTES/cross_CD63/receptor_step0.pdb
2026-08-31 18:41:41,711 [Pipeline] Receptor PDBQT [ADFR prepare_receptor4 (python2.7)] → /home/chan/Research/Monomer_screening_in_Bio/results/phase3/CD9/NSGA_19_IBTES/cross_CD63/receptor_step0.pdbqt
2026-08-31 18:41:41,712 [Pipeline]   charge check skipped (indeterminate: non-standard residues ['UNL']); net=+2.022 e
2026-08-31 18:41:41,714 [Pipeline] Custom AD4 parameters (B, Si) written: /home/chan/Research/Monomer_screening_in_Bio/results/phase3/CD9/NSGA_19_IBTES/cross_CD63/step1_TTMS/AD4_parameters_custom.dat
2026-08-31 18:41:41,715 [Pipeline] GPF written → /home/chan/Research/Monomer_screening_in_Bio/results/phase3/CD9/NSGA_19_IBTES/cross_CD63/step1_TTMS/receptor_step0_TTMS.gpf
2026-08-31 18:41:49,479 [Pipeline] DPF written → /home/chan/Research/Monomer_screening_in_Bio/results/phase3/CD9/NSGA_19_IBTES/cross_CD63/step1_TTMS/receptor_step0_TTMS.dpf
2026-08-31 18:41:49,479 [Pipeline] AutoDock-GPU settings not transferable from DPF: parameter_file: AD-GPU ignores it. Receptor-side Si/B parameters reach the run only through the AutoGrid maps; ligand-internal ones only through --modpair (applied) | ls_search_freq / set_psw1 / sw_*: AD-GPU uses ADADELTA local search at 100% rate; the DPF's Solis-Wets block does not apply and the GPU search protocol is NOT identical to AD4 CPU | ga_num_evals is a CEILING on the GPU: --autostop 1 ends a run on convergence, so the DLG's 'evaluations performed' is normally well below the configured budget
2026-08-31 18:41:51,545 [Pipeline] AutoDock-GPU completed: receptor_step0_TTMS.dlg (seed (20260812, 404614536, 442364440))
2026-08-31 18:41:51,546 [Pipeline] Parsed 25 clusters from receptor_step0_TTMS.dlg
2026-08-31 18:41:51,547 [Pipeline] Parsed 25 clusters from receptor_step0_TTMS.dlg
2026-08-31 18:41:51,547 [Pipeline] Parsed 25 clusters from receptor_step0_TTMS.dlg
2026-08-31 18:41:51,549 [Pipeline] Merged receptor+ligand → /home/chan/Research/Monomer_screening_in_Bio/results/phase3/CD9/NSGA_19_IBTES/cross_CD63/receptor_step1.pdb
2026-08-31 18:41:51,803 [Pipeline] Receptor PDBQT [ADFR prepare_receptor4 (python2.7)] → /home/chan/Research/Monomer_screening_in_Bio/results/phase3/CD9/NSGA_19_IBTES/cross_CD63/receptor_step1.pdbqt
2026-08-31 18:41:51,804 [Pipeline]   charge check skipped (indeterminate: non-standard residues ['UNL']); net=+2.022 e
2026-08-31 18:41:51,806 [Pipeline] Custom AD4 parameters (B, Si) written: /home/chan/Research/Monomer_screening_in_Bio/results/phase3/CD9/NSGA_19_IBTES/cross_CD63/step2_IBTES/AD4_parameters_custom.dat
2026-08-31 18:41:51,806 [Pipeline] GPF written → /home/chan/Research/Monomer_screening_in_Bio/results/phase3/CD9/NSGA_19_IBTES/cross_CD63/step2_IBTES/receptor_step1_IBTES.gpf
2026-08-31 18:41:57,578 [Pipeline] DPF written → /home/chan/Research/Monomer_screening_in_Bio/results/phase3/CD9/NSGA_19_IBTES/cross_CD63/step2_IBTES/receptor_step1_IBTES.dpf
2026-08-31 18:41:57,578 [Pipeline] AutoDock-GPU settings not transferable from DPF: parameter_file: AD-GPU ignores it. Receptor-side Si/B parameters reach the run only through the AutoGrid maps; ligand-internal ones only through --modpair (applied) | ls_search_freq / set_psw1 / sw_*: AD-GPU uses ADADELTA local search at 100% rate; the DPF's Solis-Wets block does not apply and the GPU search protocol is NOT identical to AD4 CPU | ga_num_evals is a CEILING on the GPU: --autostop 1 ends a run on convergence, so the DLG's 'evaluations performed' is normally well below the configured budget
2026-08-31 18:41:59,444 [Pipeline] AutoDock-GPU completed: receptor_step1_IBTES.dlg (seed (20260812, 958535893, 961308389))
2026-08-31 18:41:59,445 [Pipeline] Parsed 25 clusters from receptor_step1_IBTES.dlg
2026-08-31 18:41:59,446 [Pipeline] Parsed 25 clusters from receptor_step1_IBTES.dlg
2026-08-31 18:41:59,446 [Pipeline] Parsed 25 clusters from receptor_step1_IBTES.dlg
2026-08-31 18:41:59,447 [Pipeline] Merged receptor+ligand → /home/chan/Research/Monomer_screening_in_Bio/results/phase3/CD9/NSGA_19_IBTES/cross_CD63/receptor_step2.pdb
2026-08-31 18:41:59,741 [Pipeline] Receptor PDBQT [ADFR prepare_receptor4 (python2.7)] → /home/chan/Research/Monomer_screening_in_Bio/results/phase3/CD9/NSGA_19_IBTES/cross_CD63/receptor_step2.pdbqt
2026-08-31 18:41:59,742 [Pipeline]   charge check skipped (indeterminate: non-standard residues ['UNL']); net=+2.021 e
2026-08-31 18:41:59,744 [Pipeline] Custom AD4 parameters (B, Si) written: /home/chan/Research/Monomer_screening_in_Bio/results/phase3/CD9/NSGA_19_IBTES/cross_CD63/step3_TEOS/AD4_parameters_custom.dat
2026-08-31 18:41:59,744 [Pipeline] GPF written → /home/chan/Research/Monomer_screening_in_Bio/results/phase3/CD9/NSGA_19_IBTES/cross_CD63/step3_TEOS/receptor_step2_TEOS.gpf
2026-08-31 18:42:04,196 [Pipeline] DPF written → /home/chan/Research/Monomer_screening_in_Bio/results/phase3/CD9/NSGA_19_IBTES/cross_CD63/step3_TEOS/receptor_step2_TEOS.dpf
2026-08-31 18:42:04,197 [Pipeline] AutoDock-GPU settings not transferable from DPF: parameter_file: AD-GPU ignores it. Receptor-side Si/B parameters reach the run only through the AutoGrid maps; ligand-internal ones only through --modpair (applied) | ls_search_freq / set_psw1 / sw_*: AD-GPU uses ADADELTA local search at 100% rate; the DPF's Solis-Wets block does not apply and the GPU search protocol is NOT identical to AD4 CPU | ga_num_evals is a CEILING on the GPU: --autostop 1 ends a run on convergence, so the DLG's 'evaluations performed' is normally well below the configured budget
2026-08-31 18:42:06,159 [Pipeline] AutoDock-GPU completed: receptor_step2_TEOS.dlg (seed (20260812, 727588156, 731931324))
2026-08-31 18:42:06,160 [Pipeline] Parsed 25 clusters from receptor_step2_TEOS.dlg
2026-08-31 18:42:06,161 [Pipeline] Parsed 25 clusters from receptor_step2_TEOS.dlg
2026-08-31 18:42:06,161 [Pipeline] Parsed 25 clusters from receptor_step2_TEOS.dlg
2026-08-31 18:42:06,162 [Pipeline]     XL TEOS: BE=-3.04
2026-08-31 18:42:06,164 [Pipeline] Custom AD4 parameters (B, Si) written: /home/chan/Research/Monomer_screening_in_Bio/results/phase3/CD9/NSGA_19_IBTES/cross_CD63/step3_TMOS/AD4_parameters_custom.dat
2026-08-31 18:42:06,164 [Pipeline] GPF written → /home/chan/Research/Monomer_screening_in_Bio/results/phase3/CD9/NSGA_19_IBTES/cross_CD63/step3_TMOS/receptor_step2_TMOS.gpf
2026-08-31 18:42:11,988 [Pipeline] DPF written → /home/chan/Research/Monomer_screening_in_Bio/results/phase3/CD9/NSGA_19_IBTES/cross_CD63/step3_TMOS/receptor_step2_TMOS.dpf
2026-08-31 18:42:11,988 [Pipeline] AutoDock-GPU settings not transferable from DPF: parameter_file: AD-GPU ignores it. Receptor-side Si/B parameters reach the run only through the AutoGrid maps; ligand-internal ones only through --modpair (applied) | ls_search_freq / set_psw1 / sw_*: AD-GPU uses ADADELTA local search at 100% rate; the DPF's Solis-Wets block does not apply and the GPU search protocol is NOT identical to AD4 CPU | ga_num_evals is a CEILING on the GPU: --autostop 1 ends a run on convergence, so the DLG's 'evaluations performed' is normally well below the configured budget
2026-08-31 18:42:13,606 [Pipeline] AutoDock-GPU completed: receptor_step2_TMOS.dlg (seed (20260812, 709148884, 749145836))
2026-08-31 18:42:13,607 [Pipeline] Parsed 25 clusters from receptor_step2_TMOS.dlg
2026-08-31 18:42:13,607 [Pipeline] Parsed 25 clusters from receptor_step2_TMOS.dlg
2026-08-31 18:42:13,608 [Pipeline] Parsed 25 clusters from receptor_step2_TMOS.dlg
2026-08-31 18:42:13,608 [Pipeline]     XL TMOS: BE=-2.90
2026-08-31 18:42:13,608 [Pipeline]     Best XL: TEOS (BE=-3.04)
2026-08-31 18:42:13,610 [Pipeline] Custom AD4 parameters (B, Si) written: /home/chan/Research/Monomer_screening_in_Bio/results/phase3/CD9/NSGA_19_IBTES/cross_CD81/step0_PTES/AD4_parameters_custom.dat
2026-08-31 18:42:13,611 [Pipeline] GPF written → /home/chan/Research/Monomer_screening_in_Bio/results/phase3/CD9/NSGA_19_IBTES/cross_CD81/step0_PTES/CD81_receptor_PTES.gpf
2026-08-31 18:42:15,097 [Pipeline] DPF written → /home/chan/Research/Monomer_screening_in_Bio/results/phase3/CD9/NSGA_19_IBTES/cross_CD81/step0_PTES/CD81_receptor_PTES.dpf
2026-08-31 18:42:15,098 [Pipeline] AutoDock-GPU settings not transferable from DPF: parameter_file: AD-GPU ignores it. Receptor-side Si/B parameters reach the run only through the AutoGrid maps; ligand-internal ones only through --modpair (applied) | ls_search_freq / set_psw1 / sw_*: AD-GPU uses ADADELTA local search at 100% rate; the DPF's Solis-Wets block does not apply and the GPU search protocol is NOT identical to AD4 CPU | ga_num_evals is a CEILING on the GPU: --autostop 1 ends a run on convergence, so the DLG's 'evaluations performed' is normally well below the configured budget
2026-08-31 18:42:16,215 [Pipeline] AutoDock-GPU completed: CD81_receptor_PTES.dlg (seed (20260812, 1374203448, 1376956872))
2026-08-31 18:42:16,216 [Pipeline] Parsed 25 clusters from CD81_receptor_PTES.dlg
2026-08-31 18:42:16,217 [Pipeline] Parsed 25 clusters from CD81_receptor_PTES.dlg
2026-08-31 18:42:16,218 [Pipeline] Parsed 25 clusters from CD81_receptor_PTES.dlg
2026-08-31 18:42:16,218 [Pipeline] Merged receptor+ligand → /home/chan/Research/Monomer_screening_in_Bio/results/phase3/CD9/NSGA_19_IBTES/cross_CD81/receptor_step0.pdb
2026-08-31 18:42:16,415 [Pipeline] Receptor PDBQT [ADFR prepare_receptor4 (python2.7)] → /home/chan/Research/Monomer_screening_in_Bio/results/phase3/CD9/NSGA_19_IBTES/cross_CD81/receptor_step0.pdbqt
2026-08-31 18:42:16,415 [Pipeline]   charge check skipped (indeterminate: non-standard residues ['UNL']); net=-1.965 e
2026-08-31 18:42:16,417 [Pipeline] Custom AD4 parameters (B, Si) written: /home/chan/Research/Monomer_screening_in_Bio/results/phase3/CD9/NSGA_19_IBTES/cross_CD81/step1_TTMS/AD4_parameters_custom.dat
2026-08-31 18:42:16,417 [Pipeline] GPF written → /home/chan/Research/Monomer_screening_in_Bio/results/phase3/CD9/NSGA_19_IBTES/cross_CD81/step1_TTMS/receptor_step0_TTMS.gpf
2026-08-31 18:42:17,950 [Pipeline] DPF written → /home/chan/Research/Monomer_screening_in_Bio/results/phase3/CD9/NSGA_19_IBTES/cross_CD81/step1_TTMS/receptor_step0_TTMS.dpf
2026-08-31 18:42:17,950 [Pipeline] AutoDock-GPU settings not transferable from DPF: parameter_file: AD-GPU ignores it. Receptor-side Si/B parameters reach the run only through the AutoGrid maps; ligand-internal ones only through --modpair (applied) | ls_search_freq / set_psw1 / sw_*: AD-GPU uses ADADELTA local search at 100% rate; the DPF's Solis-Wets block does not apply and the GPU search protocol is NOT identical to AD4 CPU | ga_num_evals is a CEILING on the GPU: --autostop 1 ends a run on convergence, so the DLG's 'evaluations performed' is normally well below the configured budget
2026-08-31 18:42:18,872 [Pipeline] AutoDock-GPU completed: receptor_step0_TTMS.dlg (seed (20260812, 404614536, 442364440))
2026-08-31 18:42:18,873 [Pipeline] Parsed 25 clusters from receptor_step0_TTMS.dlg
2026-08-31 18:42:18,873 [Pipeline] Parsed 25 clusters from receptor_step0_TTMS.dlg
2026-08-31 18:42:18,874 [Pipeline] Parsed 25 clusters from receptor_step0_TTMS.dlg
2026-08-31 18:42:18,875 [Pipeline] Merged receptor+ligand → /home/chan/Research/Monomer_screening_in_Bio/results/phase3/CD9/NSGA_19_IBTES/cross_CD81/receptor_step1.pdb
2026-08-31 18:42:19,078 [Pipeline] Receptor PDBQT [ADFR prepare_receptor4 (python2.7)] → /home/chan/Research/Monomer_screening_in_Bio/results/phase3/CD9/NSGA_19_IBTES/cross_CD81/receptor_step1.pdbqt
2026-08-31 18:42:19,079 [Pipeline]   charge check skipped (indeterminate: non-standard residues ['UNL']); net=-1.965 e
2026-08-31 18:42:19,081 [Pipeline] Custom AD4 parameters (B, Si) written: /home/chan/Research/Monomer_screening_in_Bio/results/phase3/CD9/NSGA_19_IBTES/cross_CD81/step2_IBTES/AD4_parameters_custom.dat
2026-08-31 18:42:19,081 [Pipeline] GPF written → /home/chan/Research/Monomer_screening_in_Bio/results/phase3/CD9/NSGA_19_IBTES/cross_CD81/step2_IBTES/receptor_step1_IBTES.gpf
2026-08-31 18:42:20,572 [Pipeline] DPF written → /home/chan/Research/Monomer_screening_in_Bio/results/phase3/CD9/NSGA_19_IBTES/cross_CD81/step2_IBTES/receptor_step1_IBTES.dpf
2026-08-31 18:42:20,573 [Pipeline] AutoDock-GPU settings not transferable from DPF: parameter_file: AD-GPU ignores it. Receptor-side Si/B parameters reach the run only through the AutoGrid maps; ligand-internal ones only through --modpair (applied) | ls_search_freq / set_psw1 / sw_*: AD-GPU uses ADADELTA local search at 100% rate; the DPF's Solis-Wets block does not apply and the GPU search protocol is NOT identical to AD4 CPU | ga_num_evals is a CEILING on the GPU: --autostop 1 ends a run on convergence, so the DLG's 'evaluations performed' is normally well below the configured budget
2026-08-31 18:42:21,689 [Pipeline] AutoDock-GPU completed: receptor_step1_IBTES.dlg (seed (20260812, 958535893, 961308389))
2026-08-31 18:42:21,690 [Pipeline] Parsed 25 clusters from receptor_step1_IBTES.dlg
2026-08-31 18:42:21,691 [Pipeline] Parsed 25 clusters from receptor_step1_IBTES.dlg
2026-08-31 18:42:21,692 [Pipeline] Parsed 25 clusters from receptor_step1_IBTES.dlg
2026-08-31 18:42:21,692 [Pipeline] Merged receptor+ligand → /home/chan/Research/Monomer_screening_in_Bio/results/phase3/CD9/NSGA_19_IBTES/cross_CD81/receptor_step2.pdb
2026-08-31 18:42:21,886 [Pipeline] Receptor PDBQT [ADFR prepare_receptor4 (python2.7)] → /home/chan/Research/Monomer_screening_in_Bio/results/phase3/CD9/NSGA_19_IBTES/cross_CD81/receptor_step2.pdbqt
2026-08-31 18:42:21,887 [Pipeline]   charge check skipped (indeterminate: non-standard residues ['UNL']); net=-1.966 e
2026-08-31 18:42:21,889 [Pipeline] Custom AD4 parameters (B, Si) written: /home/chan/Research/Monomer_screening_in_Bio/results/phase3/CD9/NSGA_19_IBTES/cross_CD81/step3_TEOS/AD4_parameters_custom.dat
2026-08-31 18:42:21,889 [Pipeline] GPF written → /home/chan/Research/Monomer_screening_in_Bio/results/phase3/CD9/NSGA_19_IBTES/cross_CD81/step3_TEOS/receptor_step2_TEOS.gpf
2026-08-31 18:42:23,329 [Pipeline] DPF written → /home/chan/Research/Monomer_screening_in_Bio/results/phase3/CD9/NSGA_19_IBTES/cross_CD81/step3_TEOS/receptor_step2_TEOS.dpf
2026-08-31 18:42:23,329 [Pipeline] AutoDock-GPU settings not transferable from DPF: parameter_file: AD-GPU ignores it. Receptor-side Si/B parameters reach the run only through the AutoGrid maps; ligand-internal ones only through --modpair (applied) | ls_search_freq / set_psw1 / sw_*: AD-GPU uses ADADELTA local search at 100% rate; the DPF's Solis-Wets block does not apply and the GPU search protocol is NOT identical to AD4 CPU | ga_num_evals is a CEILING on the GPU: --autostop 1 ends a run on convergence, so the DLG's 'evaluations performed' is normally well below the configured budget
2026-08-31 18:42:24,225 [Pipeline] AutoDock-GPU completed: receptor_step2_TEOS.dlg (seed (20260812, 727588156, 731931324))
2026-08-31 18:42:24,226 [Pipeline] Parsed 25 clusters from receptor_step2_TEOS.dlg
2026-08-31 18:42:24,226 [Pipeline] Parsed 25 clusters from receptor_step2_TEOS.dlg
2026-08-31 18:42:24,227 [Pipeline] Parsed 25 clusters from receptor_step2_TEOS.dlg
2026-08-31 18:42:24,227 [Pipeline]     XL TEOS: BE=-3.35
2026-08-31 18:42:24,229 [Pipeline] Custom AD4 parameters (B, Si) written: /home/chan/Research/Monomer_screening_in_Bio/results/phase3/CD9/NSGA_19_IBTES/cross_CD81/step3_TMOS/AD4_parameters_custom.dat
2026-08-31 18:42:24,229 [Pipeline] GPF written → /home/chan/Research/Monomer_screening_in_Bio/results/phase3/CD9/NSGA_19_IBTES/cross_CD81/step3_TMOS/receptor_step2_TMOS.gpf
2026-08-31 18:42:25,722 [Pipeline] DPF written → /home/chan/Research/Monomer_screening_in_Bio/results/phase3/CD9/NSGA_19_IBTES/cross_CD81/step3_TMOS/receptor_step2_TMOS.dpf
2026-08-31 18:42:25,722 [Pipeline] AutoDock-GPU settings not transferable from DPF: parameter_file: AD-GPU ignores it. Receptor-side Si/B parameters reach the run only through the AutoGrid maps; ligand-internal ones only through --modpair (applied) | ls_search_freq / set_psw1 / sw_*: AD-GPU uses ADADELTA local search at 100% rate; the DPF's Solis-Wets block does not apply and the GPU search protocol is NOT identical to AD4 CPU | ga_num_evals is a CEILING on the GPU: --autostop 1 ends a run on convergence, so the DLG's 'evaluations performed' is normally well below the configured budget
2026-08-31 18:42:26,603 [Pipeline] AutoDock-GPU completed: receptor_step2_TMOS.dlg (seed (20260812, 709148884, 749145836))
2026-08-31 18:42:26,604 [Pipeline] Parsed 25 clusters from receptor_step2_TMOS.dlg
2026-08-31 18:42:26,604 [Pipeline] Parsed 25 clusters from receptor_step2_TMOS.dlg
2026-08-31 18:42:26,605 [Pipeline] Parsed 25 clusters from receptor_step2_TMOS.dlg
2026-08-31 18:42:26,605 [Pipeline]     XL TMOS: BE=-3.25
2026-08-31 18:42:26,605 [Pipeline]     Best XL: TEOS (BE=-3.35)
2026-08-31 18:42:26,605 [Pipeline]     NSGA_19_IBTES ΔΔG=-0.12 kcal/mol, penalty=0.44 → obj=-3.513
2026-08-31 18:42:26,606 [Pipeline]   NSGA[19]: ['IBTES', 'PTES', 'TTMS'] → aff=-4.25, sel=0.40, synth=9.0/10, ΔΔG=-0.12
2026-08-31 18:42:26,608 [Pipeline] Custom AD4 parameters (B, Si) written: /home/chan/Research/Monomer_screening_in_Bio/results/phase3/CD9/NSGA_20_IBTES/step0_PTES/AD4_parameters_custom.dat
2026-08-31 18:42:26,608 [Pipeline] GPF written → /home/chan/Research/Monomer_screening_in_Bio/results/phase3/CD9/NSGA_20_IBTES/step0_PTES/CD9_receptor_PTES.gpf
2026-08-31 18:42:28,012 [Pipeline] DPF written → /home/chan/Research/Monomer_screening_in_Bio/results/phase3/CD9/NSGA_20_IBTES/step0_PTES/CD9_receptor_PTES.dpf
2026-08-31 18:42:28,012 [Pipeline] AutoDock-GPU settings not transferable from DPF: parameter_file: AD-GPU ignores it. Receptor-side Si/B parameters reach the run only through the AutoGrid maps; ligand-internal ones only through --modpair (applied) | ls_search_freq / set_psw1 / sw_*: AD-GPU uses ADADELTA local search at 100% rate; the DPF's Solis-Wets block does not apply and the GPU search protocol is NOT identical to AD4 CPU | ga_num_evals is a CEILING on the GPU: --autostop 1 ends a run on convergence, so the DLG's 'evaluations performed' is normally well below the configured budget
2026-08-31 18:42:29,066 [Pipeline] AutoDock-GPU completed: CD9_receptor_PTES.dlg (seed (20260812, 1558316793, 1594640641))
2026-08-31 18:42:29,067 [Pipeline] Parsed 25 clusters from CD9_receptor_PTES.dlg
2026-08-31 18:42:29,068 [Pipeline] Parsed 25 clusters from CD9_receptor_PTES.dlg
2026-08-31 18:42:29,069 [Pipeline] Parsed 25 clusters from CD9_receptor_PTES.dlg
2026-08-31 18:42:29,069 [Pipeline] Merged receptor+ligand → /home/chan/Research/Monomer_screening_in_Bio/results/phase3/CD9/NSGA_20_IBTES/receptor_step0.pdb
2026-08-31 18:42:29,271 [Pipeline] Receptor PDBQT [ADFR prepare_receptor4 (python2.7)] → /home/chan/Research/Monomer_screening_in_Bio/results/phase3/CD9/NSGA_20_IBTES/receptor_step0.pdbqt
2026-08-31 18:42:29,271 [Pipeline]   charge check skipped (indeterminate: non-standard residues ['UNL']); net=-0.972 e
2026-08-31 18:42:29,274 [Pipeline] Custom AD4 parameters (B, Si) written: /home/chan/Research/Monomer_screening_in_Bio/results/phase3/CD9/NSGA_20_IBTES/step1_CETES/AD4_parameters_custom.dat
2026-08-31 18:42:29,274 [Pipeline] GPF written → /home/chan/Research/Monomer_screening_in_Bio/results/phase3/CD9/NSGA_20_IBTES/step1_CETES/receptor_step0_CETES.gpf
2026-08-31 18:42:31,043 [Pipeline] DPF written → /home/chan/Research/Monomer_screening_in_Bio/results/phase3/CD9/NSGA_20_IBTES/step1_CETES/receptor_step0_CETES.dpf
2026-08-31 18:42:31,043 [Pipeline] AutoDock-GPU settings not transferable from DPF: parameter_file: AD-GPU ignores it. Receptor-side Si/B parameters reach the run only through the AutoGrid maps; ligand-internal ones only through --modpair (applied) | ls_search_freq / set_psw1 / sw_*: AD-GPU uses ADADELTA local search at 100% rate; the DPF's Solis-Wets block does not apply and the GPU search protocol is NOT identical to AD4 CPU | ga_num_evals is a CEILING on the GPU: --autostop 1 ends a run on convergence, so the DLG's 'evaluations performed' is normally well below the configured budget
2026-08-31 18:42:31,059 [Pipeline] AutoDock-GPU completed: receptor_step0_CETES.dlg (seed (20260812, 1908145945, 1908670625))
2026-08-31 18:42:31,060 [Pipeline] Parsed 25 clusters from receptor_step0_CETES.dlg
2026-08-31 18:42:31,061 [Pipeline] Parsed 25 clusters from receptor_step0_CETES.dlg
2026-08-31 18:42:31,062 [Pipeline] Parsed 25 clusters from receptor_step0_CETES.dlg
2026-08-31 18:42:31,062 [Pipeline] Merged receptor+ligand → /home/chan/Research/Monomer_screening_in_Bio/results/phase3/CD9/NSGA_20_IBTES/receptor_step1.pdb
2026-08-31 18:42:31,276 [Pipeline] Receptor PDBQT [ADFR prepare_receptor4 (python2.7)] → /home/chan/Research/Monomer_screening_in_Bio/results/phase3/CD9/NSGA_20_IBTES/receptor_step1.pdbqt
2026-08-31 18:42:31,277 [Pipeline]   charge check skipped (indeterminate: non-standard residues ['UNL']); net=-0.971 e
2026-08-31 18:42:31,279 [Pipeline] Custom AD4 parameters (B, Si) written: /home/chan/Research/Monomer_screening_in_Bio/results/phase3/CD9/NSGA_20_IBTES/step2_TTMS/AD4_parameters_custom.dat
2026-08-31 18:42:31,279 [Pipeline] GPF written → /home/chan/Research/Monomer_screening_in_Bio/results/phase3/CD9/NSGA_20_IBTES/step2_TTMS/receptor_step1_TTMS.gpf
2026-08-31 18:42:32,758 [Pipeline] DPF written → /home/chan/Research/Monomer_screening_in_Bio/results/phase3/CD9/NSGA_20_IBTES/step2_TTMS/receptor_step1_TTMS.dpf
2026-08-31 18:42:32,758 [Pipeline] AutoDock-GPU settings not transferable from DPF: parameter_file: AD-GPU ignores it. Receptor-side Si/B parameters reach the run only through the AutoGrid maps; ligand-internal ones only through --modpair (applied) | ls_search_freq / set_psw1 / sw_*: AD-GPU uses ADADELTA local search at 100% rate; the DPF's Solis-Wets block does not apply and the GPU search protocol is NOT identical to AD4 CPU | ga_num_evals is a CEILING on the GPU: --autostop 1 ends a run on convergence, so the DLG's 'evaluations performed' is normally well below the configured budget
2026-08-31 18:42:33,662 [Pipeline] AutoDock-GPU completed: receptor_step1_TTMS.dlg (seed (20260812, 1328343326, 1330575006))
2026-08-31 18:42:33,663 [Pipeline] Parsed 25 clusters from receptor_step1_TTMS.dlg
2026-08-31 18:42:33,664 [Pipeline] Parsed 25 clusters from receptor_step1_TTMS.dlg
2026-08-31 18:42:33,664 [Pipeline] Parsed 25 clusters from receptor_step1_TTMS.dlg
2026-08-31 18:42:33,665 [Pipeline] Merged receptor+ligand → /home/chan/Research/Monomer_screening_in_Bio/results/phase3/CD9/NSGA_20_IBTES/receptor_step2.pdb
2026-08-31 18:42:33,881 [Pipeline] Receptor PDBQT [ADFR prepare_receptor4 (python2.7)] → /home/chan/Research/Monomer_screening_in_Bio/results/phase3/CD9/NSGA_20_IBTES/receptor_step2.pdbqt
2026-08-31 18:42:33,882 [Pipeline]   charge check skipped (indeterminate: non-standard residues ['UNL']); net=-0.971 e
2026-08-31 18:42:33,884 [Pipeline] Custom AD4 parameters (B, Si) written: /home/chan/Research/Monomer_screening_in_Bio/results/phase3/CD9/NSGA_20_IBTES/step3_IBTES/AD4_parameters_custom.dat
2026-08-31 18:42:33,884 [Pipeline] GPF written → /home/chan/Research/Monomer_screening_in_Bio/results/phase3/CD9/NSGA_20_IBTES/step3_IBTES/receptor_step2_IBTES.gpf
2026-08-31 18:42:35,306 [Pipeline] DPF written → /home/chan/Research/Monomer_screening_in_Bio/results/phase3/CD9/NSGA_20_IBTES/step3_IBTES/receptor_step2_IBTES.dpf
2026-08-31 18:42:35,306 [Pipeline] AutoDock-GPU settings not transferable from DPF: parameter_file: AD-GPU ignores it. Receptor-side Si/B parameters reach the run only through the AutoGrid maps; ligand-internal ones only through --modpair (applied) | ls_search_freq / set_psw1 / sw_*: AD-GPU uses ADADELTA local search at 100% rate; the DPF's Solis-Wets block does not apply and the GPU search protocol is NOT identical to AD4 CPU | ga_num_evals is a CEILING on the GPU: --autostop 1 ends a run on convergence, so the DLG's 'evaluations performed' is normally well below the configured budget
2026-08-31 18:42:36,337 [Pipeline] AutoDock-GPU completed: receptor_step2_IBTES.dlg (seed (20260812, 480102428, 517871524))
2026-08-31 18:42:36,338 [Pipeline] Parsed 25 clusters from receptor_step2_IBTES.dlg
2026-08-31 18:42:36,339 [Pipeline] Parsed 25 clusters from receptor_step2_IBTES.dlg
2026-08-31 18:42:36,340 [Pipeline] Parsed 25 clusters from receptor_step2_IBTES.dlg
2026-08-31 18:42:36,340 [Pipeline] Merged receptor+ligand → /home/chan/Research/Monomer_screening_in_Bio/results/phase3/CD9/NSGA_20_IBTES/receptor_step3.pdb
2026-08-31 18:42:36,550 [Pipeline] Receptor PDBQT [ADFR prepare_receptor4 (python2.7)] → /home/chan/Research/Monomer_screening_in_Bio/results/phase3/CD9/NSGA_20_IBTES/receptor_step3.pdbqt
2026-08-31 18:42:36,551 [Pipeline]   charge check skipped (indeterminate: non-standard residues ['UNL']); net=-0.972 e
2026-08-31 18:42:36,553 [Pipeline] Custom AD4 parameters (B, Si) written: /home/chan/Research/Monomer_screening_in_Bio/results/phase3/CD9/NSGA_20_IBTES/step4_TEOS/AD4_parameters_custom.dat
2026-08-31 18:42:36,553 [Pipeline] GPF written → /home/chan/Research/Monomer_screening_in_Bio/results/phase3/CD9/NSGA_20_IBTES/step4_TEOS/receptor_step3_TEOS.gpf
2026-08-31 18:42:37,962 [Pipeline] DPF written → /home/chan/Research/Monomer_screening_in_Bio/results/phase3/CD9/NSGA_20_IBTES/step4_TEOS/receptor_step3_TEOS.dpf
2026-08-31 18:42:37,962 [Pipeline] AutoDock-GPU settings not transferable from DPF: parameter_file: AD-GPU ignores it. Receptor-side Si/B parameters reach the run only through the AutoGrid maps; ligand-internal ones only through --modpair (applied) | ls_search_freq / set_psw1 / sw_*: AD-GPU uses ADADELTA local search at 100% rate; the DPF's Solis-Wets block does not apply and the GPU search protocol is NOT identical to AD4 CPU | ga_num_evals is a CEILING on the GPU: --autostop 1 ends a run on convergence, so the DLG's 'evaluations performed' is normally well below the configured budget
2026-08-31 18:42:38,918 [Pipeline] AutoDock-GPU completed: receptor_step3_TEOS.dlg (seed (20260812, 1864881821, 1866995997))
2026-08-31 18:42:38,919 [Pipeline] Parsed 25 clusters from receptor_step3_TEOS.dlg
2026-08-31 18:42:38,920 [Pipeline] Parsed 25 clusters from receptor_step3_TEOS.dlg
2026-08-31 18:42:38,921 [Pipeline] Parsed 25 clusters from receptor_step3_TEOS.dlg
2026-08-31 18:42:38,921 [Pipeline]     XL TEOS: BE=-2.64
2026-08-31 18:42:38,923 [Pipeline] Custom AD4 parameters (B, Si) written: /home/chan/Research/Monomer_screening_in_Bio/results/phase3/CD9/NSGA_20_IBTES/step4_TMOS/AD4_parameters_custom.dat
2026-08-31 18:42:38,923 [Pipeline] GPF written → /home/chan/Research/Monomer_screening_in_Bio/results/phase3/CD9/NSGA_20_IBTES/step4_TMOS/receptor_step3_TMOS.gpf
2026-08-31 18:42:40,454 [Pipeline] DPF written → /home/chan/Research/Monomer_screening_in_Bio/results/phase3/CD9/NSGA_20_IBTES/step4_TMOS/receptor_step3_TMOS.dpf
2026-08-31 18:42:40,455 [Pipeline] AutoDock-GPU settings not transferable from DPF: parameter_file: AD-GPU ignores it. Receptor-side Si/B parameters reach the run only through the AutoGrid maps; ligand-internal ones only through --modpair (applied) | ls_search_freq / set_psw1 / sw_*: AD-GPU uses ADADELTA local search at 100% rate; the DPF's Solis-Wets block does not apply and the GPU search protocol is NOT identical to AD4 CPU | ga_num_evals is a CEILING on the GPU: --autostop 1 ends a run on convergence, so the DLG's 'evaluations performed' is normally well below the configured budget
2026-08-31 18:42:41,387 [Pipeline] AutoDock-GPU completed: receptor_step3_TMOS.dlg (seed (20260812, 341728261, 379626389))
2026-08-31 18:42:41,388 [Pipeline] Parsed 25 clusters from receptor_step3_TMOS.dlg
2026-08-31 18:42:41,389 [Pipeline] Parsed 25 clusters from receptor_step3_TMOS.dlg
2026-08-31 18:42:41,389 [Pipeline] Parsed 25 clusters from receptor_step3_TMOS.dlg
2026-08-31 18:42:41,390 [Pipeline]     XL TMOS: BE=-2.76
2026-08-31 18:42:41,390 [Pipeline]     Best XL: TMOS (BE=-2.76)
2026-08-31 18:42:41,393 [Pipeline] Custom AD4 parameters (B, Si) written: /home/chan/Research/Monomer_screening_in_Bio/results/phase3/CD9/NSGA_20_IBTES/cross_CD63/step0_PTES/AD4_parameters_custom.dat
2026-08-31 18:42:41,393 [Pipeline] GPF written → /home/chan/Research/Monomer_screening_in_Bio/results/phase3/CD9/NSGA_20_IBTES/cross_CD63/step0_PTES/CD63_receptor_glyco_PTES.gpf
2026-08-31 18:42:48,220 [Pipeline] DPF written → /home/chan/Research/Monomer_screening_in_Bio/results/phase3/CD9/NSGA_20_IBTES/cross_CD63/step0_PTES/CD63_receptor_glyco_PTES.dpf
2026-08-31 18:42:48,221 [Pipeline] AutoDock-GPU settings not transferable from DPF: parameter_file: AD-GPU ignores it. Receptor-side Si/B parameters reach the run only through the AutoGrid maps; ligand-internal ones only through --modpair (applied) | ls_search_freq / set_psw1 / sw_*: AD-GPU uses ADADELTA local search at 100% rate; the DPF's Solis-Wets block does not apply and the GPU search protocol is NOT identical to AD4 CPU | ga_num_evals is a CEILING on the GPU: --autostop 1 ends a run on convergence, so the DLG's 'evaluations performed' is normally well below the configured budget
2026-08-31 18:42:50,348 [Pipeline] AutoDock-GPU completed: CD63_receptor_glyco_PTES.dlg (seed (20260812, 1588742746, 1622971746))
2026-08-31 18:42:50,349 [Pipeline] Parsed 25 clusters from CD63_receptor_glyco_PTES.dlg
2026-08-31 18:42:50,350 [Pipeline] Parsed 25 clusters from CD63_receptor_glyco_PTES.dlg
2026-08-31 18:42:50,350 [Pipeline] Parsed 25 clusters from CD63_receptor_glyco_PTES.dlg
2026-08-31 18:42:50,351 [Pipeline] Merged receptor+ligand → /home/chan/Research/Monomer_screening_in_Bio/results/phase3/CD9/NSGA_20_IBTES/cross_CD63/receptor_step0.pdb
2026-08-31 18:42:50,591 [Pipeline] Receptor PDBQT [ADFR prepare_receptor4 (python2.7)] → /home/chan/Research/Monomer_screening_in_Bio/results/phase3/CD9/NSGA_20_IBTES/cross_CD63/receptor_step0.pdbqt
2026-08-31 18:42:50,592 [Pipeline]   charge check skipped (indeterminate: non-standard residues ['UNL']); net=+2.022 e
2026-08-31 18:42:50,594 [Pipeline] Custom AD4 parameters (B, Si) written: /home/chan/Research/Monomer_screening_in_Bio/results/phase3/CD9/NSGA_20_IBTES/cross_CD63/step1_CETES/AD4_parameters_custom.dat
2026-08-31 18:42:50,594 [Pipeline] GPF written → /home/chan/Research/Monomer_screening_in_Bio/results/phase3/CD9/NSGA_20_IBTES/cross_CD63/step1_CETES/receptor_step0_CETES.gpf
2026-08-31 18:42:56,368 [Pipeline] DPF written → /home/chan/Research/Monomer_screening_in_Bio/results/phase3/CD9/NSGA_20_IBTES/cross_CD63/step1_CETES/receptor_step0_CETES.dpf
2026-08-31 18:42:56,369 [Pipeline] AutoDock-GPU settings not transferable from DPF: parameter_file: AD-GPU ignores it. Receptor-side Si/B parameters reach the run only through the AutoGrid maps; ligand-internal ones only through --modpair (applied) | ls_search_freq / set_psw1 / sw_*: AD-GPU uses ADADELTA local search at 100% rate; the DPF's Solis-Wets block does not apply and the GPU search protocol is NOT identical to AD4 CPU | ga_num_evals is a CEILING on the GPU: --autostop 1 ends a run on convergence, so the DLG's 'evaluations performed' is normally well below the configured budget
2026-08-31 18:42:58,305 [Pipeline] AutoDock-GPU completed: receptor_step0_CETES.dlg (seed (20260812, 1908145945, 1908670625))
2026-08-31 18:42:58,306 [Pipeline] Parsed 25 clusters from receptor_step0_CETES.dlg
2026-08-31 18:42:58,307 [Pipeline] Parsed 25 clusters from receptor_step0_CETES.dlg
2026-08-31 18:42:58,308 [Pipeline] Parsed 25 clusters from receptor_step0_CETES.dlg
2026-08-31 18:42:58,309 [Pipeline] Merged receptor+ligand → /home/chan/Research/Monomer_screening_in_Bio/results/phase3/CD9/NSGA_20_IBTES/cross_CD63/receptor_step1.pdb
2026-08-31 18:42:58,560 [Pipeline] Receptor PDBQT [ADFR prepare_receptor4 (python2.7)] → /home/chan/Research/Monomer_screening_in_Bio/results/phase3/CD9/NSGA_20_IBTES/cross_CD63/receptor_step1.pdbqt
2026-08-31 18:42:58,561 [Pipeline]   charge check skipped (indeterminate: non-standard residues ['UNL']); net=+2.023 e
2026-08-31 18:42:58,564 [Pipeline] Custom AD4 parameters (B, Si) written: /home/chan/Research/Monomer_screening_in_Bio/results/phase3/CD9/NSGA_20_IBTES/cross_CD63/step2_TTMS/AD4_parameters_custom.dat
2026-08-31 18:42:58,564 [Pipeline] GPF written → /home/chan/Research/Monomer_screening_in_Bio/results/phase3/CD9/NSGA_20_IBTES/cross_CD63/step2_TTMS/receptor_step1_TTMS.gpf
2026-08-31 18:43:03,124 [Pipeline] DPF written → /home/chan/Research/Monomer_screening_in_Bio/results/phase3/CD9/NSGA_20_IBTES/cross_CD63/step2_TTMS/receptor_step1_TTMS.dpf
2026-08-31 18:43:03,124 [Pipeline] AutoDock-GPU settings not transferable from DPF: parameter_file: AD-GPU ignores it. Receptor-side Si/B parameters reach the run only through the AutoGrid maps; ligand-internal ones only through --modpair (applied) | ls_search_freq / set_psw1 / sw_*: AD-GPU uses ADADELTA local search at 100% rate; the DPF's Solis-Wets block does not apply and the GPU search protocol is NOT identical to AD4 CPU | ga_num_evals is a CEILING on the GPU: --autostop 1 ends a run on convergence, so the DLG's 'evaluations performed' is normally well below the configured budget
2026-08-31 18:43:04,869 [Pipeline] AutoDock-GPU completed: receptor_step1_TTMS.dlg (seed (20260812, 1328343326, 1330575006))
2026-08-31 18:43:04,870 [Pipeline] Parsed 25 clusters from receptor_step1_TTMS.dlg
2026-08-31 18:43:04,871 [Pipeline] Parsed 25 clusters from receptor_step1_TTMS.dlg
2026-08-31 18:43:04,872 [Pipeline] Parsed 25 clusters from receptor_step1_TTMS.dlg
2026-08-31 18:43:04,872 [Pipeline] Merged receptor+ligand → /home/chan/Research/Monomer_screening_in_Bio/results/phase3/CD9/NSGA_20_IBTES/cross_CD63/receptor_step2.pdb
2026-08-31 18:43:05,135 [Pipeline] Receptor PDBQT [ADFR prepare_receptor4 (python2.7)] → /home/chan/Research/Monomer_screening_in_Bio/results/phase3/CD9/NSGA_20_IBTES/cross_CD63/receptor_step2.pdbqt
2026-08-31 18:43:05,136 [Pipeline]   charge check skipped (indeterminate: non-standard residues ['UNL']); net=+2.023 e
2026-08-31 18:43:05,138 [Pipeline] Custom AD4 parameters (B, Si) written: /home/chan/Research/Monomer_screening_in_Bio/results/phase3/CD9/NSGA_20_IBTES/cross_CD63/step3_IBTES/AD4_parameters_custom.dat
2026-08-31 18:43:05,138 [Pipeline] GPF written → /home/chan/Research/Monomer_screening_in_Bio/results/phase3/CD9/NSGA_20_IBTES/cross_CD63/step3_IBTES/receptor_step2_IBTES.gpf
2026-08-31 18:43:10,989 [Pipeline] DPF written → /home/chan/Research/Monomer_screening_in_Bio/results/phase3/CD9/NSGA_20_IBTES/cross_CD63/step3_IBTES/receptor_step2_IBTES.dpf
2026-08-31 18:43:10,990 [Pipeline] AutoDock-GPU settings not transferable from DPF: parameter_file: AD-GPU ignores it. Receptor-side Si/B parameters reach the run only through the AutoGrid maps; ligand-internal ones only through --modpair (applied) | ls_search_freq / set_psw1 / sw_*: AD-GPU uses ADADELTA local search at 100% rate; the DPF's Solis-Wets block does not apply and the GPU search protocol is NOT identical to AD4 CPU | ga_num_evals is a CEILING on the GPU: --autostop 1 ends a run on convergence, so the DLG's 'evaluations performed' is normally well below the configured budget
2026-08-31 18:43:12,833 [Pipeline] AutoDock-GPU completed: receptor_step2_IBTES.dlg (seed (20260812, 480102428, 517871524))
2026-08-31 18:43:12,834 [Pipeline] Parsed 25 clusters from receptor_step2_IBTES.dlg
2026-08-31 18:43:12,834 [Pipeline] Parsed 25 clusters from receptor_step2_IBTES.dlg
2026-08-31 18:43:12,835 [Pipeline] Parsed 25 clusters from receptor_step2_IBTES.dlg
2026-08-31 18:43:12,836 [Pipeline] Merged receptor+ligand → /home/chan/Research/Monomer_screening_in_Bio/results/phase3/CD9/NSGA_20_IBTES/cross_CD63/receptor_step3.pdb
2026-08-31 18:43:13,122 [Pipeline] Receptor PDBQT [ADFR prepare_receptor4 (python2.7)] → /home/chan/Research/Monomer_screening_in_Bio/results/phase3/CD9/NSGA_20_IBTES/cross_CD63/receptor_step3.pdbqt
2026-08-31 18:43:13,123 [Pipeline]   charge check skipped (indeterminate: non-standard residues ['UNL']); net=+2.022 e
2026-08-31 18:43:13,126 [Pipeline] Custom AD4 parameters (B, Si) written: /home/chan/Research/Monomer_screening_in_Bio/results/phase3/CD9/NSGA_20_IBTES/cross_CD63/step4_TEOS/AD4_parameters_custom.dat
2026-08-31 18:43:13,126 [Pipeline] GPF written → /home/chan/Research/Monomer_screening_in_Bio/results/phase3/CD9/NSGA_20_IBTES/cross_CD63/step4_TEOS/receptor_step3_TEOS.gpf
2026-08-31 18:43:18,912 [Pipeline] DPF written → /home/chan/Research/Monomer_screening_in_Bio/results/phase3/CD9/NSGA_20_IBTES/cross_CD63/step4_TEOS/receptor_step3_TEOS.dpf
2026-08-31 18:43:18,913 [Pipeline] AutoDock-GPU settings not transferable from DPF: parameter_file: AD-GPU ignores it. Receptor-side Si/B parameters reach the run only through the AutoGrid maps; ligand-internal ones only through --modpair (applied) | ls_search_freq / set_psw1 / sw_*: AD-GPU uses ADADELTA local search at 100% rate; the DPF's Solis-Wets block does not apply and the GPU search protocol is NOT identical to AD4 CPU | ga_num_evals is a CEILING on the GPU: --autostop 1 ends a run on convergence, so the DLG's 'evaluations performed' is normally well below the configured budget
2026-08-31 18:43:20,899 [Pipeline] AutoDock-GPU completed: receptor_step3_TEOS.dlg (seed (20260812, 1864881821, 1866995997))
2026-08-31 18:43:20,900 [Pipeline] Parsed 25 clusters from receptor_step3_TEOS.dlg
2026-08-31 18:43:20,901 [Pipeline] Parsed 25 clusters from receptor_step3_TEOS.dlg
2026-08-31 18:43:20,901 [Pipeline] Parsed 25 clusters from receptor_step3_TEOS.dlg
2026-08-31 18:43:20,902 [Pipeline]     XL TEOS: BE=-2.95
2026-08-31 18:43:20,905 [Pipeline] Custom AD4 parameters (B, Si) written: /home/chan/Research/Monomer_screening_in_Bio/results/phase3/CD9/NSGA_20_IBTES/cross_CD63/step4_TMOS/AD4_parameters_custom.dat
2026-08-31 18:43:20,905 [Pipeline] GPF written → /home/chan/Research/Monomer_screening_in_Bio/results/phase3/CD9/NSGA_20_IBTES/cross_CD63/step4_TMOS/receptor_step3_TMOS.gpf
2026-08-31 18:43:26,854 [Pipeline] DPF written → /home/chan/Research/Monomer_screening_in_Bio/results/phase3/CD9/NSGA_20_IBTES/cross_CD63/step4_TMOS/receptor_step3_TMOS.dpf
2026-08-31 18:43:26,855 [Pipeline] AutoDock-GPU settings not transferable from DPF: parameter_file: AD-GPU ignores it. Receptor-side Si/B parameters reach the run only through the AutoGrid maps; ligand-internal ones only through --modpair (applied) | ls_search_freq / set_psw1 / sw_*: AD-GPU uses ADADELTA local search at 100% rate; the DPF's Solis-Wets block does not apply and the GPU search protocol is NOT identical to AD4 CPU | ga_num_evals is a CEILING on the GPU: --autostop 1 ends a run on convergence, so the DLG's 'evaluations performed' is normally well below the configured budget
2026-08-31 18:43:28,521 [Pipeline] AutoDock-GPU completed: receptor_step3_TMOS.dlg (seed (20260812, 341728261, 379626389))
2026-08-31 18:43:28,522 [Pipeline] Parsed 25 clusters from receptor_step3_TMOS.dlg
2026-08-31 18:43:28,523 [Pipeline] Parsed 25 clusters from receptor_step3_TMOS.dlg
2026-08-31 18:43:28,523 [Pipeline] Parsed 25 clusters from receptor_step3_TMOS.dlg
2026-08-31 18:43:28,524 [Pipeline]     XL TMOS: BE=-2.89
2026-08-31 18:43:28,524 [Pipeline]     Best XL: TEOS (BE=-2.95)
2026-08-31 18:43:28,526 [Pipeline] Custom AD4 parameters (B, Si) written: /home/chan/Research/Monomer_screening_in_Bio/results/phase3/CD9/NSGA_20_IBTES/cross_CD81/step0_PTES/AD4_parameters_custom.dat
2026-08-31 18:43:28,526 [Pipeline] GPF written → /home/chan/Research/Monomer_screening_in_Bio/results/phase3/CD9/NSGA_20_IBTES/cross_CD81/step0_PTES/CD81_receptor_PTES.gpf
2026-08-31 18:43:30,040 [Pipeline] DPF written → /home/chan/Research/Monomer_screening_in_Bio/results/phase3/CD9/NSGA_20_IBTES/cross_CD81/step0_PTES/CD81_receptor_PTES.dpf
2026-08-31 18:43:30,041 [Pipeline] AutoDock-GPU settings not transferable from DPF: parameter_file: AD-GPU ignores it. Receptor-side Si/B parameters reach the run only through the AutoGrid maps; ligand-internal ones only through --modpair (applied) | ls_search_freq / set_psw1 / sw_*: AD-GPU uses ADADELTA local search at 100% rate; the DPF's Solis-Wets block does not apply and the GPU search protocol is NOT identical to AD4 CPU | ga_num_evals is a CEILING on the GPU: --autostop 1 ends a run on convergence, so the DLG's 'evaluations performed' is normally well below the configured budget
2026-08-31 18:43:31,117 [Pipeline] AutoDock-GPU completed: CD81_receptor_PTES.dlg (seed (20260812, 1374203448, 1376956872))
2026-08-31 18:43:31,118 [Pipeline] Parsed 25 clusters from CD81_receptor_PTES.dlg
2026-08-31 18:43:31,119 [Pipeline] Parsed 25 clusters from CD81_receptor_PTES.dlg
2026-08-31 18:43:31,119 [Pipeline] Parsed 25 clusters from CD81_receptor_PTES.dlg
2026-08-31 18:43:31,120 [Pipeline] Merged receptor+ligand → /home/chan/Research/Monomer_screening_in_Bio/results/phase3/CD9/NSGA_20_IBTES/cross_CD81/receptor_step0.pdb
2026-08-31 18:43:31,319 [Pipeline] Receptor PDBQT [ADFR prepare_receptor4 (python2.7)] → /home/chan/Research/Monomer_screening_in_Bio/results/phase3/CD9/NSGA_20_IBTES/cross_CD81/receptor_step0.pdbqt
2026-08-31 18:43:31,320 [Pipeline]   charge check skipped (indeterminate: non-standard residues ['UNL']); net=-1.965 e
2026-08-31 18:43:31,322 [Pipeline] Custom AD4 parameters (B, Si) written: /home/chan/Research/Monomer_screening_in_Bio/results/phase3/CD9/NSGA_20_IBTES/cross_CD81/step1_CETES/AD4_parameters_custom.dat
2026-08-31 18:43:31,322 [Pipeline] GPF written → /home/chan/Research/Monomer_screening_in_Bio/results/phase3/CD9/NSGA_20_IBTES/cross_CD81/step1_CETES/receptor_step0_CETES.gpf
2026-08-31 18:43:32,810 [Pipeline] DPF written → /home/chan/Research/Monomer_screening_in_Bio/results/phase3/CD9/NSGA_20_IBTES/cross_CD81/step1_CETES/receptor_step0_CETES.dpf
2026-08-31 18:43:32,811 [Pipeline] AutoDock-GPU settings not transferable from DPF: parameter_file: AD-GPU ignores it. Receptor-side Si/B parameters reach the run only through the AutoGrid maps; ligand-internal ones only through --modpair (applied) | ls_search_freq / set_psw1 / sw_*: AD-GPU uses ADADELTA local search at 100% rate; the DPF's Solis-Wets block does not apply and the GPU search protocol is NOT identical to AD4 CPU | ga_num_evals is a CEILING on the GPU: --autostop 1 ends a run on convergence, so the DLG's 'evaluations performed' is normally well below the configured budget
2026-08-31 18:43:32,967 [Pipeline] AutoDock-GPU completed: receptor_step0_CETES.dlg (seed (20260812, 1908145945, 1908670625))
2026-08-31 18:43:32,968 [Pipeline] Parsed 25 clusters from receptor_step0_CETES.dlg
2026-08-31 18:43:32,969 [Pipeline] Parsed 25 clusters from receptor_step0_CETES.dlg
2026-08-31 18:43:32,969 [Pipeline] Parsed 25 clusters from receptor_step0_CETES.dlg
2026-08-31 18:43:32,970 [Pipeline] Merged receptor+ligand → /home/chan/Research/Monomer_screening_in_Bio/results/phase3/CD9/NSGA_20_IBTES/cross_CD81/receptor_step1.pdb
2026-08-31 18:43:33,167 [Pipeline] Receptor PDBQT [ADFR prepare_receptor4 (python2.7)] → /home/chan/Research/Monomer_screening_in_Bio/results/phase3/CD9/NSGA_20_IBTES/cross_CD81/receptor_step1.pdbqt
2026-08-31 18:43:33,168 [Pipeline]   charge check skipped (indeterminate: non-standard residues ['UNL']); net=-1.964 e
2026-08-31 18:43:33,169 [Pipeline] Custom AD4 parameters (B, Si) written: /home/chan/Research/Monomer_screening_in_Bio/results/phase3/CD9/NSGA_20_IBTES/cross_CD81/step2_TTMS/AD4_parameters_custom.dat
2026-08-31 18:43:33,170 [Pipeline] GPF written → /home/chan/Research/Monomer_screening_in_Bio/results/phase3/CD9/NSGA_20_IBTES/cross_CD81/step2_TTMS/receptor_step1_TTMS.gpf
2026-08-31 18:43:34,669 [Pipeline] DPF written → /home/chan/Research/Monomer_screening_in_Bio/results/phase3/CD9/NSGA_20_IBTES/cross_CD81/step2_TTMS/receptor_step1_TTMS.dpf
2026-08-31 18:43:34,669 [Pipeline] AutoDock-GPU settings not transferable from DPF: parameter_file: AD-GPU ignores it. Receptor-side Si/B parameters reach the run only through the AutoGrid maps; ligand-internal ones only through --modpair (applied) | ls_search_freq / set_psw1 / sw_*: AD-GPU uses ADADELTA local search at 100% rate; the DPF's Solis-Wets block does not apply and the GPU search protocol is NOT identical to AD4 CPU | ga_num_evals is a CEILING on the GPU: --autostop 1 ends a run on convergence, so the DLG's 'evaluations performed' is normally well below the configured budget
2026-08-31 18:43:35,584 [Pipeline] AutoDock-GPU completed: receptor_step1_TTMS.dlg (seed (20260812, 1328343326, 1330575006))
2026-08-31 18:43:35,585 [Pipeline] Parsed 25 clusters from receptor_step1_TTMS.dlg
2026-08-31 18:43:35,586 [Pipeline] Parsed 25 clusters from receptor_step1_TTMS.dlg
2026-08-31 18:43:35,587 [Pipeline] Parsed 25 clusters from receptor_step1_TTMS.dlg
2026-08-31 18:43:35,587 [Pipeline] Merged receptor+ligand → /home/chan/Research/Monomer_screening_in_Bio/results/phase3/CD9/NSGA_20_IBTES/cross_CD81/receptor_step2.pdb
2026-08-31 18:43:35,795 [Pipeline] Receptor PDBQT [ADFR prepare_receptor4 (python2.7)] → /home/chan/Research/Monomer_screening_in_Bio/results/phase3/CD9/NSGA_20_IBTES/cross_CD81/receptor_step2.pdbqt
2026-08-31 18:43:35,795 [Pipeline]   charge check skipped (indeterminate: non-standard residues ['UNL']); net=-1.964 e
2026-08-31 18:43:35,797 [Pipeline] Custom AD4 parameters (B, Si) written: /home/chan/Research/Monomer_screening_in_Bio/results/phase3/CD9/NSGA_20_IBTES/cross_CD81/step3_IBTES/AD4_parameters_custom.dat
2026-08-31 18:43:35,797 [Pipeline] GPF written → /home/chan/Research/Monomer_screening_in_Bio/results/phase3/CD9/NSGA_20_IBTES/cross_CD81/step3_IBTES/receptor_step2_IBTES.gpf
2026-08-31 18:43:37,273 [Pipeline] DPF written → /home/chan/Research/Monomer_screening_in_Bio/results/phase3/CD9/NSGA_20_IBTES/cross_CD81/step3_IBTES/receptor_step2_IBTES.dpf
2026-08-31 18:43:37,274 [Pipeline] AutoDock-GPU settings not transferable from DPF: parameter_file: AD-GPU ignores it. Receptor-side Si/B parameters reach the run only through the AutoGrid maps; ligand-internal ones only through --modpair (applied) | ls_search_freq / set_psw1 / sw_*: AD-GPU uses ADADELTA local search at 100% rate; the DPF's Solis-Wets block does not apply and the GPU search protocol is NOT identical to AD4 CPU | ga_num_evals is a CEILING on the GPU: --autostop 1 ends a run on convergence, so the DLG's 'evaluations performed' is normally well below the configured budget
2026-08-31 18:43:38,195 [Pipeline] AutoDock-GPU completed: receptor_step2_IBTES.dlg (seed (20260812, 480102428, 517871524))
2026-08-31 18:43:38,195 [Pipeline] Parsed 25 clusters from receptor_step2_IBTES.dlg
2026-08-31 18:43:38,196 [Pipeline] Parsed 25 clusters from receptor_step2_IBTES.dlg
2026-08-31 18:43:38,197 [Pipeline] Parsed 25 clusters from receptor_step2_IBTES.dlg
2026-08-31 18:43:38,197 [Pipeline] Merged receptor+ligand → /home/chan/Research/Monomer_screening_in_Bio/results/phase3/CD9/NSGA_20_IBTES/cross_CD81/receptor_step3.pdb
2026-08-31 18:43:38,413 [Pipeline] Receptor PDBQT [ADFR prepare_receptor4 (python2.7)] → /home/chan/Research/Monomer_screening_in_Bio/results/phase3/CD9/NSGA_20_IBTES/cross_CD81/receptor_step3.pdbqt
2026-08-31 18:43:38,413 [Pipeline]   charge check skipped (indeterminate: non-standard residues ['UNL']); net=-1.965 e
2026-08-31 18:43:38,415 [Pipeline] Custom AD4 parameters (B, Si) written: /home/chan/Research/Monomer_screening_in_Bio/results/phase3/CD9/NSGA_20_IBTES/cross_CD81/step4_TEOS/AD4_parameters_custom.dat
2026-08-31 18:43:38,415 [Pipeline] GPF written → /home/chan/Research/Monomer_screening_in_Bio/results/phase3/CD9/NSGA_20_IBTES/cross_CD81/step4_TEOS/receptor_step3_TEOS.gpf
2026-08-31 18:43:39,941 [Pipeline] DPF written → /home/chan/Research/Monomer_screening_in_Bio/results/phase3/CD9/NSGA_20_IBTES/cross_CD81/step4_TEOS/receptor_step3_TEOS.dpf
2026-08-31 18:43:39,941 [Pipeline] AutoDock-GPU settings not transferable from DPF: parameter_file: AD-GPU ignores it. Receptor-side Si/B parameters reach the run only through the AutoGrid maps; ligand-internal ones only through --modpair (applied) | ls_search_freq / set_psw1 / sw_*: AD-GPU uses ADADELTA local search at 100% rate; the DPF's Solis-Wets block does not apply and the GPU search protocol is NOT identical to AD4 CPU | ga_num_evals is a CEILING on the GPU: --autostop 1 ends a run on convergence, so the DLG's 'evaluations performed' is normally well below the configured budget
2026-08-31 18:43:40,987 [Pipeline] AutoDock-GPU completed: receptor_step3_TEOS.dlg (seed (20260812, 1864881821, 1866995997))
2026-08-31 18:43:40,988 [Pipeline] Parsed 25 clusters from receptor_step3_TEOS.dlg
2026-08-31 18:43:40,988 [Pipeline] Parsed 25 clusters from receptor_step3_TEOS.dlg
2026-08-31 18:43:40,989 [Pipeline] Parsed 25 clusters from receptor_step3_TEOS.dlg
2026-08-31 18:43:40,989 [Pipeline]     XL TEOS: BE=-3.56
2026-08-31 18:43:40,991 [Pipeline] Custom AD4 parameters (B, Si) written: /home/chan/Research/Monomer_screening_in_Bio/results/phase3/CD9/NSGA_20_IBTES/cross_CD81/step4_TMOS/AD4_parameters_custom.dat
2026-08-31 18:43:40,991 [Pipeline] GPF written → /home/chan/Research/Monomer_screening_in_Bio/results/phase3/CD9/NSGA_20_IBTES/cross_CD81/step4_TMOS/receptor_step3_TMOS.gpf
2026-08-31 18:43:42,510 [Pipeline] DPF written → /home/chan/Research/Monomer_screening_in_Bio/results/phase3/CD9/NSGA_20_IBTES/cross_CD81/step4_TMOS/receptor_step3_TMOS.dpf
2026-08-31 18:43:42,511 [Pipeline] AutoDock-GPU settings not transferable from DPF: parameter_file: AD-GPU ignores it. Receptor-side Si/B parameters reach the run only through the AutoGrid maps; ligand-internal ones only through --modpair (applied) | ls_search_freq / set_psw1 / sw_*: AD-GPU uses ADADELTA local search at 100% rate; the DPF's Solis-Wets block does not apply and the GPU search protocol is NOT identical to AD4 CPU | ga_num_evals is a CEILING on the GPU: --autostop 1 ends a run on convergence, so the DLG's 'evaluations performed' is normally well below the configured budget
2026-08-31 18:43:43,328 [Pipeline] AutoDock-GPU completed: receptor_step3_TMOS.dlg (seed (20260812, 341728261, 379626389))
2026-08-31 18:43:43,328 [Pipeline] Parsed 25 clusters from receptor_step3_TMOS.dlg
2026-08-31 18:43:43,329 [Pipeline] Parsed 25 clusters from receptor_step3_TMOS.dlg
2026-08-31 18:43:43,330 [Pipeline] Parsed 25 clusters from receptor_step3_TMOS.dlg
2026-08-31 18:43:43,330 [Pipeline]     XL TMOS: BE=-3.02
2026-08-31 18:43:43,330 [Pipeline]     Best XL: TEOS (BE=-3.56)
2026-08-31 18:43:43,330 [Pipeline]     NSGA_20_IBTES ΔΔG=+0.31 kcal/mol, penalty=0.66 → obj=-2.796
2026-08-31 18:43:43,330 [Pipeline]   NSGA[20]: ['IBTES', 'PTES', 'TTMS', 'CETES'] → aff=-4.05, sel=0.28, synth=9.0/10, ΔΔG=+0.32
2026-08-31 18:43:43,332 [Pipeline] Custom AD4 parameters (B, Si) written: /home/chan/Research/Monomer_screening_in_Bio/results/phase3/CD9/NSGA_21_APBA/step0_APBA/AD4_parameters_custom.dat
2026-08-31 18:43:43,333 [Pipeline] GPF written → /home/chan/Research/Monomer_screening_in_Bio/results/phase3/CD9/NSGA_21_APBA/step0_APBA/CD9_receptor_APBA.gpf
2026-08-31 18:43:44,766 [Pipeline] DPF written → /home/chan/Research/Monomer_screening_in_Bio/results/phase3/CD9/NSGA_21_APBA/step0_APBA/CD9_receptor_APBA.dpf
2026-08-31 18:43:44,766 [Pipeline] AutoDock-GPU settings not transferable from DPF: parameter_file: AD-GPU ignores it. Receptor-side Si/B parameters reach the run only through the AutoGrid maps; ligand-internal ones only through --modpair (applied) | ls_search_freq / set_psw1 / sw_*: AD-GPU uses ADADELTA local search at 100% rate; the DPF's Solis-Wets block does not apply and the GPU search protocol is NOT identical to AD4 CPU | ga_num_evals is a CEILING on the GPU: --autostop 1 ends a run on convergence, so the DLG's 'evaluations performed' is normally well below the configured budget
2026-08-31 18:43:45,708 [Pipeline] AutoDock-GPU completed: CD9_receptor_APBA.dlg (seed (20260812, 147247180, 187244364))
2026-08-31 18:43:45,709 [Pipeline] Parsed 25 clusters from CD9_receptor_APBA.dlg
2026-08-31 18:43:45,710 [Pipeline] Parsed 25 clusters from CD9_receptor_APBA.dlg
2026-08-31 18:43:45,711 [Pipeline] Parsed 25 clusters from CD9_receptor_APBA.dlg
2026-08-31 18:43:45,711 [Pipeline] Merged receptor+ligand → /home/chan/Research/Monomer_screening_in_Bio/results/phase3/CD9/NSGA_21_APBA/receptor_step0.pdb
2026-08-31 18:43:45,906 [Pipeline] Receptor PDBQT [ADFR prepare_receptor4 (python2.7)] → /home/chan/Research/Monomer_screening_in_Bio/results/phase3/CD9/NSGA_21_APBA/receptor_step0.pdbqt
2026-08-31 18:43:45,906 [Pipeline]   charge check skipped (indeterminate: non-standard residues ['UNL']); net=-0.970 e
2026-08-31 18:43:45,908 [Pipeline] Custom AD4 parameters (B, Si) written: /home/chan/Research/Monomer_screening_in_Bio/results/phase3/CD9/NSGA_21_APBA/step1_CETES/AD4_parameters_custom.dat
2026-08-31 18:43:45,908 [Pipeline] GPF written → /home/chan/Research/Monomer_screening_in_Bio/results/phase3/CD9/NSGA_21_APBA/step1_CETES/receptor_step0_CETES.gpf
2026-08-31 18:43:47,330 [Pipeline] DPF written → /home/chan/Research/Monomer_screening_in_Bio/results/phase3/CD9/NSGA_21_APBA/step1_CETES/receptor_step0_CETES.dpf
2026-08-31 18:43:47,331 [Pipeline] AutoDock-GPU settings not transferable from DPF: parameter_file: AD-GPU ignores it. Receptor-side Si/B parameters reach the run only through the AutoGrid maps; ligand-internal ones only through --modpair (applied) | ls_search_freq / set_psw1 / sw_*: AD-GPU uses ADADELTA local search at 100% rate; the DPF's Solis-Wets block does not apply and the GPU search protocol is NOT identical to AD4 CPU | ga_num_evals is a CEILING on the GPU: --autostop 1 ends a run on convergence, so the DLG's 'evaluations performed' is normally well below the configured budget
2026-08-31 18:43:48,701 [Pipeline] AutoDock-GPU completed: receptor_step0_CETES.dlg (seed (20260812, 1908145945, 1908670625))
2026-08-31 18:43:48,702 [Pipeline] Parsed 25 clusters from receptor_step0_CETES.dlg
2026-08-31 18:43:48,703 [Pipeline] Parsed 25 clusters from receptor_step0_CETES.dlg
2026-08-31 18:43:48,703 [Pipeline] Parsed 25 clusters from receptor_step0_CETES.dlg
2026-08-31 18:43:48,704 [Pipeline] Merged receptor+ligand → /home/chan/Research/Monomer_screening_in_Bio/results/phase3/CD9/NSGA_21_APBA/receptor_step1.pdb
2026-08-31 18:43:48,940 [Pipeline] Receptor PDBQT [ADFR prepare_receptor4 (python2.7)] → /home/chan/Research/Monomer_screening_in_Bio/results/phase3/CD9/NSGA_21_APBA/receptor_step1.pdbqt
2026-08-31 18:43:48,941 [Pipeline]   charge check skipped (indeterminate: non-standard residues ['UNL']); net=-0.969 e
2026-08-31 18:43:48,943 [Pipeline] Custom AD4 parameters (B, Si) written: /home/chan/Research/Monomer_screening_in_Bio/results/phase3/CD9/NSGA_21_APBA/step2_IBTES/AD4_parameters_custom.dat
2026-08-31 18:43:48,943 [Pipeline] GPF written → /home/chan/Research/Monomer_screening_in_Bio/results/phase3/CD9/NSGA_21_APBA/step2_IBTES/receptor_step1_IBTES.gpf
2026-08-31 18:43:50,422 [Pipeline] DPF written → /home/chan/Research/Monomer_screening_in_Bio/results/phase3/CD9/NSGA_21_APBA/step2_IBTES/receptor_step1_IBTES.dpf
2026-08-31 18:43:50,422 [Pipeline] AutoDock-GPU settings not transferable from DPF: parameter_file: AD-GPU ignores it. Receptor-side Si/B parameters reach the run only through the AutoGrid maps; ligand-internal ones only through --modpair (applied) | ls_search_freq / set_psw1 / sw_*: AD-GPU uses ADADELTA local search at 100% rate; the DPF's Solis-Wets block does not apply and the GPU search protocol is NOT identical to AD4 CPU | ga_num_evals is a CEILING on the GPU: --autostop 1 ends a run on convergence, so the DLG's 'evaluations performed' is normally well below the configured budget
2026-08-31 18:43:51,354 [Pipeline] AutoDock-GPU completed: receptor_step1_IBTES.dlg (seed (20260812, 958535893, 961308389))
2026-08-31 18:43:51,355 [Pipeline] Parsed 25 clusters from receptor_step1_IBTES.dlg
2026-08-31 18:43:51,356 [Pipeline] Parsed 25 clusters from receptor_step1_IBTES.dlg
2026-08-31 18:43:51,357 [Pipeline] Parsed 25 clusters from receptor_step1_IBTES.dlg
2026-08-31 18:43:51,357 [Pipeline] Merged receptor+ligand → /home/chan/Research/Monomer_screening_in_Bio/results/phase3/CD9/NSGA_21_APBA/receptor_step2.pdb
2026-08-31 18:43:51,559 [Pipeline] Receptor PDBQT [ADFR prepare_receptor4 (python2.7)] → /home/chan/Research/Monomer_screening_in_Bio/results/phase3/CD9/NSGA_21_APBA/receptor_step2.pdbqt
2026-08-31 18:43:51,560 [Pipeline]   charge check skipped (indeterminate: non-standard residues ['UNL']); net=-0.970 e
2026-08-31 18:43:51,561 [Pipeline] Custom AD4 parameters (B, Si) written: /home/chan/Research/Monomer_screening_in_Bio/results/phase3/CD9/NSGA_21_APBA/step3_TEOS/AD4_parameters_custom.dat
2026-08-31 18:43:51,562 [Pipeline] GPF written → /home/chan/Research/Monomer_screening_in_Bio/results/phase3/CD9/NSGA_21_APBA/step3_TEOS/receptor_step2_TEOS.gpf
2026-08-31 18:43:52,996 [Pipeline] DPF written → /home/chan/Research/Monomer_screening_in_Bio/results/phase3/CD9/NSGA_21_APBA/step3_TEOS/receptor_step2_TEOS.dpf
2026-08-31 18:43:52,996 [Pipeline] AutoDock-GPU settings not transferable from DPF: parameter_file: AD-GPU ignores it. Receptor-side Si/B parameters reach the run only through the AutoGrid maps; ligand-internal ones only through --modpair (applied) | ls_search_freq / set_psw1 / sw_*: AD-GPU uses ADADELTA local search at 100% rate; the DPF's Solis-Wets block does not apply and the GPU search protocol is NOT identical to AD4 CPU | ga_num_evals is a CEILING on the GPU: --autostop 1 ends a run on convergence, so the DLG's 'evaluations performed' is normally well below the configured budget
2026-08-31 18:43:53,896 [Pipeline] AutoDock-GPU completed: receptor_step2_TEOS.dlg (seed (20260812, 727588156, 731931324))
2026-08-31 18:43:53,897 [Pipeline] Parsed 25 clusters from receptor_step2_TEOS.dlg
2026-08-31 18:43:53,897 [Pipeline] Parsed 25 clusters from receptor_step2_TEOS.dlg
2026-08-31 18:43:53,898 [Pipeline] Parsed 25 clusters from receptor_step2_TEOS.dlg
2026-08-31 18:43:53,899 [Pipeline]     XL TEOS: BE=-3.15
2026-08-31 18:43:53,900 [Pipeline] Custom AD4 parameters (B, Si) written: /home/chan/Research/Monomer_screening_in_Bio/results/phase3/CD9/NSGA_21_APBA/step3_TMOS/AD4_parameters_custom.dat
2026-08-31 18:43:53,900 [Pipeline] GPF written → /home/chan/Research/Monomer_screening_in_Bio/results/phase3/CD9/NSGA_21_APBA/step3_TMOS/receptor_step2_TMOS.gpf
2026-08-31 18:43:55,342 [Pipeline] DPF written → /home/chan/Research/Monomer_screening_in_Bio/results/phase3/CD9/NSGA_21_APBA/step3_TMOS/receptor_step2_TMOS.dpf
2026-08-31 18:43:55,343 [Pipeline] AutoDock-GPU settings not transferable from DPF: parameter_file: AD-GPU ignores it. Receptor-side Si/B parameters reach the run only through the AutoGrid maps; ligand-internal ones only through --modpair (applied) | ls_search_freq / set_psw1 / sw_*: AD-GPU uses ADADELTA local search at 100% rate; the DPF's Solis-Wets block does not apply and the GPU search protocol is NOT identical to AD4 CPU | ga_num_evals is a CEILING on the GPU: --autostop 1 ends a run on convergence, so the DLG's 'evaluations performed' is normally well below the configured budget
2026-08-31 18:43:56,147 [Pipeline] AutoDock-GPU completed: receptor_step2_TMOS.dlg (seed (20260812, 709148884, 749145836))
2026-08-31 18:43:56,148 [Pipeline] Parsed 25 clusters from receptor_step2_TMOS.dlg
2026-08-31 18:43:56,149 [Pipeline] Parsed 25 clusters from receptor_step2_TMOS.dlg
2026-08-31 18:43:56,149 [Pipeline] Parsed 25 clusters from receptor_step2_TMOS.dlg
2026-08-31 18:43:56,150 [Pipeline]     XL TMOS: BE=-3.01
2026-08-31 18:43:56,150 [Pipeline]     Best XL: TEOS (BE=-3.15)
2026-08-31 18:43:56,152 [Pipeline] Custom AD4 parameters (B, Si) written: /home/chan/Research/Monomer_screening_in_Bio/results/phase3/CD9/NSGA_21_APBA/cross_CD63/step0_APBA/AD4_parameters_custom.dat
2026-08-31 18:43:56,152 [Pipeline] GPF written → /home/chan/Research/Monomer_screening_in_Bio/results/phase3/CD9/NSGA_21_APBA/cross_CD63/step0_APBA/CD63_receptor_glyco_APBA.gpf
2026-08-31 18:44:03,022 [Pipeline] DPF written → /home/chan/Research/Monomer_screening_in_Bio/results/phase3/CD9/NSGA_21_APBA/cross_CD63/step0_APBA/CD63_receptor_glyco_APBA.dpf
2026-08-31 18:44:03,022 [Pipeline] AutoDock-GPU settings not transferable from DPF: parameter_file: AD-GPU ignores it. Receptor-side Si/B parameters reach the run only through the AutoGrid maps; ligand-internal ones only through --modpair (applied) | ls_search_freq / set_psw1 / sw_*: AD-GPU uses ADADELTA local search at 100% rate; the DPF's Solis-Wets block does not apply and the GPU search protocol is NOT identical to AD4 CPU | ga_num_evals is a CEILING on the GPU: --autostop 1 ends a run on convergence, so the DLG's 'evaluations performed' is normally well below the configured budget
2026-08-31 18:44:03,698 [Pipeline] AutoDock-GPU completed: CD63_receptor_glyco_APBA.dlg (seed (20260812, 1866055401, 1866580209))
2026-08-31 18:44:03,699 [Pipeline] Parsed 25 clusters from CD63_receptor_glyco_APBA.dlg
2026-08-31 18:44:03,700 [Pipeline] Parsed 25 clusters from CD63_receptor_glyco_APBA.dlg
2026-08-31 18:44:03,700 [Pipeline] Parsed 25 clusters from CD63_receptor_glyco_APBA.dlg
2026-08-31 18:44:03,701 [Pipeline] Merged receptor+ligand → /home/chan/Research/Monomer_screening_in_Bio/results/phase3/CD9/NSGA_21_APBA/cross_CD63/receptor_step0.pdb
2026-08-31 18:44:03,957 [Pipeline] Receptor PDBQT [ADFR prepare_receptor4 (python2.7)] → /home/chan/Research/Monomer_screening_in_Bio/results/phase3/CD9/NSGA_21_APBA/cross_CD63/receptor_step0.pdbqt
2026-08-31 18:44:03,958 [Pipeline]   charge check skipped (indeterminate: non-standard residues ['UNL']); net=+2.024 e
2026-08-31 18:44:03,960 [Pipeline] Custom AD4 parameters (B, Si) written: /home/chan/Research/Monomer_screening_in_Bio/results/phase3/CD9/NSGA_21_APBA/cross_CD63/step1_CETES/AD4_parameters_custom.dat
2026-08-31 18:44:03,960 [Pipeline] GPF written → /home/chan/Research/Monomer_screening_in_Bio/results/phase3/CD9/NSGA_21_APBA/cross_CD63/step1_CETES/receptor_step0_CETES.gpf
2026-08-31 18:44:09,868 [Pipeline] DPF written → /home/chan/Research/Monomer_screening_in_Bio/results/phase3/CD9/NSGA_21_APBA/cross_CD63/step1_CETES/receptor_step0_CETES.dpf
2026-08-31 18:44:09,868 [Pipeline] AutoDock-GPU settings not transferable from DPF: parameter_file: AD-GPU ignores it. Receptor-side Si/B parameters reach the run only through the AutoGrid maps; ligand-internal ones only through --modpair (applied) | ls_search_freq / set_psw1 / sw_*: AD-GPU uses ADADELTA local search at 100% rate; the DPF's Solis-Wets block does not apply and the GPU search protocol is NOT identical to AD4 CPU | ga_num_evals is a CEILING on the GPU: --autostop 1 ends a run on convergence, so the DLG's 'evaluations performed' is normally well below the configured budget
2026-08-31 18:44:11,826 [Pipeline] AutoDock-GPU completed: receptor_step0_CETES.dlg (seed (20260812, 1908145945, 1908670625))
2026-08-31 18:44:11,827 [Pipeline] Parsed 25 clusters from receptor_step0_CETES.dlg
2026-08-31 18:44:11,827 [Pipeline] Parsed 25 clusters from receptor_step0_CETES.dlg
2026-08-31 18:44:11,828 [Pipeline] Parsed 25 clusters from receptor_step0_CETES.dlg
2026-08-31 18:44:11,829 [Pipeline] Merged receptor+ligand → /home/chan/Research/Monomer_screening_in_Bio/results/phase3/CD9/NSGA_21_APBA/cross_CD63/receptor_step1.pdb
2026-08-31 18:44:12,080 [Pipeline] Receptor PDBQT [ADFR prepare_receptor4 (python2.7)] → /home/chan/Research/Monomer_screening_in_Bio/results/phase3/CD9/NSGA_21_APBA/cross_CD63/receptor_step1.pdbqt
2026-08-31 18:44:12,081 [Pipeline]   charge check skipped (indeterminate: non-standard residues ['UNL']); net=+2.025 e
2026-08-31 18:44:12,083 [Pipeline] Custom AD4 parameters (B, Si) written: /home/chan/Research/Monomer_screening_in_Bio/results/phase3/CD9/NSGA_21_APBA/cross_CD63/step2_IBTES/AD4_parameters_custom.dat
2026-08-31 18:44:12,084 [Pipeline] GPF written → /home/chan/Research/Monomer_screening_in_Bio/results/phase3/CD9/NSGA_21_APBA/cross_CD63/step2_IBTES/receptor_step1_IBTES.gpf
2026-08-31 18:44:18,022 [Pipeline] DPF written → /home/chan/Research/Monomer_screening_in_Bio/results/phase3/CD9/NSGA_21_APBA/cross_CD63/step2_IBTES/receptor_step1_IBTES.dpf
2026-08-31 18:44:18,022 [Pipeline] AutoDock-GPU settings not transferable from DPF: parameter_file: AD-GPU ignores it. Receptor-side Si/B parameters reach the run only through the AutoGrid maps; ligand-internal ones only through --modpair (applied) | ls_search_freq / set_psw1 / sw_*: AD-GPU uses ADADELTA local search at 100% rate; the DPF's Solis-Wets block does not apply and the GPU search protocol is NOT identical to AD4 CPU | ga_num_evals is a CEILING on the GPU: --autostop 1 ends a run on convergence, so the DLG's 'evaluations performed' is normally well below the configured budget
2026-08-31 18:44:19,669 [Pipeline] AutoDock-GPU completed: receptor_step1_IBTES.dlg (seed (20260812, 958535893, 961308389))
2026-08-31 18:44:19,670 [Pipeline] Parsed 25 clusters from receptor_step1_IBTES.dlg
2026-08-31 18:44:19,671 [Pipeline] Parsed 25 clusters from receptor_step1_IBTES.dlg
2026-08-31 18:44:19,671 [Pipeline] Parsed 25 clusters from receptor_step1_IBTES.dlg
2026-08-31 18:44:19,672 [Pipeline] Merged receptor+ligand → /home/chan/Research/Monomer_screening_in_Bio/results/phase3/CD9/NSGA_21_APBA/cross_CD63/receptor_step2.pdb
2026-08-31 18:44:19,923 [Pipeline] Receptor PDBQT [ADFR prepare_receptor4 (python2.7)] → /home/chan/Research/Monomer_screening_in_Bio/results/phase3/CD9/NSGA_21_APBA/cross_CD63/receptor_step2.pdbqt
2026-08-31 18:44:19,924 [Pipeline]   charge check skipped (indeterminate: non-standard residues ['UNL']); net=+2.024 e
2026-08-31 18:44:19,927 [Pipeline] Custom AD4 parameters (B, Si) written: /home/chan/Research/Monomer_screening_in_Bio/results/phase3/CD9/NSGA_21_APBA/cross_CD63/step3_TEOS/AD4_parameters_custom.dat
2026-08-31 18:44:19,927 [Pipeline] GPF written → /home/chan/Research/Monomer_screening_in_Bio/results/phase3/CD9/NSGA_21_APBA/cross_CD63/step3_TEOS/receptor_step2_TEOS.gpf
2026-08-31 18:44:26,155 [Pipeline] DPF written → /home/chan/Research/Monomer_screening_in_Bio/results/phase3/CD9/NSGA_21_APBA/cross_CD63/step3_TEOS/receptor_step2_TEOS.dpf
2026-08-31 18:44:26,156 [Pipeline] AutoDock-GPU settings not transferable from DPF: parameter_file: AD-GPU ignores it. Receptor-side Si/B parameters reach the run only through the AutoGrid maps; ligand-internal ones only through --modpair (applied) | ls_search_freq / set_psw1 / sw_*: AD-GPU uses ADADELTA local search at 100% rate; the DPF's Solis-Wets block does not apply and the GPU search protocol is NOT identical to AD4 CPU | ga_num_evals is a CEILING on the GPU: --autostop 1 ends a run on convergence, so the DLG's 'evaluations performed' is normally well below the configured budget
2026-08-31 18:44:27,842 [Pipeline] AutoDock-GPU completed: receptor_step2_TEOS.dlg (seed (20260812, 727588156, 731931324))
2026-08-31 18:44:27,843 [Pipeline] Parsed 25 clusters from receptor_step2_TEOS.dlg
2026-08-31 18:44:27,844 [Pipeline] Parsed 25 clusters from receptor_step2_TEOS.dlg
2026-08-31 18:44:27,844 [Pipeline] Parsed 25 clusters from receptor_step2_TEOS.dlg
2026-08-31 18:44:27,845 [Pipeline]     XL TEOS: BE=-3.06
2026-08-31 18:44:27,847 [Pipeline] Custom AD4 parameters (B, Si) written: /home/chan/Research/Monomer_screening_in_Bio/results/phase3/CD9/NSGA_21_APBA/cross_CD63/step3_TMOS/AD4_parameters_custom.dat
2026-08-31 18:44:27,847 [Pipeline] GPF written → /home/chan/Research/Monomer_screening_in_Bio/results/phase3/CD9/NSGA_21_APBA/cross_CD63/step3_TMOS/receptor_step2_TMOS.gpf
2026-08-31 18:44:33,736 [Pipeline] DPF written → /home/chan/Research/Monomer_screening_in_Bio/results/phase3/CD9/NSGA_21_APBA/cross_CD63/step3_TMOS/receptor_step2_TMOS.dpf
2026-08-31 18:44:33,737 [Pipeline] AutoDock-GPU settings not transferable from DPF: parameter_file: AD-GPU ignores it. Receptor-side Si/B parameters reach the run only through the AutoGrid maps; ligand-internal ones only through --modpair (applied) | ls_search_freq / set_psw1 / sw_*: AD-GPU uses ADADELTA local search at 100% rate; the DPF's Solis-Wets block does not apply and the GPU search protocol is NOT identical to AD4 CPU | ga_num_evals is a CEILING on the GPU: --autostop 1 ends a run on convergence, so the DLG's 'evaluations performed' is normally well below the configured budget
2026-08-31 18:44:35,296 [Pipeline] AutoDock-GPU completed: receptor_step2_TMOS.dlg (seed (20260812, 709148884, 749145836))
2026-08-31 18:44:35,297 [Pipeline] Parsed 25 clusters from receptor_step2_TMOS.dlg
2026-08-31 18:44:35,298 [Pipeline] Parsed 25 clusters from receptor_step2_TMOS.dlg
2026-08-31 18:44:35,298 [Pipeline] Parsed 25 clusters from receptor_step2_TMOS.dlg
2026-08-31 18:44:35,299 [Pipeline]     XL TMOS: BE=-2.92
2026-08-31 18:44:35,299 [Pipeline]     Best XL: TEOS (BE=-3.06)
2026-08-31 18:44:35,301 [Pipeline] Custom AD4 parameters (B, Si) written: /home/chan/Research/Monomer_screening_in_Bio/results/phase3/CD9/NSGA_21_APBA/cross_CD81/step0_APBA/AD4_parameters_custom.dat
2026-08-31 18:44:35,301 [Pipeline] GPF written → /home/chan/Research/Monomer_screening_in_Bio/results/phase3/CD9/NSGA_21_APBA/cross_CD81/step0_APBA/CD81_receptor_APBA.gpf
2026-08-31 18:44:35,425 [Pipeline] DPF written → /home/chan/Research/Monomer_screening_in_Bio/results/phase3/CD9/NSGA_21_APBA/cross_CD81/step0_APBA/CD81_receptor_APBA.dpf
2026-08-31 18:44:35,425 [Pipeline] AutoDock-GPU settings not transferable from DPF: parameter_file: AD-GPU ignores it. Receptor-side Si/B parameters reach the run only through the AutoGrid maps; ligand-internal ones only through --modpair (applied) | ls_search_freq / set_psw1 / sw_*: AD-GPU uses ADADELTA local search at 100% rate; the DPF's Solis-Wets block does not apply and the GPU search protocol is NOT identical to AD4 CPU | ga_num_evals is a CEILING on the GPU: --autostop 1 ends a run on convergence, so the DLG's 'evaluations performed' is normally well below the configured budget
2026-08-31 18:44:36,406 [Pipeline] AutoDock-GPU completed: CD81_receptor_APBA.dlg (seed (20260812, 2100230507, 2102462067))
2026-08-31 18:44:36,407 [Pipeline] Parsed 25 clusters from CD81_receptor_APBA.dlg
2026-08-31 18:44:36,408 [Pipeline] Parsed 25 clusters from CD81_receptor_APBA.dlg
2026-08-31 18:44:36,408 [Pipeline] Parsed 25 clusters from CD81_receptor_APBA.dlg
2026-08-31 18:44:36,409 [Pipeline] Merged receptor+ligand → /home/chan/Research/Monomer_screening_in_Bio/results/phase3/CD9/NSGA_21_APBA/cross_CD81/receptor_step0.pdb
2026-08-31 18:44:36,611 [Pipeline] Receptor PDBQT [ADFR prepare_receptor4 (python2.7)] → /home/chan/Research/Monomer_screening_in_Bio/results/phase3/CD9/NSGA_21_APBA/cross_CD81/receptor_step0.pdbqt
2026-08-31 18:44:36,612 [Pipeline]   charge check skipped (indeterminate: non-standard residues ['UNL']); net=-1.963 e
2026-08-31 18:44:36,613 [Pipeline] Custom AD4 parameters (B, Si) written: /home/chan/Research/Monomer_screening_in_Bio/results/phase3/CD9/NSGA_21_APBA/cross_CD81/step1_CETES/AD4_parameters_custom.dat
2026-08-31 18:44:36,613 [Pipeline] GPF written → /home/chan/Research/Monomer_screening_in_Bio/results/phase3/CD9/NSGA_21_APBA/cross_CD81/step1_CETES/receptor_step0_CETES.gpf
2026-08-31 18:44:38,160 [Pipeline] DPF written → /home/chan/Research/Monomer_screening_in_Bio/results/phase3/CD9/NSGA_21_APBA/cross_CD81/step1_CETES/receptor_step0_CETES.dpf
2026-08-31 18:44:38,160 [Pipeline] AutoDock-GPU settings not transferable from DPF: parameter_file: AD-GPU ignores it. Receptor-side Si/B parameters reach the run only through the AutoGrid maps; ligand-internal ones only through --modpair (applied) | ls_search_freq / set_psw1 / sw_*: AD-GPU uses ADADELTA local search at 100% rate; the DPF's Solis-Wets block does not apply and the GPU search protocol is NOT identical to AD4 CPU | ga_num_evals is a CEILING on the GPU: --autostop 1 ends a run on convergence, so the DLG's 'evaluations performed' is normally well below the configured budget
2026-08-31 18:44:39,492 [Pipeline] AutoDock-GPU completed: receptor_step0_CETES.dlg (seed (20260812, 1908145945, 1908670625))
2026-08-31 18:44:39,493 [Pipeline] Parsed 25 clusters from receptor_step0_CETES.dlg
2026-08-31 18:44:39,494 [Pipeline] Parsed 25 clusters from receptor_step0_CETES.dlg
2026-08-31 18:44:39,495 [Pipeline] Parsed 25 clusters from receptor_step0_CETES.dlg
2026-08-31 18:44:39,495 [Pipeline] Merged receptor+ligand → /home/chan/Research/Monomer_screening_in_Bio/results/phase3/CD9/NSGA_21_APBA/cross_CD81/receptor_step1.pdb
2026-08-31 18:44:39,704 [Pipeline] Receptor PDBQT [ADFR prepare_receptor4 (python2.7)] → /home/chan/Research/Monomer_screening_in_Bio/results/phase3/CD9/NSGA_21_APBA/cross_CD81/receptor_step1.pdbqt
2026-08-31 18:44:39,705 [Pipeline]   charge check skipped (indeterminate: non-standard residues ['UNL']); net=-1.962 e
2026-08-31 18:44:39,707 [Pipeline] Custom AD4 parameters (B, Si) written: /home/chan/Research/Monomer_screening_in_Bio/results/phase3/CD9/NSGA_21_APBA/cross_CD81/step2_IBTES/AD4_parameters_custom.dat
2026-08-31 18:44:39,707 [Pipeline] GPF written → /home/chan/Research/Monomer_screening_in_Bio/results/phase3/CD9/NSGA_21_APBA/cross_CD81/step2_IBTES/receptor_step1_IBTES.gpf
2026-08-31 18:44:41,209 [Pipeline] DPF written → /home/chan/Research/Monomer_screening_in_Bio/results/phase3/CD9/NSGA_21_APBA/cross_CD81/step2_IBTES/receptor_step1_IBTES.dpf
2026-08-31 18:44:41,210 [Pipeline] AutoDock-GPU settings not transferable from DPF: parameter_file: AD-GPU ignores it. Receptor-side Si/B parameters reach the run only through the AutoGrid maps; ligand-internal ones only through --modpair (applied) | ls_search_freq / set_psw1 / sw_*: AD-GPU uses ADADELTA local search at 100% rate; the DPF's Solis-Wets block does not apply and the GPU search protocol is NOT identical to AD4 CPU | ga_num_evals is a CEILING on the GPU: --autostop 1 ends a run on convergence, so the DLG's 'evaluations performed' is normally well below the configured budget
2026-08-31 18:44:42,230 [Pipeline] AutoDock-GPU completed: receptor_step1_IBTES.dlg (seed (20260812, 958535893, 961308389))
2026-08-31 18:44:42,231 [Pipeline] Parsed 25 clusters from receptor_step1_IBTES.dlg
2026-08-31 18:44:42,232 [Pipeline] Parsed 25 clusters from receptor_step1_IBTES.dlg
2026-08-31 18:44:42,232 [Pipeline] Parsed 25 clusters from receptor_step1_IBTES.dlg
2026-08-31 18:44:42,233 [Pipeline] Merged receptor+ligand → /home/chan/Research/Monomer_screening_in_Bio/results/phase3/CD9/NSGA_21_APBA/cross_CD81/receptor_step2.pdb
2026-08-31 18:44:42,438 [Pipeline] Receptor PDBQT [ADFR prepare_receptor4 (python2.7)] → /home/chan/Research/Monomer_screening_in_Bio/results/phase3/CD9/NSGA_21_APBA/cross_CD81/receptor_step2.pdbqt
2026-08-31 18:44:42,439 [Pipeline]   charge check skipped (indeterminate: non-standard residues ['UNL']); net=-1.963 e
2026-08-31 18:44:42,441 [Pipeline] Custom AD4 parameters (B, Si) written: /home/chan/Research/Monomer_screening_in_Bio/results/phase3/CD9/NSGA_21_APBA/cross_CD81/step3_TEOS/AD4_parameters_custom.dat
2026-08-31 18:44:42,441 [Pipeline] GPF written → /home/chan/Research/Monomer_screening_in_Bio/results/phase3/CD9/NSGA_21_APBA/cross_CD81/step3_TEOS/receptor_step2_TEOS.gpf
2026-08-31 18:44:43,932 [Pipeline] DPF written → /home/chan/Research/Monomer_screening_in_Bio/results/phase3/CD9/NSGA_21_APBA/cross_CD81/step3_TEOS/receptor_step2_TEOS.dpf
2026-08-31 18:44:43,932 [Pipeline] AutoDock-GPU settings not transferable from DPF: parameter_file: AD-GPU ignores it. Receptor-side Si/B parameters reach the run only through the AutoGrid maps; ligand-internal ones only through --modpair (applied) | ls_search_freq / set_psw1 / sw_*: AD-GPU uses ADADELTA local search at 100% rate; the DPF's Solis-Wets block does not apply and the GPU search protocol is NOT identical to AD4 CPU | ga_num_evals is a CEILING on the GPU: --autostop 1 ends a run on convergence, so the DLG's 'evaluations performed' is normally well below the configured budget
2026-08-31 18:44:44,872 [Pipeline] AutoDock-GPU completed: receptor_step2_TEOS.dlg (seed (20260812, 727588156, 731931324))
2026-08-31 18:44:44,873 [Pipeline] Parsed 25 clusters from receptor_step2_TEOS.dlg
2026-08-31 18:44:44,874 [Pipeline] Parsed 25 clusters from receptor_step2_TEOS.dlg
2026-08-31 18:44:44,874 [Pipeline] Parsed 25 clusters from receptor_step2_TEOS.dlg
2026-08-31 18:44:44,875 [Pipeline]     XL TEOS: BE=-3.22
2026-08-31 18:44:44,877 [Pipeline] Custom AD4 parameters (B, Si) written: /home/chan/Research/Monomer_screening_in_Bio/results/phase3/CD9/NSGA_21_APBA/cross_CD81/step3_TMOS/AD4_parameters_custom.dat
2026-08-31 18:44:44,877 [Pipeline] GPF written → /home/chan/Research/Monomer_screening_in_Bio/results/phase3/CD9/NSGA_21_APBA/cross_CD81/step3_TMOS/receptor_step2_TMOS.gpf
2026-08-31 18:44:46,368 [Pipeline] DPF written → /home/chan/Research/Monomer_screening_in_Bio/results/phase3/CD9/NSGA_21_APBA/cross_CD81/step3_TMOS/receptor_step2_TMOS.dpf
2026-08-31 18:44:46,368 [Pipeline] AutoDock-GPU settings not transferable from DPF: parameter_file: AD-GPU ignores it. Receptor-side Si/B parameters reach the run only through the AutoGrid maps; ligand-internal ones only through --modpair (applied) | ls_search_freq / set_psw1 / sw_*: AD-GPU uses ADADELTA local search at 100% rate; the DPF's Solis-Wets block does not apply and the GPU search protocol is NOT identical to AD4 CPU | ga_num_evals is a CEILING on the GPU: --autostop 1 ends a run on convergence, so the DLG's 'evaluations performed' is normally well below the configured budget
2026-08-31 18:44:47,168 [Pipeline] AutoDock-GPU completed: receptor_step2_TMOS.dlg (seed (20260812, 709148884, 749145836))
2026-08-31 18:44:47,169 [Pipeline] Parsed 25 clusters from receptor_step2_TMOS.dlg
2026-08-31 18:44:47,170 [Pipeline] Parsed 25 clusters from receptor_step2_TMOS.dlg
2026-08-31 18:44:47,170 [Pipeline] Parsed 25 clusters from receptor_step2_TMOS.dlg
2026-08-31 18:44:47,171 [Pipeline]     XL TMOS: BE=-3.13
2026-08-31 18:44:47,171 [Pipeline]     Best XL: TEOS (BE=-3.22)
2026-08-31 18:44:47,171 [Pipeline]     NSGA_21_APBA ΔΔG=-0.22 kcal/mol, penalty=0.39 → obj=-3.511
2026-08-31 18:44:47,171 [Pipeline]   NSGA[21]: ['APBA', 'IBTES', 'CETES'] → aff=-4.21, sel=0.52, synth=9.2/10, ΔΔG=-0.22
2026-08-31 18:44:47,173 [Pipeline] Custom AD4 parameters (B, Si) written: /home/chan/Research/Monomer_screening_in_Bio/results/phase3/CD9/NSGA_22_TTMS/step0_FPBA/AD4_parameters_custom.dat
2026-08-31 18:44:47,173 [Pipeline] GPF written → /home/chan/Research/Monomer_screening_in_Bio/results/phase3/CD9/NSGA_22_TTMS/step0_FPBA/CD9_receptor_FPBA.gpf
2026-08-31 18:44:48,645 [Pipeline] DPF written → /home/chan/Research/Monomer_screening_in_Bio/results/phase3/CD9/NSGA_22_TTMS/step0_FPBA/CD9_receptor_FPBA.dpf
2026-08-31 18:44:48,645 [Pipeline] AutoDock-GPU settings not transferable from DPF: parameter_file: AD-GPU ignores it. Receptor-side Si/B parameters reach the run only through the AutoGrid maps; ligand-internal ones only through --modpair (applied) | ls_search_freq / set_psw1 / sw_*: AD-GPU uses ADADELTA local search at 100% rate; the DPF's Solis-Wets block does not apply and the GPU search protocol is NOT identical to AD4 CPU | ga_num_evals is a CEILING on the GPU: --autostop 1 ends a run on convergence, so the DLG's 'evaluations performed' is normally well below the configured budget
2026-08-31 18:44:49,603 [Pipeline] AutoDock-GPU completed: CD9_receptor_FPBA.dlg (seed (20260812, 1964201909, 1968937029))
2026-08-31 18:44:49,603 [Pipeline] Parsed 25 clusters from CD9_receptor_FPBA.dlg
2026-08-31 18:44:49,604 [Pipeline] Parsed 25 clusters from CD9_receptor_FPBA.dlg
2026-08-31 18:44:49,605 [Pipeline] Parsed 25 clusters from CD9_receptor_FPBA.dlg
2026-08-31 18:44:49,605 [Pipeline] Merged receptor+ligand → /home/chan/Research/Monomer_screening_in_Bio/results/phase3/CD9/NSGA_22_TTMS/receptor_step0.pdb
2026-08-31 18:44:49,802 [Pipeline] Receptor PDBQT [ADFR prepare_receptor4 (python2.7)] → /home/chan/Research/Monomer_screening_in_Bio/results/phase3/CD9/NSGA_22_TTMS/receptor_step0.pdbqt
2026-08-31 18:44:49,802 [Pipeline]   charge check skipped (indeterminate: non-standard residues ['UNL']); net=-0.971 e
2026-08-31 18:44:49,804 [Pipeline] Custom AD4 parameters (B, Si) written: /home/chan/Research/Monomer_screening_in_Bio/results/phase3/CD9/NSGA_22_TTMS/step1_APBA/AD4_parameters_custom.dat
2026-08-31 18:44:49,804 [Pipeline] GPF written → /home/chan/Research/Monomer_screening_in_Bio/results/phase3/CD9/NSGA_22_TTMS/step1_APBA/receptor_step0_APBA.gpf
2026-08-31 18:44:51,256 [Pipeline] DPF written → /home/chan/Research/Monomer_screening_in_Bio/results/phase3/CD9/NSGA_22_TTMS/step1_APBA/receptor_step0_APBA.dpf
2026-08-31 18:44:51,257 [Pipeline] AutoDock-GPU settings not transferable from DPF: parameter_file: AD-GPU ignores it. Receptor-side Si/B parameters reach the run only through the AutoGrid maps; ligand-internal ones only through --modpair (applied) | ls_search_freq / set_psw1 / sw_*: AD-GPU uses ADADELTA local search at 100% rate; the DPF's Solis-Wets block does not apply and the GPU search protocol is NOT identical to AD4 CPU | ga_num_evals is a CEILING on the GPU: --autostop 1 ends a run on convergence, so the DLG's 'evaluations performed' is normally well below the configured budget
2026-08-31 18:44:52,210 [Pipeline] AutoDock-GPU completed: receptor_step0_APBA.dlg (seed (20260812, 1559272050, 1593501066))
2026-08-31 18:44:52,211 [Pipeline] Parsed 25 clusters from receptor_step0_APBA.dlg
2026-08-31 18:44:52,211 [Pipeline] Parsed 25 clusters from receptor_step0_APBA.dlg
2026-08-31 18:44:52,212 [Pipeline] Parsed 25 clusters from receptor_step0_APBA.dlg
2026-08-31 18:44:52,213 [Pipeline] Merged receptor+ligand → /home/chan/Research/Monomer_screening_in_Bio/results/phase3/CD9/NSGA_22_TTMS/receptor_step1.pdb
2026-08-31 18:44:52,412 [Pipeline] Receptor PDBQT [ADFR prepare_receptor4 (python2.7)] → /home/chan/Research/Monomer_screening_in_Bio/results/phase3/CD9/NSGA_22_TTMS/receptor_step1.pdbqt
2026-08-31 18:44:52,412 [Pipeline]   charge check skipped (indeterminate: non-standard residues ['UNL']); net=-0.969 e
2026-08-31 18:44:52,414 [Pipeline] Custom AD4 parameters (B, Si) written: /home/chan/Research/Monomer_screening_in_Bio/results/phase3/CD9/NSGA_22_TTMS/step2_ICTES/AD4_parameters_custom.dat
2026-08-31 18:44:52,414 [Pipeline] GPF written → /home/chan/Research/Monomer_screening_in_Bio/results/phase3/CD9/NSGA_22_TTMS/step2_ICTES/receptor_step1_ICTES.gpf
2026-08-31 18:44:53,854 [Pipeline] DPF written → /home/chan/Research/Monomer_screening_in_Bio/results/phase3/CD9/NSGA_22_TTMS/step2_ICTES/receptor_step1_ICTES.dpf
2026-08-31 18:44:53,854 [Pipeline] AutoDock-GPU settings not transferable from DPF: parameter_file: AD-GPU ignores it. Receptor-side Si/B parameters reach the run only through the AutoGrid maps; ligand-internal ones only through --modpair (applied) | ls_search_freq / set_psw1 / sw_*: AD-GPU uses ADADELTA local search at 100% rate; the DPF's Solis-Wets block does not apply and the GPU search protocol is NOT identical to AD4 CPU | ga_num_evals is a CEILING on the GPU: --autostop 1 ends a run on convergence, so the DLG's 'evaluations performed' is normally well below the configured budget
2026-08-31 18:44:54,989 [Pipeline] AutoDock-GPU completed: receptor_step1_ICTES.dlg (seed (20260812, 1284275869, 1324253469))
2026-08-31 18:44:54,990 [Pipeline] Parsed 25 clusters from receptor_step1_ICTES.dlg
2026-08-31 18:44:54,991 [Pipeline] Parsed 25 clusters from receptor_step1_ICTES.dlg
2026-08-31 18:44:54,992 [Pipeline] Parsed 25 clusters from receptor_step1_ICTES.dlg
2026-08-31 18:44:54,993 [Pipeline] Merged receptor+ligand → /home/chan/Research/Monomer_screening_in_Bio/results/phase3/CD9/NSGA_22_TTMS/receptor_step2.pdb
2026-08-31 18:44:55,191 [Pipeline] Receptor PDBQT [ADFR prepare_receptor4 (python2.7)] → /home/chan/Research/Monomer_screening_in_Bio/results/phase3/CD9/NSGA_22_TTMS/receptor_step2.pdbqt
2026-08-31 18:44:55,192 [Pipeline]   charge check skipped (indeterminate: non-standard residues ['UNL']); net=-0.968 e
2026-08-31 18:44:55,194 [Pipeline] Custom AD4 parameters (B, Si) written: /home/chan/Research/Monomer_screening_in_Bio/results/phase3/CD9/NSGA_22_TTMS/step3_TTMS/AD4_parameters_custom.dat
2026-08-31 18:44:55,194 [Pipeline] GPF written → /home/chan/Research/Monomer_screening_in_Bio/results/phase3/CD9/NSGA_22_TTMS/step3_TTMS/receptor_step2_TTMS.gpf
2026-08-31 18:44:56,636 [Pipeline] DPF written → /home/chan/Research/Monomer_screening_in_Bio/results/phase3/CD9/NSGA_22_TTMS/step3_TTMS/receptor_step2_TTMS.dpf
2026-08-31 18:44:56,636 [Pipeline] AutoDock-GPU settings not transferable from DPF: parameter_file: AD-GPU ignores it. Receptor-side Si/B parameters reach the run only through the AutoGrid maps; ligand-internal ones only through --modpair (applied) | ls_search_freq / set_psw1 / sw_*: AD-GPU uses ADADELTA local search at 100% rate; the DPF's Solis-Wets block does not apply and the GPU search protocol is NOT identical to AD4 CPU | ga_num_evals is a CEILING on the GPU: --autostop 1 ends a run on convergence, so the DLG's 'evaluations performed' is normally well below the configured budget
2026-08-31 18:44:57,546 [Pipeline] AutoDock-GPU completed: receptor_step2_TTMS.dlg (seed (20260812, 1821052748, 1861439564))
2026-08-31 18:44:57,547 [Pipeline] Parsed 25 clusters from receptor_step2_TTMS.dlg
2026-08-31 18:44:57,548 [Pipeline] Parsed 25 clusters from receptor_step2_TTMS.dlg
2026-08-31 18:44:57,549 [Pipeline] Parsed 25 clusters from receptor_step2_TTMS.dlg
2026-08-31 18:44:57,549 [Pipeline] Merged receptor+ligand → /home/chan/Research/Monomer_screening_in_Bio/results/phase3/CD9/NSGA_22_TTMS/receptor_step3.pdb
2026-08-31 18:44:57,779 [Pipeline] Receptor PDBQT [ADFR prepare_receptor4 (python2.7)] → /home/chan/Research/Monomer_screening_in_Bio/results/phase3/CD9/NSGA_22_TTMS/receptor_step3.pdbqt
2026-08-31 18:44:57,780 [Pipeline]   charge check skipped (indeterminate: non-standard residues ['UNL']); net=-0.968 e
2026-08-31 18:44:57,782 [Pipeline] Custom AD4 parameters (B, Si) written: /home/chan/Research/Monomer_screening_in_Bio/results/phase3/CD9/NSGA_22_TTMS/step4_TEOS/AD4_parameters_custom.dat
2026-08-31 18:44:57,782 [Pipeline] GPF written → /home/chan/Research/Monomer_screening_in_Bio/results/phase3/CD9/NSGA_22_TTMS/step4_TEOS/receptor_step3_TEOS.gpf
2026-08-31 18:44:59,448 [Pipeline] DPF written → /home/chan/Research/Monomer_screening_in_Bio/results/phase3/CD9/NSGA_22_TTMS/step4_TEOS/receptor_step3_TEOS.dpf
2026-08-31 18:44:59,448 [Pipeline] AutoDock-GPU settings not transferable from DPF: parameter_file: AD-GPU ignores it. Receptor-side Si/B parameters reach the run only through the AutoGrid maps; ligand-internal ones only through --modpair (applied) | ls_search_freq / set_psw1 / sw_*: AD-GPU uses ADADELTA local search at 100% rate; the DPF's Solis-Wets block does not apply and the GPU search protocol is NOT identical to AD4 CPU | ga_num_evals is a CEILING on the GPU: --autostop 1 ends a run on convergence, so the DLG's 'evaluations performed' is normally well below the configured budget
2026-08-31 18:45:00,596 [Pipeline] AutoDock-GPU completed: receptor_step3_TEOS.dlg (seed (20260812, 1864881821, 1866995997))
2026-08-31 18:45:00,597 [Pipeline] Parsed 25 clusters from receptor_step3_TEOS.dlg
2026-08-31 18:45:00,598 [Pipeline] Parsed 25 clusters from receptor_step3_TEOS.dlg
2026-08-31 18:45:00,599 [Pipeline] Parsed 25 clusters from receptor_step3_TEOS.dlg
2026-08-31 18:45:00,599 [Pipeline]     XL TEOS: BE=-3.06
2026-08-31 18:45:00,601 [Pipeline] Custom AD4 parameters (B, Si) written: /home/chan/Research/Monomer_screening_in_Bio/results/phase3/CD9/NSGA_22_TTMS/step4_TMOS/AD4_parameters_custom.dat
2026-08-31 18:45:00,601 [Pipeline] GPF written → /home/chan/Research/Monomer_screening_in_Bio/results/phase3/CD9/NSGA_22_TTMS/step4_TMOS/receptor_step3_TMOS.gpf
2026-08-31 18:45:02,219 [Pipeline] DPF written → /home/chan/Research/Monomer_screening_in_Bio/results/phase3/CD9/NSGA_22_TTMS/step4_TMOS/receptor_step3_TMOS.dpf
2026-08-31 18:45:02,219 [Pipeline] AutoDock-GPU settings not transferable from DPF: parameter_file: AD-GPU ignores it. Receptor-side Si/B parameters reach the run only through the AutoGrid maps; ligand-internal ones only through --modpair (applied) | ls_search_freq / set_psw1 / sw_*: AD-GPU uses ADADELTA local search at 100% rate; the DPF's Solis-Wets block does not apply and the GPU search protocol is NOT identical to AD4 CPU | ga_num_evals is a CEILING on the GPU: --autostop 1 ends a run on convergence, so the DLG's 'evaluations performed' is normally well below the configured budget
2026-08-31 18:45:03,046 [Pipeline] AutoDock-GPU completed: receptor_step3_TMOS.dlg (seed (20260812, 341728261, 379626389))
2026-08-31 18:45:03,047 [Pipeline] Parsed 25 clusters from receptor_step3_TMOS.dlg
2026-08-31 18:45:03,048 [Pipeline] Parsed 25 clusters from receptor_step3_TMOS.dlg
2026-08-31 18:45:03,048 [Pipeline] Parsed 25 clusters from receptor_step3_TMOS.dlg
2026-08-31 18:45:03,049 [Pipeline]     XL TMOS: BE=-3.05
2026-08-31 18:45:03,049 [Pipeline]     Best XL: TEOS (BE=-3.06)
2026-08-31 18:45:03,052 [Pipeline] Custom AD4 parameters (B, Si) written: /home/chan/Research/Monomer_screening_in_Bio/results/phase3/CD9/NSGA_22_TTMS/cross_CD63/step0_FPBA/AD4_parameters_custom.dat
2026-08-31 18:45:03,052 [Pipeline] GPF written → /home/chan/Research/Monomer_screening_in_Bio/results/phase3/CD9/NSGA_22_TTMS/cross_CD63/step0_FPBA/CD63_receptor_glyco_FPBA.gpf
2026-08-31 18:45:09,240 [Pipeline] DPF written → /home/chan/Research/Monomer_screening_in_Bio/results/phase3/CD9/NSGA_22_TTMS/cross_CD63/step0_FPBA/CD63_receptor_glyco_FPBA.dpf
2026-08-31 18:45:09,240 [Pipeline] AutoDock-GPU settings not transferable from DPF: parameter_file: AD-GPU ignores it. Receptor-side Si/B parameters reach the run only through the AutoGrid maps; ligand-internal ones only through --modpair (applied) | ls_search_freq / set_psw1 / sw_*: AD-GPU uses ADADELTA local search at 100% rate; the DPF's Solis-Wets block does not apply and the GPU search protocol is NOT identical to AD4 CPU | ga_num_evals is a CEILING on the GPU: --autostop 1 ends a run on convergence, so the DLG's 'evaluations performed' is normally well below the configured budget
2026-08-31 18:45:12,018 [Pipeline] AutoDock-GPU completed: CD63_receptor_glyco_FPBA.dlg (seed (20260812, 329769312, 331869792))
2026-08-31 18:45:12,019 [Pipeline] Parsed 25 clusters from CD63_receptor_glyco_FPBA.dlg
2026-08-31 18:45:12,019 [Pipeline] Parsed 25 clusters from CD63_receptor_glyco_FPBA.dlg
2026-08-31 18:45:12,020 [Pipeline] Parsed 25 clusters from CD63_receptor_glyco_FPBA.dlg
2026-08-31 18:45:12,021 [Pipeline] Merged receptor+ligand → /home/chan/Research/Monomer_screening_in_Bio/results/phase3/CD9/NSGA_22_TTMS/cross_CD63/receptor_step0.pdb
2026-08-31 18:45:12,298 [Pipeline] Receptor PDBQT [ADFR prepare_receptor4 (python2.7)] → /home/chan/Research/Monomer_screening_in_Bio/results/phase3/CD9/NSGA_22_TTMS/cross_CD63/receptor_step0.pdbqt
2026-08-31 18:45:12,299 [Pipeline]   charge check skipped (indeterminate: non-standard residues ['UNL']); net=+2.023 e
2026-08-31 18:45:12,301 [Pipeline] Custom AD4 parameters (B, Si) written: /home/chan/Research/Monomer_screening_in_Bio/results/phase3/CD9/NSGA_22_TTMS/cross_CD63/step1_APBA/AD4_parameters_custom.dat
2026-08-31 18:45:12,302 [Pipeline] GPF written → /home/chan/Research/Monomer_screening_in_Bio/results/phase3/CD9/NSGA_22_TTMS/cross_CD63/step1_APBA/receptor_step0_APBA.gpf
2026-08-31 18:45:18,941 [Pipeline] DPF written → /home/chan/Research/Monomer_screening_in_Bio/results/phase3/CD9/NSGA_22_TTMS/cross_CD63/step1_APBA/receptor_step0_APBA.dpf
2026-08-31 18:45:18,942 [Pipeline] AutoDock-GPU settings not transferable from DPF: parameter_file: AD-GPU ignores it. Receptor-side Si/B parameters reach the run only through the AutoGrid maps; ligand-internal ones only through --modpair (applied) | ls_search_freq / set_psw1 / sw_*: AD-GPU uses ADADELTA local search at 100% rate; the DPF's Solis-Wets block does not apply and the GPU search protocol is NOT identical to AD4 CPU | ga_num_evals is a CEILING on the GPU: --autostop 1 ends a run on convergence, so the DLG's 'evaluations performed' is normally well below the configured budget
2026-08-31 18:45:21,225 [Pipeline] AutoDock-GPU completed: receptor_step0_APBA.dlg (seed (20260812, 1559272050, 1593501066))
2026-08-31 18:45:21,226 [Pipeline] Parsed 25 clusters from receptor_step0_APBA.dlg
2026-08-31 18:45:21,226 [Pipeline] Parsed 25 clusters from receptor_step0_APBA.dlg
2026-08-31 18:45:21,227 [Pipeline] Parsed 25 clusters from receptor_step0_APBA.dlg
2026-08-31 18:45:21,228 [Pipeline] Merged receptor+ligand → /home/chan/Research/Monomer_screening_in_Bio/results/phase3/CD9/NSGA_22_TTMS/cross_CD63/receptor_step1.pdb
2026-08-31 18:45:21,592 [Pipeline] Receptor PDBQT [ADFR prepare_receptor4 (python2.7)] → /home/chan/Research/Monomer_screening_in_Bio/results/phase3/CD9/NSGA_22_TTMS/cross_CD63/receptor_step1.pdbqt
2026-08-31 18:45:21,593 [Pipeline]   charge check skipped (indeterminate: non-standard residues ['UNL']); net=+2.025 e
2026-08-31 18:45:21,595 [Pipeline] Custom AD4 parameters (B, Si) written: /home/chan/Research/Monomer_screening_in_Bio/results/phase3/CD9/NSGA_22_TTMS/cross_CD63/step2_ICTES/AD4_parameters_custom.dat
2026-08-31 18:45:21,595 [Pipeline] GPF written → /home/chan/Research/Monomer_screening_in_Bio/results/phase3/CD9/NSGA_22_TTMS/cross_CD63/step2_ICTES/receptor_step1_ICTES.gpf
2026-08-31 18:45:28,434 [Pipeline] DPF written → /home/chan/Research/Monomer_screening_in_Bio/results/phase3/CD9/NSGA_22_TTMS/cross_CD63/step2_ICTES/receptor_step1_ICTES.dpf
2026-08-31 18:45:28,434 [Pipeline] AutoDock-GPU settings not transferable from DPF: parameter_file: AD-GPU ignores it. Receptor-side Si/B parameters reach the run only through the AutoGrid maps; ligand-internal ones only through --modpair (applied) | ls_search_freq / set_psw1 / sw_*: AD-GPU uses ADADELTA local search at 100% rate; the DPF's Solis-Wets block does not apply and the GPU search protocol is NOT identical to AD4 CPU | ga_num_evals is a CEILING on the GPU: --autostop 1 ends a run on convergence, so the DLG's 'evaluations performed' is normally well below the configured budget
2026-08-31 18:45:31,248 [Pipeline] AutoDock-GPU completed: receptor_step1_ICTES.dlg (seed (20260812, 1284275869, 1324253469))
2026-08-31 18:45:31,249 [Pipeline] Parsed 25 clusters from receptor_step1_ICTES.dlg
2026-08-31 18:45:31,249 [Pipeline] Parsed 25 clusters from receptor_step1_ICTES.dlg
2026-08-31 18:45:31,250 [Pipeline] Parsed 25 clusters from receptor_step1_ICTES.dlg
2026-08-31 18:45:31,251 [Pipeline] Merged receptor+ligand → /home/chan/Research/Monomer_screening_in_Bio/results/phase3/CD9/NSGA_22_TTMS/cross_CD63/receptor_step2.pdb
2026-08-31 18:45:31,558 [Pipeline] Receptor PDBQT [ADFR prepare_receptor4 (python2.7)] → /home/chan/Research/Monomer_screening_in_Bio/results/phase3/CD9/NSGA_22_TTMS/cross_CD63/receptor_step2.pdbqt
2026-08-31 18:45:31,560 [Pipeline]   charge check skipped (indeterminate: non-standard residues ['UNL']); net=+2.026 e
2026-08-31 18:45:31,562 [Pipeline] Custom AD4 parameters (B, Si) written: /home/chan/Research/Monomer_screening_in_Bio/results/phase3/CD9/NSGA_22_TTMS/cross_CD63/step3_TTMS/AD4_parameters_custom.dat
2026-08-31 18:45:31,562 [Pipeline] GPF written → /home/chan/Research/Monomer_screening_in_Bio/results/phase3/CD9/NSGA_22_TTMS/cross_CD63/step3_TTMS/receptor_step2_TTMS.gpf
2026-08-31 18:45:38,295 [Pipeline] DPF written → /home/chan/Research/Monomer_screening_in_Bio/results/phase3/CD9/NSGA_22_TTMS/cross_CD63/step3_TTMS/receptor_step2_TTMS.dpf
2026-08-31 18:45:38,295 [Pipeline] AutoDock-GPU settings not transferable from DPF: parameter_file: AD-GPU ignores it. Receptor-side Si/B parameters reach the run only through the AutoGrid maps; ligand-internal ones only through --modpair (applied) | ls_search_freq / set_psw1 / sw_*: AD-GPU uses ADADELTA local search at 100% rate; the DPF's Solis-Wets block does not apply and the GPU search protocol is NOT identical to AD4 CPU | ga_num_evals is a CEILING on the GPU: --autostop 1 ends a run on convergence, so the DLG's 'evaluations performed' is normally well below the configured budget
2026-08-31 18:45:38,920 [Pipeline] AutoDock-GPU completed: receptor_step2_TTMS.dlg (seed (20260812, 1821052748, 1861439564))
2026-08-31 18:45:38,921 [Pipeline] Parsed 25 clusters from receptor_step2_TTMS.dlg
2026-08-31 18:45:38,922 [Pipeline] Parsed 25 clusters from receptor_step2_TTMS.dlg
2026-08-31 18:45:38,923 [Pipeline] Parsed 25 clusters from receptor_step2_TTMS.dlg
2026-08-31 18:45:38,923 [Pipeline] Merged receptor+ligand → /home/chan/Research/Monomer_screening_in_Bio/results/phase3/CD9/NSGA_22_TTMS/cross_CD63/receptor_step3.pdb
2026-08-31 18:45:39,228 [Pipeline] Receptor PDBQT [ADFR prepare_receptor4 (python2.7)] → /home/chan/Research/Monomer_screening_in_Bio/results/phase3/CD9/NSGA_22_TTMS/cross_CD63/receptor_step3.pdbqt
2026-08-31 18:45:39,229 [Pipeline]   charge check skipped (indeterminate: non-standard residues ['UNL']); net=+2.026 e
2026-08-31 18:45:39,231 [Pipeline] Custom AD4 parameters (B, Si) written: /home/chan/Research/Monomer_screening_in_Bio/results/phase3/CD9/NSGA_22_TTMS/cross_CD63/step4_TEOS/AD4_parameters_custom.dat
2026-08-31 18:45:39,231 [Pipeline] GPF written → /home/chan/Research/Monomer_screening_in_Bio/results/phase3/CD9/NSGA_22_TTMS/cross_CD63/step4_TEOS/receptor_step3_TEOS.gpf
2026-08-31 18:45:45,445 [Pipeline] DPF written → /home/chan/Research/Monomer_screening_in_Bio/results/phase3/CD9/NSGA_22_TTMS/cross_CD63/step4_TEOS/receptor_step3_TEOS.dpf
2026-08-31 18:45:45,445 [Pipeline] AutoDock-GPU settings not transferable from DPF: parameter_file: AD-GPU ignores it. Receptor-side Si/B parameters reach the run only through the AutoGrid maps; ligand-internal ones only through --modpair (applied) | ls_search_freq / set_psw1 / sw_*: AD-GPU uses ADADELTA local search at 100% rate; the DPF's Solis-Wets block does not apply and the GPU search protocol is NOT identical to AD4 CPU | ga_num_evals is a CEILING on the GPU: --autostop 1 ends a run on convergence, so the DLG's 'evaluations performed' is normally well below the configured budget
2026-08-31 18:45:47,145 [Pipeline] AutoDock-GPU completed: receptor_step3_TEOS.dlg (seed (20260812, 1864881821, 1866995997))
2026-08-31 18:45:47,146 [Pipeline] Parsed 25 clusters from receptor_step3_TEOS.dlg
2026-08-31 18:45:47,146 [Pipeline] Parsed 25 clusters from receptor_step3_TEOS.dlg
2026-08-31 18:45:47,147 [Pipeline] Parsed 25 clusters from receptor_step3_TEOS.dlg
2026-08-31 18:45:47,148 [Pipeline]     XL TEOS: BE=-3.11
2026-08-31 18:45:47,150 [Pipeline] Custom AD4 parameters (B, Si) written: /home/chan/Research/Monomer_screening_in_Bio/results/phase3/CD9/NSGA_22_TTMS/cross_CD63/step4_TMOS/AD4_parameters_custom.dat
2026-08-31 18:45:47,150 [Pipeline] GPF written → /home/chan/Research/Monomer_screening_in_Bio/results/phase3/CD9/NSGA_22_TTMS/cross_CD63/step4_TMOS/receptor_step3_TMOS.gpf
2026-08-31 18:45:53,922 [Pipeline] DPF written → /home/chan/Research/Monomer_screening_in_Bio/results/phase3/CD9/NSGA_22_TTMS/cross_CD63/step4_TMOS/receptor_step3_TMOS.dpf
2026-08-31 18:45:53,922 [Pipeline] AutoDock-GPU settings not transferable from DPF: parameter_file: AD-GPU ignores it. Receptor-side Si/B parameters reach the run only through the AutoGrid maps; ligand-internal ones only through --modpair (applied) | ls_search_freq / set_psw1 / sw_*: AD-GPU uses ADADELTA local search at 100% rate; the DPF's Solis-Wets block does not apply and the GPU search protocol is NOT identical to AD4 CPU | ga_num_evals is a CEILING on the GPU: --autostop 1 ends a run on convergence, so the DLG's 'evaluations performed' is normally well below the configured budget
2026-08-31 18:45:56,099 [Pipeline] AutoDock-GPU completed: receptor_step3_TMOS.dlg (seed (20260812, 341728261, 379626389))
2026-08-31 18:45:56,100 [Pipeline] Parsed 25 clusters from receptor_step3_TMOS.dlg
2026-08-31 18:45:56,100 [Pipeline] Parsed 25 clusters from receptor_step3_TMOS.dlg
2026-08-31 18:45:56,101 [Pipeline] Parsed 25 clusters from receptor_step3_TMOS.dlg
2026-08-31 18:45:56,101 [Pipeline]     XL TMOS: BE=-2.90
2026-08-31 18:45:56,101 [Pipeline]     Best XL: TEOS (BE=-3.11)
2026-08-31 18:45:56,103 [Pipeline] Custom AD4 parameters (B, Si) written: /home/chan/Research/Monomer_screening_in_Bio/results/phase3/CD9/NSGA_22_TTMS/cross_CD81/step0_FPBA/AD4_parameters_custom.dat
2026-08-31 18:45:56,104 [Pipeline] GPF written → /home/chan/Research/Monomer_screening_in_Bio/results/phase3/CD9/NSGA_22_TTMS/cross_CD81/step0_FPBA/CD81_receptor_FPBA.gpf
2026-08-31 18:45:58,048 [Pipeline] DPF written → /home/chan/Research/Monomer_screening_in_Bio/results/phase3/CD9/NSGA_22_TTMS/cross_CD81/step0_FPBA/CD81_receptor_FPBA.dpf
2026-08-31 18:45:58,048 [Pipeline] AutoDock-GPU settings not transferable from DPF: parameter_file: AD-GPU ignores it. Receptor-side Si/B parameters reach the run only through the AutoGrid maps; ligand-internal ones only through --modpair (applied) | ls_search_freq / set_psw1 / sw_*: AD-GPU uses ADADELTA local search at 100% rate; the DPF's Solis-Wets block does not apply and the GPU search protocol is NOT identical to AD4 CPU | ga_num_evals is a CEILING on the GPU: --autostop 1 ends a run on convergence, so the DLG's 'evaluations performed' is normally well below the configured budget
2026-08-31 18:45:59,167 [Pipeline] AutoDock-GPU completed: CD81_receptor_FPBA.dlg (seed (20260812, 1063573366, 1065818246))
2026-08-31 18:45:59,168 [Pipeline] Parsed 25 clusters from CD81_receptor_FPBA.dlg
2026-08-31 18:45:59,168 [Pipeline] Parsed 25 clusters from CD81_receptor_FPBA.dlg
2026-08-31 18:45:59,169 [Pipeline] Parsed 25 clusters from CD81_receptor_FPBA.dlg
2026-08-31 18:45:59,170 [Pipeline] Merged receptor+ligand → /home/chan/Research/Monomer_screening_in_Bio/results/phase3/CD9/NSGA_22_TTMS/cross_CD81/receptor_step0.pdb
2026-08-31 18:45:59,431 [Pipeline] Receptor PDBQT [ADFR prepare_receptor4 (python2.7)] → /home/chan/Research/Monomer_screening_in_Bio/results/phase3/CD9/NSGA_22_TTMS/cross_CD81/receptor_step0.pdbqt
2026-08-31 18:45:59,432 [Pipeline]   charge check skipped (indeterminate: non-standard residues ['UNL']); net=-1.964 e
2026-08-31 18:45:59,434 [Pipeline] Custom AD4 parameters (B, Si) written: /home/chan/Research/Monomer_screening_in_Bio/results/phase3/CD9/NSGA_22_TTMS/cross_CD81/step1_APBA/AD4_parameters_custom.dat
2026-08-31 18:45:59,434 [Pipeline] GPF written → /home/chan/Research/Monomer_screening_in_Bio/results/phase3/CD9/NSGA_22_TTMS/cross_CD81/step1_APBA/receptor_step0_APBA.gpf
2026-08-31 18:46:01,242 [Pipeline] DPF written → /home/chan/Research/Monomer_screening_in_Bio/results/phase3/CD9/NSGA_22_TTMS/cross_CD81/step1_APBA/receptor_step0_APBA.dpf
2026-08-31 18:46:01,242 [Pipeline] AutoDock-GPU settings not transferable from DPF: parameter_file: AD-GPU ignores it. Receptor-side Si/B parameters reach the run only through the AutoGrid maps; ligand-internal ones only through --modpair (applied) | ls_search_freq / set_psw1 / sw_*: AD-GPU uses ADADELTA local search at 100% rate; the DPF's Solis-Wets block does not apply and the GPU search protocol is NOT identical to AD4 CPU | ga_num_evals is a CEILING on the GPU: --autostop 1 ends a run on convergence, so the DLG's 'evaluations performed' is normally well below the configured budget
2026-08-31 18:46:02,449 [Pipeline] AutoDock-GPU completed: receptor_step0_APBA.dlg (seed (20260812, 1559272050, 1593501066))
2026-08-31 18:46:02,449 [Pipeline] Parsed 25 clusters from receptor_step0_APBA.dlg
2026-08-31 18:46:02,450 [Pipeline] Parsed 25 clusters from receptor_step0_APBA.dlg
2026-08-31 18:46:02,451 [Pipeline] Parsed 25 clusters from receptor_step0_APBA.dlg
2026-08-31 18:46:02,451 [Pipeline] Merged receptor+ligand → /home/chan/Research/Monomer_screening_in_Bio/results/phase3/CD9/NSGA_22_TTMS/cross_CD81/receptor_step1.pdb
2026-08-31 18:46:02,697 [Pipeline] Receptor PDBQT [ADFR prepare_receptor4 (python2.7)] → /home/chan/Research/Monomer_screening_in_Bio/results/phase3/CD9/NSGA_22_TTMS/cross_CD81/receptor_step1.pdbqt
2026-08-31 18:46:02,698 [Pipeline]   charge check skipped (indeterminate: non-standard residues ['UNL']); net=-1.962 e
2026-08-31 18:46:02,700 [Pipeline] Custom AD4 parameters (B, Si) written: /home/chan/Research/Monomer_screening_in_Bio/results/phase3/CD9/NSGA_22_TTMS/cross_CD81/step2_ICTES/AD4_parameters_custom.dat
2026-08-31 18:46:02,700 [Pipeline] GPF written → /home/chan/Research/Monomer_screening_in_Bio/results/phase3/CD9/NSGA_22_TTMS/cross_CD81/step2_ICTES/receptor_step1_ICTES.gpf
2026-08-31 18:46:04,480 [Pipeline] DPF written → /home/chan/Research/Monomer_screening_in_Bio/results/phase3/CD9/NSGA_22_TTMS/cross_CD81/step2_ICTES/receptor_step1_ICTES.dpf
2026-08-31 18:46:04,480 [Pipeline] AutoDock-GPU settings not transferable from DPF: parameter_file: AD-GPU ignores it. Receptor-side Si/B parameters reach the run only through the AutoGrid maps; ligand-internal ones only through --modpair (applied) | ls_search_freq / set_psw1 / sw_*: AD-GPU uses ADADELTA local search at 100% rate; the DPF's Solis-Wets block does not apply and the GPU search protocol is NOT identical to AD4 CPU | ga_num_evals is a CEILING on the GPU: --autostop 1 ends a run on convergence, so the DLG's 'evaluations performed' is normally well below the configured budget
2026-08-31 18:46:06,263 [Pipeline] AutoDock-GPU completed: receptor_step1_ICTES.dlg (seed (20260812, 1284275869, 1324253469))
2026-08-31 18:46:06,264 [Pipeline] Parsed 25 clusters from receptor_step1_ICTES.dlg
2026-08-31 18:46:06,265 [Pipeline] Parsed 25 clusters from receptor_step1_ICTES.dlg
2026-08-31 18:46:06,266 [Pipeline] Parsed 25 clusters from receptor_step1_ICTES.dlg
2026-08-31 18:46:06,266 [Pipeline] Merged receptor+ligand → /home/chan/Research/Monomer_screening_in_Bio/results/phase3/CD9/NSGA_22_TTMS/cross_CD81/receptor_step2.pdb
2026-08-31 18:46:06,482 [Pipeline] Receptor PDBQT [ADFR prepare_receptor4 (python2.7)] → /home/chan/Research/Monomer_screening_in_Bio/results/phase3/CD9/NSGA_22_TTMS/cross_CD81/receptor_step2.pdbqt
2026-08-31 18:46:06,483 [Pipeline]   charge check skipped (indeterminate: non-standard residues ['UNL']); net=-1.961 e
2026-08-31 18:46:06,485 [Pipeline] Custom AD4 parameters (B, Si) written: /home/chan/Research/Monomer_screening_in_Bio/results/phase3/CD9/NSGA_22_TTMS/cross_CD81/step3_TTMS/AD4_parameters_custom.dat
2026-08-31 18:46:06,485 [Pipeline] GPF written → /home/chan/Research/Monomer_screening_in_Bio/results/phase3/CD9/NSGA_22_TTMS/cross_CD81/step3_TTMS/receptor_step2_TTMS.gpf
2026-08-31 18:46:08,279 [Pipeline] DPF written → /home/chan/Research/Monomer_screening_in_Bio/results/phase3/CD9/NSGA_22_TTMS/cross_CD81/step3_TTMS/receptor_step2_TTMS.dpf
2026-08-31 18:46:08,280 [Pipeline] AutoDock-GPU settings not transferable from DPF: parameter_file: AD-GPU ignores it. Receptor-side Si/B parameters reach the run only through the AutoGrid maps; ligand-internal ones only through --modpair (applied) | ls_search_freq / set_psw1 / sw_*: AD-GPU uses ADADELTA local search at 100% rate; the DPF's Solis-Wets block does not apply and the GPU search protocol is NOT identical to AD4 CPU | ga_num_evals is a CEILING on the GPU: --autostop 1 ends a run on convergence, so the DLG's 'evaluations performed' is normally well below the configured budget
2026-08-31 18:46:09,247 [Pipeline] AutoDock-GPU completed: receptor_step2_TTMS.dlg (seed (20260812, 1821052748, 1861439564))
2026-08-31 18:46:09,248 [Pipeline] Parsed 25 clusters from receptor_step2_TTMS.dlg
2026-08-31 18:46:09,249 [Pipeline] Parsed 25 clusters from receptor_step2_TTMS.dlg
2026-08-31 18:46:09,249 [Pipeline] Parsed 25 clusters from receptor_step2_TTMS.dlg
2026-08-31 18:46:09,250 [Pipeline] Merged receptor+ligand → /home/chan/Research/Monomer_screening_in_Bio/results/phase3/CD9/NSGA_22_TTMS/cross_CD81/receptor_step3.pdb
2026-08-31 18:46:09,493 [Pipeline] Receptor PDBQT [ADFR prepare_receptor4 (python2.7)] → /home/chan/Research/Monomer_screening_in_Bio/results/phase3/CD9/NSGA_22_TTMS/cross_CD81/receptor_step3.pdbqt
2026-08-31 18:46:09,493 [Pipeline]   charge check skipped (indeterminate: non-standard residues ['UNL']); net=-1.961 e
2026-08-31 18:46:09,496 [Pipeline] Custom AD4 parameters (B, Si) written: /home/chan/Research/Monomer_screening_in_Bio/results/phase3/CD9/NSGA_22_TTMS/cross_CD81/step4_TEOS/AD4_parameters_custom.dat
2026-08-31 18:46:09,496 [Pipeline] GPF written → /home/chan/Research/Monomer_screening_in_Bio/results/phase3/CD9/NSGA_22_TTMS/cross_CD81/step4_TEOS/receptor_step3_TEOS.gpf
2026-08-31 18:46:09,784 [Pipeline] DPF written → /home/chan/Research/Monomer_screening_in_Bio/results/phase3/CD9/NSGA_22_TTMS/cross_CD81/step4_TEOS/receptor_step3_TEOS.dpf
2026-08-31 18:46:09,784 [Pipeline] AutoDock-GPU settings not transferable from DPF: parameter_file: AD-GPU ignores it. Receptor-side Si/B parameters reach the run only through the AutoGrid maps; ligand-internal ones only through --modpair (applied) | ls_search_freq / set_psw1 / sw_*: AD-GPU uses ADADELTA local search at 100% rate; the DPF's Solis-Wets block does not apply and the GPU search protocol is NOT identical to AD4 CPU | ga_num_evals is a CEILING on the GPU: --autostop 1 ends a run on convergence, so the DLG's 'evaluations performed' is normally well below the configured budget
2026-08-31 18:46:10,988 [Pipeline] AutoDock-GPU completed: receptor_step3_TEOS.dlg (seed (20260812, 1864881821, 1866995997))
2026-08-31 18:46:10,989 [Pipeline] Parsed 25 clusters from receptor_step3_TEOS.dlg
2026-08-31 18:46:10,990 [Pipeline] Parsed 25 clusters from receptor_step3_TEOS.dlg
2026-08-31 18:46:10,991 [Pipeline] Parsed 25 clusters from receptor_step3_TEOS.dlg
2026-08-31 18:46:10,991 [Pipeline]     XL TEOS: BE=-3.56
2026-08-31 18:46:10,993 [Pipeline] Custom AD4 parameters (B, Si) written: /home/chan/Research/Monomer_screening_in_Bio/results/phase3/CD9/NSGA_22_TTMS/cross_CD81/step4_TMOS/AD4_parameters_custom.dat
2026-08-31 18:46:10,993 [Pipeline] GPF written → /home/chan/Research/Monomer_screening_in_Bio/results/phase3/CD9/NSGA_22_TTMS/cross_CD81/step4_TMOS/receptor_step3_TMOS.gpf
2026-08-31 18:46:12,572 [Pipeline] DPF written → /home/chan/Research/Monomer_screening_in_Bio/results/phase3/CD9/NSGA_22_TTMS/cross_CD81/step4_TMOS/receptor_step3_TMOS.dpf
2026-08-31 18:46:12,573 [Pipeline] AutoDock-GPU settings not transferable from DPF: parameter_file: AD-GPU ignores it. Receptor-side Si/B parameters reach the run only through the AutoGrid maps; ligand-internal ones only through --modpair (applied) | ls_search_freq / set_psw1 / sw_*: AD-GPU uses ADADELTA local search at 100% rate; the DPF's Solis-Wets block does not apply and the GPU search protocol is NOT identical to AD4 CPU | ga_num_evals is a CEILING on the GPU: --autostop 1 ends a run on convergence, so the DLG's 'evaluations performed' is normally well below the configured budget
2026-08-31 18:46:13,392 [Pipeline] AutoDock-GPU completed: receptor_step3_TMOS.dlg (seed (20260812, 341728261, 379626389))
2026-08-31 18:46:13,393 [Pipeline] Parsed 25 clusters from receptor_step3_TMOS.dlg
2026-08-31 18:46:13,394 [Pipeline] Parsed 25 clusters from receptor_step3_TMOS.dlg
2026-08-31 18:46:13,394 [Pipeline] Parsed 25 clusters from receptor_step3_TMOS.dlg
2026-08-31 18:46:13,395 [Pipeline]     XL TMOS: BE=-3.03
2026-08-31 18:46:13,395 [Pipeline]     Best XL: TEOS (BE=-3.56)
2026-08-31 18:46:13,395 [Pipeline]     NSGA_22_TTMS ΔΔG=+0.69 kcal/mol, penalty=0.84 → obj=-3.166
2026-08-31 18:46:13,395 [Pipeline]   NSGA[22]: ['TTMS', 'APBA', 'FPBA', 'ICTES'] → aff=-4.37, sel=0.28, synth=7.8/10, ΔΔG=+0.69
2026-08-31 18:46:13,397 [Pipeline] Custom AD4 parameters (B, Si) written: /home/chan/Research/Monomer_screening_in_Bio/results/phase3/CD9/NSGA_23_CETES/step0_FPBA/AD4_parameters_custom.dat
2026-08-31 18:46:13,397 [Pipeline] GPF written → /home/chan/Research/Monomer_screening_in_Bio/results/phase3/CD9/NSGA_23_CETES/step0_FPBA/CD9_receptor_FPBA.gpf
2026-08-31 18:46:14,930 [Pipeline] DPF written → /home/chan/Research/Monomer_screening_in_Bio/results/phase3/CD9/NSGA_23_CETES/step0_FPBA/CD9_receptor_FPBA.dpf
2026-08-31 18:46:14,930 [Pipeline] AutoDock-GPU settings not transferable from DPF: parameter_file: AD-GPU ignores it. Receptor-side Si/B parameters reach the run only through the AutoGrid maps; ligand-internal ones only through --modpair (applied) | ls_search_freq / set_psw1 / sw_*: AD-GPU uses ADADELTA local search at 100% rate; the DPF's Solis-Wets block does not apply and the GPU search protocol is NOT identical to AD4 CPU | ga_num_evals is a CEILING on the GPU: --autostop 1 ends a run on convergence, so the DLG's 'evaluations performed' is normally well below the configured budget
2026-08-31 18:46:16,006 [Pipeline] AutoDock-GPU completed: CD9_receptor_FPBA.dlg (seed (20260812, 1964201909, 1968937029))
2026-08-31 18:46:16,007 [Pipeline] Parsed 25 clusters from CD9_receptor_FPBA.dlg
2026-08-31 18:46:16,007 [Pipeline] Parsed 25 clusters from CD9_receptor_FPBA.dlg
2026-08-31 18:46:16,008 [Pipeline] Parsed 25 clusters from CD9_receptor_FPBA.dlg
2026-08-31 18:46:16,008 [Pipeline] Merged receptor+ligand → /home/chan/Research/Monomer_screening_in_Bio/results/phase3/CD9/NSGA_23_CETES/receptor_step0.pdb
2026-08-31 18:46:16,254 [Pipeline] Receptor PDBQT [ADFR prepare_receptor4 (python2.7)] → /home/chan/Research/Monomer_screening_in_Bio/results/phase3/CD9/NSGA_23_CETES/receptor_step0.pdbqt
2026-08-31 18:46:16,254 [Pipeline]   charge check skipped (indeterminate: non-standard residues ['UNL']); net=-0.971 e
2026-08-31 18:46:16,256 [Pipeline] Custom AD4 parameters (B, Si) written: /home/chan/Research/Monomer_screening_in_Bio/results/phase3/CD9/NSGA_23_CETES/step1_APBA/AD4_parameters_custom.dat
2026-08-31 18:46:16,256 [Pipeline] GPF written → /home/chan/Research/Monomer_screening_in_Bio/results/phase3/CD9/NSGA_23_CETES/step1_APBA/receptor_step0_APBA.gpf
2026-08-31 18:46:17,888 [Pipeline] DPF written → /home/chan/Research/Monomer_screening_in_Bio/results/phase3/CD9/NSGA_23_CETES/step1_APBA/receptor_step0_APBA.dpf
2026-08-31 18:46:17,888 [Pipeline] AutoDock-GPU settings not transferable from DPF: parameter_file: AD-GPU ignores it. Receptor-side Si/B parameters reach the run only through the AutoGrid maps; ligand-internal ones only through --modpair (applied) | ls_search_freq / set_psw1 / sw_*: AD-GPU uses ADADELTA local search at 100% rate; the DPF's Solis-Wets block does not apply and the GPU search protocol is NOT identical to AD4 CPU | ga_num_evals is a CEILING on the GPU: --autostop 1 ends a run on convergence, so the DLG's 'evaluations performed' is normally well below the configured budget
2026-08-31 18:46:19,104 [Pipeline] AutoDock-GPU completed: receptor_step0_APBA.dlg (seed (20260812, 1559272050, 1593501066))
2026-08-31 18:46:19,105 [Pipeline] Parsed 25 clusters from receptor_step0_APBA.dlg
2026-08-31 18:46:19,105 [Pipeline] Parsed 25 clusters from receptor_step0_APBA.dlg
2026-08-31 18:46:19,106 [Pipeline] Parsed 25 clusters from receptor_step0_APBA.dlg
2026-08-31 18:46:19,107 [Pipeline] Merged receptor+ligand → /home/chan/Research/Monomer_screening_in_Bio/results/phase3/CD9/NSGA_23_CETES/receptor_step1.pdb
2026-08-31 18:46:19,314 [Pipeline] Receptor PDBQT [ADFR prepare_receptor4 (python2.7)] → /home/chan/Research/Monomer_screening_in_Bio/results/phase3/CD9/NSGA_23_CETES/receptor_step1.pdbqt
2026-08-31 18:46:19,315 [Pipeline]   charge check skipped (indeterminate: non-standard residues ['UNL']); net=-0.969 e
2026-08-31 18:46:19,317 [Pipeline] Custom AD4 parameters (B, Si) written: /home/chan/Research/Monomer_screening_in_Bio/results/phase3/CD9/NSGA_23_CETES/step2_PTES/AD4_parameters_custom.dat
2026-08-31 18:46:19,318 [Pipeline] GPF written → /home/chan/Research/Monomer_screening_in_Bio/results/phase3/CD9/NSGA_23_CETES/step2_PTES/receptor_step1_PTES.gpf
2026-08-31 18:46:20,872 [Pipeline] DPF written → /home/chan/Research/Monomer_screening_in_Bio/results/phase3/CD9/NSGA_23_CETES/step2_PTES/receptor_step1_PTES.dpf
2026-08-31 18:46:20,872 [Pipeline] AutoDock-GPU settings not transferable from DPF: parameter_file: AD-GPU ignores it. Receptor-side Si/B parameters reach the run only through the AutoGrid maps; ligand-internal ones only through --modpair (applied) | ls_search_freq / set_psw1 / sw_*: AD-GPU uses ADADELTA local search at 100% rate; the DPF's Solis-Wets block does not apply and the GPU search protocol is NOT identical to AD4 CPU | ga_num_evals is a CEILING on the GPU: --autostop 1 ends a run on convergence, so the DLG's 'evaluations performed' is normally well below the configured budget
2026-08-31 18:46:21,970 [Pipeline] AutoDock-GPU completed: receptor_step1_PTES.dlg (seed (20260812, 1379640900, 1413720404))
2026-08-31 18:46:21,971 [Pipeline] Parsed 25 clusters from receptor_step1_PTES.dlg
2026-08-31 18:46:21,972 [Pipeline] Parsed 25 clusters from receptor_step1_PTES.dlg
2026-08-31 18:46:21,973 [Pipeline] Parsed 25 clusters from receptor_step1_PTES.dlg
2026-08-31 18:46:21,973 [Pipeline] Merged receptor+ligand → /home/chan/Research/Monomer_screening_in_Bio/results/phase3/CD9/NSGA_23_CETES/receptor_step2.pdb
2026-08-31 18:46:22,181 [Pipeline] Receptor PDBQT [ADFR prepare_receptor4 (python2.7)] → /home/chan/Research/Monomer_screening_in_Bio/results/phase3/CD9/NSGA_23_CETES/receptor_step2.pdbqt
2026-08-31 18:46:22,182 [Pipeline]   charge check skipped (indeterminate: non-standard residues ['UNL']); net=-0.969 e
2026-08-31 18:46:22,184 [Pipeline] Custom AD4 parameters (B, Si) written: /home/chan/Research/Monomer_screening_in_Bio/results/phase3/CD9/NSGA_23_CETES/step3_CETES/AD4_parameters_custom.dat
2026-08-31 18:46:22,184 [Pipeline] GPF written → /home/chan/Research/Monomer_screening_in_Bio/results/phase3/CD9/NSGA_23_CETES/step3_CETES/receptor_step2_CETES.gpf
2026-08-31 18:46:23,690 [Pipeline] DPF written → /home/chan/Research/Monomer_screening_in_Bio/results/phase3/CD9/NSGA_23_CETES/step3_CETES/receptor_step2_CETES.dpf
2026-08-31 18:46:23,690 [Pipeline] AutoDock-GPU settings not transferable from DPF: parameter_file: AD-GPU ignores it. Receptor-side Si/B parameters reach the run only through the AutoGrid maps; ligand-internal ones only through --modpair (applied) | ls_search_freq / set_psw1 / sw_*: AD-GPU uses ADADELTA local search at 100% rate; the DPF's Solis-Wets block does not apply and the GPU search protocol is NOT identical to AD4 CPU | ga_num_evals is a CEILING on the GPU: --autostop 1 ends a run on convergence, so the DLG's 'evaluations performed' is normally well below the configured budget
2026-08-31 18:46:24,980 [Pipeline] AutoDock-GPU completed: receptor_step2_CETES.dlg (seed (20260812, 596622926, 602915150))
2026-08-31 18:46:24,981 [Pipeline] Parsed 25 clusters from receptor_step2_CETES.dlg
2026-08-31 18:46:24,982 [Pipeline] Parsed 25 clusters from receptor_step2_CETES.dlg
2026-08-31 18:46:24,982 [Pipeline] Parsed 25 clusters from receptor_step2_CETES.dlg
2026-08-31 18:46:24,983 [Pipeline] Merged receptor+ligand → /home/chan/Research/Monomer_screening_in_Bio/results/phase3/CD9/NSGA_23_CETES/receptor_step3.pdb
2026-08-31 18:46:25,216 [Pipeline] Receptor PDBQT [ADFR prepare_receptor4 (python2.7)] → /home/chan/Research/Monomer_screening_in_Bio/results/phase3/CD9/NSGA_23_CETES/receptor_step3.pdbqt
2026-08-31 18:46:25,217 [Pipeline]   charge check skipped (indeterminate: non-standard residues ['UNL']); net=-0.968 e
2026-08-31 18:46:25,219 [Pipeline] Custom AD4 parameters (B, Si) written: /home/chan/Research/Monomer_screening_in_Bio/results/phase3/CD9/NSGA_23_CETES/step4_ICTES/AD4_parameters_custom.dat
2026-08-31 18:46:25,219 [Pipeline] GPF written → /home/chan/Research/Monomer_screening_in_Bio/results/phase3/CD9/NSGA_23_CETES/step4_ICTES/receptor_step3_ICTES.gpf
2026-08-31 18:46:26,735 [Pipeline] DPF written → /home/chan/Research/Monomer_screening_in_Bio/results/phase3/CD9/NSGA_23_CETES/step4_ICTES/receptor_step3_ICTES.dpf
2026-08-31 18:46:26,736 [Pipeline] AutoDock-GPU settings not transferable from DPF: parameter_file: AD-GPU ignores it. Receptor-side Si/B parameters reach the run only through the AutoGrid maps; ligand-internal ones only through --modpair (applied) | ls_search_freq / set_psw1 / sw_*: AD-GPU uses ADADELTA local search at 100% rate; the DPF's Solis-Wets block does not apply and the GPU search protocol is NOT identical to AD4 CPU | ga_num_evals is a CEILING on the GPU: --autostop 1 ends a run on convergence, so the DLG's 'evaluations performed' is normally well below the configured budget
2026-08-31 18:46:27,819 [Pipeline] AutoDock-GPU completed: receptor_step3_ICTES.dlg (seed (20260812, 216670599, 252980759))
2026-08-31 18:46:27,820 [Pipeline] Parsed 25 clusters from receptor_step3_ICTES.dlg
2026-08-31 18:46:27,821 [Pipeline] Parsed 25 clusters from receptor_step3_ICTES.dlg
2026-08-31 18:46:27,822 [Pipeline] Parsed 25 clusters from receptor_step3_ICTES.dlg
2026-08-31 18:46:27,822 [Pipeline] Merged receptor+ligand → /home/chan/Research/Monomer_screening_in_Bio/results/phase3/CD9/NSGA_23_CETES/receptor_step4.pdb
2026-08-31 18:46:28,051 [Pipeline] Receptor PDBQT [ADFR prepare_receptor4 (python2.7)] → /home/chan/Research/Monomer_screening_in_Bio/results/phase3/CD9/NSGA_23_CETES/receptor_step4.pdbqt
2026-08-31 18:46:28,051 [Pipeline]   charge check skipped (indeterminate: non-standard residues ['UNL']); net=-0.967 e
2026-08-31 18:46:28,053 [Pipeline] Custom AD4 parameters (B, Si) written: /home/chan/Research/Monomer_screening_in_Bio/results/phase3/CD9/NSGA_23_CETES/step5_TEOS/AD4_parameters_custom.dat
2026-08-31 18:46:28,053 [Pipeline] GPF written → /home/chan/Research/Monomer_screening_in_Bio/results/phase3/CD9/NSGA_23_CETES/step5_TEOS/receptor_step4_TEOS.gpf
2026-08-31 18:46:29,662 [Pipeline] DPF written → /home/chan/Research/Monomer_screening_in_Bio/results/phase3/CD9/NSGA_23_CETES/step5_TEOS/receptor_step4_TEOS.dpf
2026-08-31 18:46:29,662 [Pipeline] AutoDock-GPU settings not transferable from DPF: parameter_file: AD-GPU ignores it. Receptor-side Si/B parameters reach the run only through the AutoGrid maps; ligand-internal ones only through --modpair (applied) | ls_search_freq / set_psw1 / sw_*: AD-GPU uses ADADELTA local search at 100% rate; the DPF's Solis-Wets block does not apply and the GPU search protocol is NOT identical to AD4 CPU | ga_num_evals is a CEILING on the GPU: --autostop 1 ends a run on convergence, so the DLG's 'evaluations performed' is normally well below the configured budget
2026-08-31 18:46:30,724 [Pipeline] AutoDock-GPU completed: receptor_step4_TEOS.dlg (seed (20260812, 1270892758, 1277859558))
2026-08-31 18:46:30,725 [Pipeline] Parsed 25 clusters from receptor_step4_TEOS.dlg
2026-08-31 18:46:30,725 [Pipeline] Parsed 25 clusters from receptor_step4_TEOS.dlg
2026-08-31 18:46:30,726 [Pipeline] Parsed 25 clusters from receptor_step4_TEOS.dlg
2026-08-31 18:46:30,727 [Pipeline]     XL TEOS: BE=-2.64
2026-08-31 18:46:30,728 [Pipeline] Custom AD4 parameters (B, Si) written: /home/chan/Research/Monomer_screening_in_Bio/results/phase3/CD9/NSGA_23_CETES/step5_TMOS/AD4_parameters_custom.dat
2026-08-31 18:46:30,728 [Pipeline] GPF written → /home/chan/Research/Monomer_screening_in_Bio/results/phase3/CD9/NSGA_23_CETES/step5_TMOS/receptor_step4_TMOS.gpf
2026-08-31 18:46:32,259 [Pipeline] DPF written → /home/chan/Research/Monomer_screening_in_Bio/results/phase3/CD9/NSGA_23_CETES/step5_TMOS/receptor_step4_TMOS.dpf
2026-08-31 18:46:32,259 [Pipeline] AutoDock-GPU settings not transferable from DPF: parameter_file: AD-GPU ignores it. Receptor-side Si/B parameters reach the run only through the AutoGrid maps; ligand-internal ones only through --modpair (applied) | ls_search_freq / set_psw1 / sw_*: AD-GPU uses ADADELTA local search at 100% rate; the DPF's Solis-Wets block does not apply and the GPU search protocol is NOT identical to AD4 CPU | ga_num_evals is a CEILING on the GPU: --autostop 1 ends a run on convergence, so the DLG's 'evaluations performed' is normally well below the configured budget
2026-08-31 18:46:33,032 [Pipeline] AutoDock-GPU completed: receptor_step4_TMOS.dlg (seed (20260812, 594624773, 595168917))
2026-08-31 18:46:33,033 [Pipeline] Parsed 25 clusters from receptor_step4_TMOS.dlg
2026-08-31 18:46:33,033 [Pipeline] Parsed 25 clusters from receptor_step4_TMOS.dlg
2026-08-31 18:46:33,034 [Pipeline] Parsed 25 clusters from receptor_step4_TMOS.dlg
2026-08-31 18:46:33,034 [Pipeline]     XL TMOS: BE=-2.69
2026-08-31 18:46:33,034 [Pipeline]     Best XL: TMOS (BE=-2.69)
2026-08-31 18:46:33,037 [Pipeline] Custom AD4 parameters (B, Si) written: /home/chan/Research/Monomer_screening_in_Bio/results/phase3/CD9/NSGA_23_CETES/cross_CD63/step0_FPBA/AD4_parameters_custom.dat
2026-08-31 18:46:33,037 [Pipeline] GPF written → /home/chan/Research/Monomer_screening_in_Bio/results/phase3/CD9/NSGA_23_CETES/cross_CD63/step0_FPBA/CD63_receptor_glyco_FPBA.gpf
2026-08-31 18:46:40,070 [Pipeline] DPF written → /home/chan/Research/Monomer_screening_in_Bio/results/phase3/CD9/NSGA_23_CETES/cross_CD63/step0_FPBA/CD63_receptor_glyco_FPBA.dpf
2026-08-31 18:46:40,070 [Pipeline] AutoDock-GPU settings not transferable from DPF: parameter_file: AD-GPU ignores it. Receptor-side Si/B parameters reach the run only through the AutoGrid maps; ligand-internal ones only through --modpair (applied) | ls_search_freq / set_psw1 / sw_*: AD-GPU uses ADADELTA local search at 100% rate; the DPF's Solis-Wets block does not apply and the GPU search protocol is NOT identical to AD4 CPU | ga_num_evals is a CEILING on the GPU: --autostop 1 ends a run on convergence, so the DLG's 'evaluations performed' is normally well below the configured budget
2026-08-31 18:46:41,879 [Pipeline] AutoDock-GPU completed: CD63_receptor_glyco_FPBA.dlg (seed (20260812, 329769312, 331869792))
2026-08-31 18:46:41,880 [Pipeline] Parsed 25 clusters from CD63_receptor_glyco_FPBA.dlg
2026-08-31 18:46:41,881 [Pipeline] Parsed 25 clusters from CD63_receptor_glyco_FPBA.dlg
2026-08-31 18:46:41,882 [Pipeline] Parsed 25 clusters from CD63_receptor_glyco_FPBA.dlg
2026-08-31 18:46:41,883 [Pipeline] Merged receptor+ligand → /home/chan/Research/Monomer_screening_in_Bio/results/phase3/CD9/NSGA_23_CETES/cross_CD63/receptor_step0.pdb
2026-08-31 18:46:42,232 [Pipeline] Receptor PDBQT [ADFR prepare_receptor4 (python2.7)] → /home/chan/Research/Monomer_screening_in_Bio/results/phase3/CD9/NSGA_23_CETES/cross_CD63/receptor_step0.pdbqt
2026-08-31 18:46:42,233 [Pipeline]   charge check skipped (indeterminate: non-standard residues ['UNL']); net=+2.023 e
2026-08-31 18:46:42,236 [Pipeline] Custom AD4 parameters (B, Si) written: /home/chan/Research/Monomer_screening_in_Bio/results/phase3/CD9/NSGA_23_CETES/cross_CD63/step1_APBA/AD4_parameters_custom.dat
2026-08-31 18:46:42,236 [Pipeline] GPF written → /home/chan/Research/Monomer_screening_in_Bio/results/phase3/CD9/NSGA_23_CETES/cross_CD63/step1_APBA/receptor_step0_APBA.gpf
2026-08-31 18:46:48,184 [Pipeline] DPF written → /home/chan/Research/Monomer_screening_in_Bio/results/phase3/CD9/NSGA_23_CETES/cross_CD63/step1_APBA/receptor_step0_APBA.dpf
2026-08-31 18:46:48,185 [Pipeline] AutoDock-GPU settings not transferable from DPF: parameter_file: AD-GPU ignores it. Receptor-side Si/B parameters reach the run only through the AutoGrid maps; ligand-internal ones only through --modpair (applied) | ls_search_freq / set_psw1 / sw_*: AD-GPU uses ADADELTA local search at 100% rate; the DPF's Solis-Wets block does not apply and the GPU search protocol is NOT identical to AD4 CPU | ga_num_evals is a CEILING on the GPU: --autostop 1 ends a run on convergence, so the DLG's 'evaluations performed' is normally well below the configured budget
2026-08-31 18:46:50,683 [Pipeline] AutoDock-GPU completed: receptor_step0_APBA.dlg (seed (20260812, 1559272050, 1593501066))
2026-08-31 18:46:50,684 [Pipeline] Parsed 25 clusters from receptor_step0_APBA.dlg
2026-08-31 18:46:50,685 [Pipeline] Parsed 25 clusters from receptor_step0_APBA.dlg
2026-08-31 18:46:50,685 [Pipeline] Parsed 25 clusters from receptor_step0_APBA.dlg
2026-08-31 18:46:50,686 [Pipeline] Merged receptor+ligand → /home/chan/Research/Monomer_screening_in_Bio/results/phase3/CD9/NSGA_23_CETES/cross_CD63/receptor_step1.pdb
2026-08-31 18:46:50,957 [Pipeline] Receptor PDBQT [ADFR prepare_receptor4 (python2.7)] → /home/chan/Research/Monomer_screening_in_Bio/results/phase3/CD9/NSGA_23_CETES/cross_CD63/receptor_step1.pdbqt
2026-08-31 18:46:50,958 [Pipeline]   charge check skipped (indeterminate: non-standard residues ['UNL']); net=+2.025 e
2026-08-31 18:46:50,971 [Pipeline] Custom AD4 parameters (B, Si) written: /home/chan/Research/Monomer_screening_in_Bio/results/phase3/CD9/NSGA_23_CETES/cross_CD63/step2_PTES/AD4_parameters_custom.dat
2026-08-31 18:46:50,971 [Pipeline] GPF written → /home/chan/Research/Monomer_screening_in_Bio/results/phase3/CD9/NSGA_23_CETES/cross_CD63/step2_PTES/receptor_step1_PTES.gpf
2026-08-31 18:46:57,053 [Pipeline] DPF written → /home/chan/Research/Monomer_screening_in_Bio/results/phase3/CD9/NSGA_23_CETES/cross_CD63/step2_PTES/receptor_step1_PTES.dpf
2026-08-31 18:46:57,053 [Pipeline] AutoDock-GPU settings not transferable from DPF: parameter_file: AD-GPU ignores it. Receptor-side Si/B parameters reach the run only through the AutoGrid maps; ligand-internal ones only through --modpair (applied) | ls_search_freq / set_psw1 / sw_*: AD-GPU uses ADADELTA local search at 100% rate; the DPF's Solis-Wets block does not apply and the GPU search protocol is NOT identical to AD4 CPU | ga_num_evals is a CEILING on the GPU: --autostop 1 ends a run on convergence, so the DLG's 'evaluations performed' is normally well below the configured budget
2026-08-31 18:46:58,981 [Pipeline] AutoDock-GPU completed: receptor_step1_PTES.dlg (seed (20260812, 1379640900, 1413720404))
2026-08-31 18:46:58,982 [Pipeline] Parsed 25 clusters from receptor_step1_PTES.dlg
2026-08-31 18:46:58,983 [Pipeline] Parsed 25 clusters from receptor_step1_PTES.dlg
2026-08-31 18:46:58,984 [Pipeline] Parsed 25 clusters from receptor_step1_PTES.dlg
2026-08-31 18:46:58,984 [Pipeline] Merged receptor+ligand → /home/chan/Research/Monomer_screening_in_Bio/results/phase3/CD9/NSGA_23_CETES/cross_CD63/receptor_step2.pdb
2026-08-31 18:46:59,228 [Pipeline] Receptor PDBQT [ADFR prepare_receptor4 (python2.7)] → /home/chan/Research/Monomer_screening_in_Bio/results/phase3/CD9/NSGA_23_CETES/cross_CD63/receptor_step2.pdbqt
2026-08-31 18:46:59,229 [Pipeline]   charge check skipped (indeterminate: non-standard residues ['UNL']); net=+2.025 e
2026-08-31 18:46:59,232 [Pipeline] Custom AD4 parameters (B, Si) written: /home/chan/Research/Monomer_screening_in_Bio/results/phase3/CD9/NSGA_23_CETES/cross_CD63/step3_CETES/AD4_parameters_custom.dat
2026-08-31 18:46:59,232 [Pipeline] GPF written → /home/chan/Research/Monomer_screening_in_Bio/results/phase3/CD9/NSGA_23_CETES/cross_CD63/step3_CETES/receptor_step2_CETES.gpf
2026-08-31 18:47:05,507 [Pipeline] DPF written → /home/chan/Research/Monomer_screening_in_Bio/results/phase3/CD9/NSGA_23_CETES/cross_CD63/step3_CETES/receptor_step2_CETES.dpf
2026-08-31 18:47:05,508 [Pipeline] AutoDock-GPU settings not transferable from DPF: parameter_file: AD-GPU ignores it. Receptor-side Si/B parameters reach the run only through the AutoGrid maps; ligand-internal ones only through --modpair (applied) | ls_search_freq / set_psw1 / sw_*: AD-GPU uses ADADELTA local search at 100% rate; the DPF's Solis-Wets block does not apply and the GPU search protocol is NOT identical to AD4 CPU | ga_num_evals is a CEILING on the GPU: --autostop 1 ends a run on convergence, so the DLG's 'evaluations performed' is normally well below the configured budget
2026-08-31 18:47:07,744 [Pipeline] AutoDock-GPU completed: receptor_step2_CETES.dlg (seed (20260812, 596622926, 602915150))
2026-08-31 18:47:07,744 [Pipeline] Parsed 25 clusters from receptor_step2_CETES.dlg
2026-08-31 18:47:07,745 [Pipeline] Parsed 25 clusters from receptor_step2_CETES.dlg
2026-08-31 18:47:07,746 [Pipeline] Parsed 25 clusters from receptor_step2_CETES.dlg
2026-08-31 18:47:07,747 [Pipeline] Merged receptor+ligand → /home/chan/Research/Monomer_screening_in_Bio/results/phase3/CD9/NSGA_23_CETES/cross_CD63/receptor_step3.pdb
2026-08-31 18:47:08,014 [Pipeline] Receptor PDBQT [ADFR prepare_receptor4 (python2.7)] → /home/chan/Research/Monomer_screening_in_Bio/results/phase3/CD9/NSGA_23_CETES/cross_CD63/receptor_step3.pdbqt
2026-08-31 18:47:08,015 [Pipeline]   charge check skipped (indeterminate: non-standard residues ['UNL']); net=+2.026 e
2026-08-31 18:47:08,017 [Pipeline] Custom AD4 parameters (B, Si) written: /home/chan/Research/Monomer_screening_in_Bio/results/phase3/CD9/NSGA_23_CETES/cross_CD63/step4_ICTES/AD4_parameters_custom.dat
2026-08-31 18:47:08,017 [Pipeline] GPF written → /home/chan/Research/Monomer_screening_in_Bio/results/phase3/CD9/NSGA_23_CETES/cross_CD63/step4_ICTES/receptor_step3_ICTES.gpf
2026-08-31 18:47:13,263 [Pipeline] DPF written → /home/chan/Research/Monomer_screening_in_Bio/results/phase3/CD9/NSGA_23_CETES/cross_CD63/step4_ICTES/receptor_step3_ICTES.dpf
2026-08-31 18:47:13,264 [Pipeline] AutoDock-GPU settings not transferable from DPF: parameter_file: AD-GPU ignores it. Receptor-side Si/B parameters reach the run only through the AutoGrid maps; ligand-internal ones only through --modpair (applied) | ls_search_freq / set_psw1 / sw_*: AD-GPU uses ADADELTA local search at 100% rate; the DPF's Solis-Wets block does not apply and the GPU search protocol is NOT identical to AD4 CPU | ga_num_evals is a CEILING on the GPU: --autostop 1 ends a run on convergence, so the DLG's 'evaluations performed' is normally well below the configured budget
2026-08-31 18:47:16,454 [Pipeline] AutoDock-GPU completed: receptor_step3_ICTES.dlg (seed (20260812, 216670599, 252980759))
2026-08-31 18:47:16,455 [Pipeline] Parsed 25 clusters from receptor_step3_ICTES.dlg
2026-08-31 18:47:16,456 [Pipeline] Parsed 25 clusters from receptor_step3_ICTES.dlg
2026-08-31 18:47:16,456 [Pipeline] Parsed 25 clusters from receptor_step3_ICTES.dlg
2026-08-31 18:47:16,457 [Pipeline] Merged receptor+ligand → /home/chan/Research/Monomer_screening_in_Bio/results/phase3/CD9/NSGA_23_CETES/cross_CD63/receptor_step4.pdb
2026-08-31 18:47:16,791 [Pipeline] Receptor PDBQT [ADFR prepare_receptor4 (python2.7)] → /home/chan/Research/Monomer_screening_in_Bio/results/phase3/CD9/NSGA_23_CETES/cross_CD63/receptor_step4.pdbqt
2026-08-31 18:47:16,792 [Pipeline]   charge check skipped (indeterminate: non-standard residues ['UNL']); net=+2.027 e
2026-08-31 18:47:16,794 [Pipeline] Custom AD4 parameters (B, Si) written: /home/chan/Research/Monomer_screening_in_Bio/results/phase3/CD9/NSGA_23_CETES/cross_CD63/step5_TEOS/AD4_parameters_custom.dat
2026-08-31 18:47:16,794 [Pipeline] GPF written → /home/chan/Research/Monomer_screening_in_Bio/results/phase3/CD9/NSGA_23_CETES/cross_CD63/step5_TEOS/receptor_step4_TEOS.gpf
2026-08-31 18:47:23,766 [Pipeline] DPF written → /home/chan/Research/Monomer_screening_in_Bio/results/phase3/CD9/NSGA_23_CETES/cross_CD63/step5_TEOS/receptor_step4_TEOS.dpf
2026-08-31 18:47:23,766 [Pipeline] AutoDock-GPU settings not transferable from DPF: parameter_file: AD-GPU ignores it. Receptor-side Si/B parameters reach the run only through the AutoGrid maps; ligand-internal ones only through --modpair (applied) | ls_search_freq / set_psw1 / sw_*: AD-GPU uses ADADELTA local search at 100% rate; the DPF's Solis-Wets block does not apply and the GPU search protocol is NOT identical to AD4 CPU | ga_num_evals is a CEILING on the GPU: --autostop 1 ends a run on convergence, so the DLG's 'evaluations performed' is normally well below the configured budget
2026-08-31 18:47:25,825 [Pipeline] AutoDock-GPU completed: receptor_step4_TEOS.dlg (seed (20260812, 1270892758, 1277859558))
2026-08-31 18:47:25,826 [Pipeline] Parsed 25 clusters from receptor_step4_TEOS.dlg
2026-08-31 18:47:25,827 [Pipeline] Parsed 25 clusters from receptor_step4_TEOS.dlg
2026-08-31 18:47:25,828 [Pipeline] Parsed 25 clusters from receptor_step4_TEOS.dlg
2026-08-31 18:47:25,828 [Pipeline]     XL TEOS: BE=-3.14
2026-08-31 18:47:25,831 [Pipeline] Custom AD4 parameters (B, Si) written: /home/chan/Research/Monomer_screening_in_Bio/results/phase3/CD9/NSGA_23_CETES/cross_CD63/step5_TMOS/AD4_parameters_custom.dat
2026-08-31 18:47:25,831 [Pipeline] GPF written → /home/chan/Research/Monomer_screening_in_Bio/results/phase3/CD9/NSGA_23_CETES/cross_CD63/step5_TMOS/receptor_step4_TMOS.gpf
2026-08-31 18:47:32,428 [Pipeline] DPF written → /home/chan/Research/Monomer_screening_in_Bio/results/phase3/CD9/NSGA_23_CETES/cross_CD63/step5_TMOS/receptor_step4_TMOS.dpf
2026-08-31 18:47:32,428 [Pipeline] AutoDock-GPU settings not transferable from DPF: parameter_file: AD-GPU ignores it. Receptor-side Si/B parameters reach the run only through the AutoGrid maps; ligand-internal ones only through --modpair (applied) | ls_search_freq / set_psw1 / sw_*: AD-GPU uses ADADELTA local search at 100% rate; the DPF's Solis-Wets block does not apply and the GPU search protocol is NOT identical to AD4 CPU | ga_num_evals is a CEILING on the GPU: --autostop 1 ends a run on convergence, so the DLG's 'evaluations performed' is normally well below the configured budget
2026-08-31 18:47:34,306 [Pipeline] AutoDock-GPU completed: receptor_step4_TMOS.dlg (seed (20260812, 594624773, 595168917))
2026-08-31 18:47:34,307 [Pipeline] Parsed 25 clusters from receptor_step4_TMOS.dlg
2026-08-31 18:47:34,308 [Pipeline] Parsed 25 clusters from receptor_step4_TMOS.dlg
2026-08-31 18:47:34,308 [Pipeline] Parsed 25 clusters from receptor_step4_TMOS.dlg
2026-08-31 18:47:34,311 [Pipeline]     XL TMOS: BE=-2.92
2026-08-31 18:47:34,311 [Pipeline]     Best XL: TEOS (BE=-3.14)
2026-08-31 18:47:34,313 [Pipeline] Custom AD4 parameters (B, Si) written: /home/chan/Research/Monomer_screening_in_Bio/results/phase3/CD9/NSGA_23_CETES/cross_CD81/step0_FPBA/AD4_parameters_custom.dat
2026-08-31 18:47:34,313 [Pipeline] GPF written → /home/chan/Research/Monomer_screening_in_Bio/results/phase3/CD9/NSGA_23_CETES/cross_CD81/step0_FPBA/CD81_receptor_FPBA.gpf
2026-08-31 18:47:36,145 [Pipeline] DPF written → /home/chan/Research/Monomer_screening_in_Bio/results/phase3/CD9/NSGA_23_CETES/cross_CD81/step0_FPBA/CD81_receptor_FPBA.dpf
2026-08-31 18:47:36,145 [Pipeline] AutoDock-GPU settings not transferable from DPF: parameter_file: AD-GPU ignores it. Receptor-side Si/B parameters reach the run only through the AutoGrid maps; ligand-internal ones only through --modpair (applied) | ls_search_freq / set_psw1 / sw_*: AD-GPU uses ADADELTA local search at 100% rate; the DPF's Solis-Wets block does not apply and the GPU search protocol is NOT identical to AD4 CPU | ga_num_evals is a CEILING on the GPU: --autostop 1 ends a run on convergence, so the DLG's 'evaluations performed' is normally well below the configured budget
2026-08-31 18:47:37,198 [Pipeline] AutoDock-GPU completed: CD81_receptor_FPBA.dlg (seed (20260812, 1063573366, 1065818246))
2026-08-31 18:47:37,198 [Pipeline] Parsed 25 clusters from CD81_receptor_FPBA.dlg
2026-08-31 18:47:37,199 [Pipeline] Parsed 25 clusters from CD81_receptor_FPBA.dlg
2026-08-31 18:47:37,200 [Pipeline] Parsed 25 clusters from CD81_receptor_FPBA.dlg
2026-08-31 18:47:37,201 [Pipeline] Merged receptor+ligand → /home/chan/Research/Monomer_screening_in_Bio/results/phase3/CD9/NSGA_23_CETES/cross_CD81/receptor_step0.pdb
2026-08-31 18:47:37,452 [Pipeline] Receptor PDBQT [ADFR prepare_receptor4 (python2.7)] → /home/chan/Research/Monomer_screening_in_Bio/results/phase3/CD9/NSGA_23_CETES/cross_CD81/receptor_step0.pdbqt
2026-08-31 18:47:37,452 [Pipeline]   charge check skipped (indeterminate: non-standard residues ['UNL']); net=-1.964 e
2026-08-31 18:47:37,454 [Pipeline] Custom AD4 parameters (B, Si) written: /home/chan/Research/Monomer_screening_in_Bio/results/phase3/CD9/NSGA_23_CETES/cross_CD81/step1_APBA/AD4_parameters_custom.dat
2026-08-31 18:47:37,454 [Pipeline] GPF written → /home/chan/Research/Monomer_screening_in_Bio/results/phase3/CD9/NSGA_23_CETES/cross_CD81/step1_APBA/receptor_step0_APBA.gpf
2026-08-31 18:47:39,476 [Pipeline] DPF written → /home/chan/Research/Monomer_screening_in_Bio/results/phase3/CD9/NSGA_23_CETES/cross_CD81/step1_APBA/receptor_step0_APBA.dpf
2026-08-31 18:47:39,476 [Pipeline] AutoDock-GPU settings not transferable from DPF: parameter_file: AD-GPU ignores it. Receptor-side Si/B parameters reach the run only through the AutoGrid maps; ligand-internal ones only through --modpair (applied) | ls_search_freq / set_psw1 / sw_*: AD-GPU uses ADADELTA local search at 100% rate; the DPF's Solis-Wets block does not apply and the GPU search protocol is NOT identical to AD4 CPU | ga_num_evals is a CEILING on the GPU: --autostop 1 ends a run on convergence, so the DLG's 'evaluations performed' is normally well below the configured budget
2026-08-31 18:47:40,639 [Pipeline] AutoDock-GPU completed: receptor_step0_APBA.dlg (seed (20260812, 1559272050, 1593501066))
2026-08-31 18:47:40,640 [Pipeline] Parsed 25 clusters from receptor_step0_APBA.dlg
2026-08-31 18:47:40,641 [Pipeline] Parsed 25 clusters from receptor_step0_APBA.dlg
2026-08-31 18:47:40,641 [Pipeline] Parsed 25 clusters from receptor_step0_APBA.dlg
2026-08-31 18:47:40,642 [Pipeline] Merged receptor+ligand → /home/chan/Research/Monomer_screening_in_Bio/results/phase3/CD9/NSGA_23_CETES/cross_CD81/receptor_step1.pdb
2026-08-31 18:47:40,898 [Pipeline] Receptor PDBQT [ADFR prepare_receptor4 (python2.7)] → /home/chan/Research/Monomer_screening_in_Bio/results/phase3/CD9/NSGA_23_CETES/cross_CD81/receptor_step1.pdbqt
2026-08-31 18:47:40,899 [Pipeline]   charge check skipped (indeterminate: non-standard residues ['UNL']); net=-1.962 e
2026-08-31 18:47:40,901 [Pipeline] Custom AD4 parameters (B, Si) written: /home/chan/Research/Monomer_screening_in_Bio/results/phase3/CD9/NSGA_23_CETES/cross_CD81/step2_PTES/AD4_parameters_custom.dat
2026-08-31 18:47:40,901 [Pipeline] GPF written → /home/chan/Research/Monomer_screening_in_Bio/results/phase3/CD9/NSGA_23_CETES/cross_CD81/step2_PTES/receptor_step1_PTES.gpf
2026-08-31 18:47:42,675 [Pipeline] DPF written → /home/chan/Research/Monomer_screening_in_Bio/results/phase3/CD9/NSGA_23_CETES/cross_CD81/step2_PTES/receptor_step1_PTES.dpf
2026-08-31 18:47:42,675 [Pipeline] AutoDock-GPU settings not transferable from DPF: parameter_file: AD-GPU ignores it. Receptor-side Si/B parameters reach the run only through the AutoGrid maps; ligand-internal ones only through --modpair (applied) | ls_search_freq / set_psw1 / sw_*: AD-GPU uses ADADELTA local search at 100% rate; the DPF's Solis-Wets block does not apply and the GPU search protocol is NOT identical to AD4 CPU | ga_num_evals is a CEILING on the GPU: --autostop 1 ends a run on convergence, so the DLG's 'evaluations performed' is normally well below the configured budget
2026-08-31 18:47:42,764 [Pipeline] AutoDock-GPU completed: receptor_step1_PTES.dlg (seed (20260812, 1379640900, 1413720404))
2026-08-31 18:47:42,765 [Pipeline] Parsed 25 clusters from receptor_step1_PTES.dlg
2026-08-31 18:47:42,766 [Pipeline] Parsed 25 clusters from receptor_step1_PTES.dlg
2026-08-31 18:47:42,767 [Pipeline] Parsed 25 clusters from receptor_step1_PTES.dlg
2026-08-31 18:47:42,768 [Pipeline] Merged receptor+ligand → /home/chan/Research/Monomer_screening_in_Bio/results/phase3/CD9/NSGA_23_CETES/cross_CD81/receptor_step2.pdb
2026-08-31 18:47:43,077 [Pipeline] Receptor PDBQT [ADFR prepare_receptor4 (python2.7)] → /home/chan/Research/Monomer_screening_in_Bio/results/phase3/CD9/NSGA_23_CETES/cross_CD81/receptor_step2.pdbqt
2026-08-31 18:47:43,078 [Pipeline]   charge check skipped (indeterminate: non-standard residues ['UNL']); net=-1.962 e
2026-08-31 18:47:43,080 [Pipeline] Custom AD4 parameters (B, Si) written: /home/chan/Research/Monomer_screening_in_Bio/results/phase3/CD9/NSGA_23_CETES/cross_CD81/step3_CETES/AD4_parameters_custom.dat
2026-08-31 18:47:43,080 [Pipeline] GPF written → /home/chan/Research/Monomer_screening_in_Bio/results/phase3/CD9/NSGA_23_CETES/cross_CD81/step3_CETES/receptor_step2_CETES.gpf
2026-08-31 18:47:45,167 [Pipeline] DPF written → /home/chan/Research/Monomer_screening_in_Bio/results/phase3/CD9/NSGA_23_CETES/cross_CD81/step3_CETES/receptor_step2_CETES.dpf
2026-08-31 18:47:45,168 [Pipeline] AutoDock-GPU settings not transferable from DPF: parameter_file: AD-GPU ignores it. Receptor-side Si/B parameters reach the run only through the AutoGrid maps; ligand-internal ones only through --modpair (applied) | ls_search_freq / set_psw1 / sw_*: AD-GPU uses ADADELTA local search at 100% rate; the DPF's Solis-Wets block does not apply and the GPU search protocol is NOT identical to AD4 CPU | ga_num_evals is a CEILING on the GPU: --autostop 1 ends a run on convergence, so the DLG's 'evaluations performed' is normally well below the configured budget
2026-08-31 18:47:46,694 [Pipeline] AutoDock-GPU completed: receptor_step2_CETES.dlg (seed (20260812, 596622926, 602915150))
2026-08-31 18:47:46,696 [Pipeline] Parsed 25 clusters from receptor_step2_CETES.dlg
2026-08-31 18:47:46,697 [Pipeline] Parsed 25 clusters from receptor_step2_CETES.dlg
2026-08-31 18:47:46,697 [Pipeline] Parsed 25 clusters from receptor_step2_CETES.dlg
2026-08-31 18:47:46,698 [Pipeline] Merged receptor+ligand → /home/chan/Research/Monomer_screening_in_Bio/results/phase3/CD9/NSGA_23_CETES/cross_CD81/receptor_step3.pdb
2026-08-31 18:47:46,941 [Pipeline] Receptor PDBQT [ADFR prepare_receptor4 (python2.7)] → /home/chan/Research/Monomer_screening_in_Bio/results/phase3/CD9/NSGA_23_CETES/cross_CD81/receptor_step3.pdbqt
2026-08-31 18:47:46,942 [Pipeline]   charge check skipped (indeterminate: non-standard residues ['UNL']); net=-1.961 e
2026-08-31 18:47:46,944 [Pipeline] Custom AD4 parameters (B, Si) written: /home/chan/Research/Monomer_screening_in_Bio/results/phase3/CD9/NSGA_23_CETES/cross_CD81/step4_ICTES/AD4_parameters_custom.dat
2026-08-31 18:47:46,945 [Pipeline] GPF written → /home/chan/Research/Monomer_screening_in_Bio/results/phase3/CD9/NSGA_23_CETES/cross_CD81/step4_ICTES/receptor_step3_ICTES.gpf
2026-08-31 18:47:48,900 [Pipeline] DPF written → /home/chan/Research/Monomer_screening_in_Bio/results/phase3/CD9/NSGA_23_CETES/cross_CD81/step4_ICTES/receptor_step3_ICTES.dpf
2026-08-31 18:47:48,900 [Pipeline] AutoDock-GPU settings not transferable from DPF: parameter_file: AD-GPU ignores it. Receptor-side Si/B parameters reach the run only through the AutoGrid maps; ligand-internal ones only through --modpair (applied) | ls_search_freq / set_psw1 / sw_*: AD-GPU uses ADADELTA local search at 100% rate; the DPF's Solis-Wets block does not apply and the GPU search protocol is NOT identical to AD4 CPU | ga_num_evals is a CEILING on the GPU: --autostop 1 ends a run on convergence, so the DLG's 'evaluations performed' is normally well below the configured budget
2026-08-31 18:47:50,311 [Pipeline] AutoDock-GPU completed: receptor_step3_ICTES.dlg (seed (20260812, 216670599, 252980759))
2026-08-31 18:47:50,312 [Pipeline] Parsed 25 clusters from receptor_step3_ICTES.dlg
2026-08-31 18:47:50,312 [Pipeline] Parsed 25 clusters from receptor_step3_ICTES.dlg
2026-08-31 18:47:50,313 [Pipeline] Parsed 25 clusters from receptor_step3_ICTES.dlg
2026-08-31 18:47:50,314 [Pipeline] Merged receptor+ligand → /home/chan/Research/Monomer_screening_in_Bio/results/phase3/CD9/NSGA_23_CETES/cross_CD81/receptor_step4.pdb
2026-08-31 18:47:50,575 [Pipeline] Receptor PDBQT [ADFR prepare_receptor4 (python2.7)] → /home/chan/Research/Monomer_screening_in_Bio/results/phase3/CD9/NSGA_23_CETES/cross_CD81/receptor_step4.pdbqt
2026-08-31 18:47:50,576 [Pipeline]   charge check skipped (indeterminate: non-standard residues ['UNL']); net=-1.960 e
2026-08-31 18:47:50,578 [Pipeline] Custom AD4 parameters (B, Si) written: /home/chan/Research/Monomer_screening_in_Bio/results/phase3/CD9/NSGA_23_CETES/cross_CD81/step5_TEOS/AD4_parameters_custom.dat
2026-08-31 18:47:50,578 [Pipeline] GPF written → /home/chan/Research/Monomer_screening_in_Bio/results/phase3/CD9/NSGA_23_CETES/cross_CD81/step5_TEOS/receptor_step4_TEOS.gpf
2026-08-31 18:47:52,578 [Pipeline] DPF written → /home/chan/Research/Monomer_screening_in_Bio/results/phase3/CD9/NSGA_23_CETES/cross_CD81/step5_TEOS/receptor_step4_TEOS.dpf
2026-08-31 18:47:52,578 [Pipeline] AutoDock-GPU settings not transferable from DPF: parameter_file: AD-GPU ignores it. Receptor-side Si/B parameters reach the run only through the AutoGrid maps; ligand-internal ones only through --modpair (applied) | ls_search_freq / set_psw1 / sw_*: AD-GPU uses ADADELTA local search at 100% rate; the DPF's Solis-Wets block does not apply and the GPU search protocol is NOT identical to AD4 CPU | ga_num_evals is a CEILING on the GPU: --autostop 1 ends a run on convergence, so the DLG's 'evaluations performed' is normally well below the configured budget
2026-08-31 18:47:53,702 [Pipeline] AutoDock-GPU completed: receptor_step4_TEOS.dlg (seed (20260812, 1270892758, 1277859558))
2026-08-31 18:47:53,703 [Pipeline] Parsed 25 clusters from receptor_step4_TEOS.dlg
2026-08-31 18:47:53,703 [Pipeline] Parsed 25 clusters from receptor_step4_TEOS.dlg
2026-08-31 18:47:53,704 [Pipeline] Parsed 25 clusters from receptor_step4_TEOS.dlg
2026-08-31 18:47:53,705 [Pipeline]     XL TEOS: BE=-3.23
2026-08-31 18:47:53,707 [Pipeline] Custom AD4 parameters (B, Si) written: /home/chan/Research/Monomer_screening_in_Bio/results/phase3/CD9/NSGA_23_CETES/cross_CD81/step5_TMOS/AD4_parameters_custom.dat
2026-08-31 18:47:53,707 [Pipeline] GPF written → /home/chan/Research/Monomer_screening_in_Bio/results/phase3/CD9/NSGA_23_CETES/cross_CD81/step5_TMOS/receptor_step4_TMOS.gpf
2026-08-31 18:47:55,667 [Pipeline] DPF written → /home/chan/Research/Monomer_screening_in_Bio/results/phase3/CD9/NSGA_23_CETES/cross_CD81/step5_TMOS/receptor_step4_TMOS.dpf
2026-08-31 18:47:55,667 [Pipeline] AutoDock-GPU settings not transferable from DPF: parameter_file: AD-GPU ignores it. Receptor-side Si/B parameters reach the run only through the AutoGrid maps; ligand-internal ones only through --modpair (applied) | ls_search_freq / set_psw1 / sw_*: AD-GPU uses ADADELTA local search at 100% rate; the DPF's Solis-Wets block does not apply and the GPU search protocol is NOT identical to AD4 CPU | ga_num_evals is a CEILING on the GPU: --autostop 1 ends a run on convergence, so the DLG's 'evaluations performed' is normally well below the configured budget
2026-08-31 18:47:56,668 [Pipeline] AutoDock-GPU completed: receptor_step4_TMOS.dlg (seed (20260812, 594624773, 595168917))
2026-08-31 18:47:56,669 [Pipeline] Parsed 25 clusters from receptor_step4_TMOS.dlg
2026-08-31 18:47:56,670 [Pipeline] Parsed 25 clusters from receptor_step4_TMOS.dlg
2026-08-31 18:47:56,671 [Pipeline] Parsed 25 clusters from receptor_step4_TMOS.dlg
2026-08-31 18:47:56,672 [Pipeline]     XL TMOS: BE=-3.17
2026-08-31 18:47:56,672 [Pipeline]     Best XL: TEOS (BE=-3.23)
2026-08-31 18:47:56,672 [Pipeline]     NSGA_23_CETES ΔΔG=+2.02 kcal/mol, penalty=1.51 → obj=-1.451
2026-08-31 18:47:56,672 [Pipeline]   NSGA[23]: ['CETES', 'APBA', 'ICTES', 'FPBA', 'PTES'] → aff=-4.04, sel=0.29, synth=7.8/10, ΔΔG=+2.02
2026-08-31 18:47:56,686 [Pipeline] Custom AD4 parameters (B, Si) written: /home/chan/Research/Monomer_screening_in_Bio/results/phase3/CD9/NSGA_24_APBA/step0_FPBA/AD4_parameters_custom.dat
2026-08-31 18:47:56,686 [Pipeline] GPF written → /home/chan/Research/Monomer_screening_in_Bio/results/phase3/CD9/NSGA_24_APBA/step0_FPBA/CD9_receptor_FPBA.gpf
2026-08-31 18:47:58,504 [Pipeline] DPF written → /home/chan/Research/Monomer_screening_in_Bio/results/phase3/CD9/NSGA_24_APBA/step0_FPBA/CD9_receptor_FPBA.dpf
2026-08-31 18:47:58,505 [Pipeline] AutoDock-GPU settings not transferable from DPF: parameter_file: AD-GPU ignores it. Receptor-side Si/B parameters reach the run only through the AutoGrid maps; ligand-internal ones only through --modpair (applied) | ls_search_freq / set_psw1 / sw_*: AD-GPU uses ADADELTA local search at 100% rate; the DPF's Solis-Wets block does not apply and the GPU search protocol is NOT identical to AD4 CPU | ga_num_evals is a CEILING on the GPU: --autostop 1 ends a run on convergence, so the DLG's 'evaluations performed' is normally well below the configured budget
2026-08-31 18:47:59,577 [Pipeline] AutoDock-GPU completed: CD9_receptor_FPBA.dlg (seed (20260812, 1964201909, 1968937029))
2026-08-31 18:47:59,577 [Pipeline] Parsed 25 clusters from CD9_receptor_FPBA.dlg
2026-08-31 18:47:59,578 [Pipeline] Parsed 25 clusters from CD9_receptor_FPBA.dlg
2026-08-31 18:47:59,579 [Pipeline] Parsed 25 clusters from CD9_receptor_FPBA.dlg
2026-08-31 18:47:59,579 [Pipeline] Merged receptor+ligand → /home/chan/Research/Monomer_screening_in_Bio/results/phase3/CD9/NSGA_24_APBA/receptor_step0.pdb
2026-08-31 18:47:59,847 [Pipeline] Receptor PDBQT [ADFR prepare_receptor4 (python2.7)] → /home/chan/Research/Monomer_screening_in_Bio/results/phase3/CD9/NSGA_24_APBA/receptor_step0.pdbqt
2026-08-31 18:47:59,848 [Pipeline]   charge check skipped (indeterminate: non-standard residues ['UNL']); net=-0.971 e
2026-08-31 18:47:59,851 [Pipeline] Custom AD4 parameters (B, Si) written: /home/chan/Research/Monomer_screening_in_Bio/results/phase3/CD9/NSGA_24_APBA/step1_APBA/AD4_parameters_custom.dat
2026-08-31 18:47:59,851 [Pipeline] GPF written → /home/chan/Research/Monomer_screening_in_Bio/results/phase3/CD9/NSGA_24_APBA/step1_APBA/receptor_step0_APBA.gpf
2026-08-31 18:48:01,647 [Pipeline] DPF written → /home/chan/Research/Monomer_screening_in_Bio/results/phase3/CD9/NSGA_24_APBA/step1_APBA/receptor_step0_APBA.dpf
2026-08-31 18:48:01,648 [Pipeline] AutoDock-GPU settings not transferable from DPF: parameter_file: AD-GPU ignores it. Receptor-side Si/B parameters reach the run only through the AutoGrid maps; ligand-internal ones only through --modpair (applied) | ls_search_freq / set_psw1 / sw_*: AD-GPU uses ADADELTA local search at 100% rate; the DPF's Solis-Wets block does not apply and the GPU search protocol is NOT identical to AD4 CPU | ga_num_evals is a CEILING on the GPU: --autostop 1 ends a run on convergence, so the DLG's 'evaluations performed' is normally well below the configured budget
2026-08-31 18:48:02,720 [Pipeline] AutoDock-GPU completed: receptor_step0_APBA.dlg (seed (20260812, 1559272050, 1593501066))
2026-08-31 18:48:02,721 [Pipeline] Parsed 25 clusters from receptor_step0_APBA.dlg
2026-08-31 18:48:02,722 [Pipeline] Parsed 25 clusters from receptor_step0_APBA.dlg
2026-08-31 18:48:02,723 [Pipeline] Parsed 25 clusters from receptor_step0_APBA.dlg
2026-08-31 18:48:02,724 [Pipeline] Merged receptor+ligand → /home/chan/Research/Monomer_screening_in_Bio/results/phase3/CD9/NSGA_24_APBA/receptor_step1.pdb
2026-08-31 18:48:02,953 [Pipeline] Receptor PDBQT [ADFR prepare_receptor4 (python2.7)] → /home/chan/Research/Monomer_screening_in_Bio/results/phase3/CD9/NSGA_24_APBA/receptor_step1.pdbqt
2026-08-31 18:48:02,954 [Pipeline]   charge check skipped (indeterminate: non-standard residues ['UNL']); net=-0.969 e
2026-08-31 18:48:02,956 [Pipeline] Custom AD4 parameters (B, Si) written: /home/chan/Research/Monomer_screening_in_Bio/results/phase3/CD9/NSGA_24_APBA/step2_CETES/AD4_parameters_custom.dat
2026-08-31 18:48:02,957 [Pipeline] GPF written → /home/chan/Research/Monomer_screening_in_Bio/results/phase3/CD9/NSGA_24_APBA/step2_CETES/receptor_step1_CETES.gpf
2026-08-31 18:48:04,672 [Pipeline] DPF written → /home/chan/Research/Monomer_screening_in_Bio/results/phase3/CD9/NSGA_24_APBA/step2_CETES/receptor_step1_CETES.dpf
2026-08-31 18:48:04,673 [Pipeline] AutoDock-GPU settings not transferable from DPF: parameter_file: AD-GPU ignores it. Receptor-side Si/B parameters reach the run only through the AutoGrid maps; ligand-internal ones only through --modpair (applied) | ls_search_freq / set_psw1 / sw_*: AD-GPU uses ADADELTA local search at 100% rate; the DPF's Solis-Wets block does not apply and the GPU search protocol is NOT identical to AD4 CPU | ga_num_evals is a CEILING on the GPU: --autostop 1 ends a run on convergence, so the DLG's 'evaluations performed' is normally well below the configured budget
2026-08-31 18:48:05,787 [Pipeline] AutoDock-GPU completed: receptor_step1_CETES.dlg (seed (20260812, 1049973783, 1087740839))
2026-08-31 18:48:05,788 [Pipeline] Parsed 25 clusters from receptor_step1_CETES.dlg
2026-08-31 18:48:05,789 [Pipeline] Parsed 25 clusters from receptor_step1_CETES.dlg
2026-08-31 18:48:05,790 [Pipeline] Parsed 25 clusters from receptor_step1_CETES.dlg
2026-08-31 18:48:05,790 [Pipeline] Merged receptor+ligand → /home/chan/Research/Monomer_screening_in_Bio/results/phase3/CD9/NSGA_24_APBA/receptor_step2.pdb
2026-08-31 18:48:06,062 [Pipeline] Receptor PDBQT [ADFR prepare_receptor4 (python2.7)] → /home/chan/Research/Monomer_screening_in_Bio/results/phase3/CD9/NSGA_24_APBA/receptor_step2.pdbqt
2026-08-31 18:48:06,063 [Pipeline]   charge check skipped (indeterminate: non-standard residues ['UNL']); net=-0.968 e
2026-08-31 18:48:06,066 [Pipeline] Custom AD4 parameters (B, Si) written: /home/chan/Research/Monomer_screening_in_Bio/results/phase3/CD9/NSGA_24_APBA/step3_IBTES/AD4_parameters_custom.dat
2026-08-31 18:48:06,066 [Pipeline] GPF written → /home/chan/Research/Monomer_screening_in_Bio/results/phase3/CD9/NSGA_24_APBA/step3_IBTES/receptor_step2_IBTES.gpf
2026-08-31 18:48:07,808 [Pipeline] DPF written → /home/chan/Research/Monomer_screening_in_Bio/results/phase3/CD9/NSGA_24_APBA/step3_IBTES/receptor_step2_IBTES.dpf
2026-08-31 18:48:07,809 [Pipeline] AutoDock-GPU settings not transferable from DPF: parameter_file: AD-GPU ignores it. Receptor-side Si/B parameters reach the run only through the AutoGrid maps; ligand-internal ones only through --modpair (applied) | ls_search_freq / set_psw1 / sw_*: AD-GPU uses ADADELTA local search at 100% rate; the DPF's Solis-Wets block does not apply and the GPU search protocol is NOT identical to AD4 CPU | ga_num_evals is a CEILING on the GPU: --autostop 1 ends a run on convergence, so the DLG's 'evaluations performed' is normally well below the configured budget
2026-08-31 18:48:08,735 [Pipeline] AutoDock-GPU completed: receptor_step2_IBTES.dlg (seed (20260812, 480102428, 517871524))
2026-08-31 18:48:08,737 [Pipeline] Parsed 25 clusters from receptor_step2_IBTES.dlg
2026-08-31 18:48:08,738 [Pipeline] Parsed 25 clusters from receptor_step2_IBTES.dlg
2026-08-31 18:48:08,739 [Pipeline] Parsed 25 clusters from receptor_step2_IBTES.dlg
2026-08-31 18:48:08,740 [Pipeline] Merged receptor+ligand → /home/chan/Research/Monomer_screening_in_Bio/results/phase3/CD9/NSGA_24_APBA/receptor_step3.pdb
2026-08-31 18:48:08,998 [Pipeline] Receptor PDBQT [ADFR prepare_receptor4 (python2.7)] → /home/chan/Research/Monomer_screening_in_Bio/results/phase3/CD9/NSGA_24_APBA/receptor_step3.pdbqt
2026-08-31 18:48:08,999 [Pipeline]   charge check skipped (indeterminate: non-standard residues ['UNL']); net=-0.969 e
2026-08-31 18:48:09,001 [Pipeline] Custom AD4 parameters (B, Si) written: /home/chan/Research/Monomer_screening_in_Bio/results/phase3/CD9/NSGA_24_APBA/step4_TEOS/AD4_parameters_custom.dat
2026-08-31 18:48:09,001 [Pipeline] GPF written → /home/chan/Research/Monomer_screening_in_Bio/results/phase3/CD9/NSGA_24_APBA/step4_TEOS/receptor_step3_TEOS.gpf
2026-08-31 18:48:10,613 [Pipeline] DPF written → /home/chan/Research/Monomer_screening_in_Bio/results/phase3/CD9/NSGA_24_APBA/step4_TEOS/receptor_step3_TEOS.dpf
2026-08-31 18:48:10,614 [Pipeline] AutoDock-GPU settings not transferable from DPF: parameter_file: AD-GPU ignores it. Receptor-side Si/B parameters reach the run only through the AutoGrid maps; ligand-internal ones only through --modpair (applied) | ls_search_freq / set_psw1 / sw_*: AD-GPU uses ADADELTA local search at 100% rate; the DPF's Solis-Wets block does not apply and the GPU search protocol is NOT identical to AD4 CPU | ga_num_evals is a CEILING on the GPU: --autostop 1 ends a run on convergence, so the DLG's 'evaluations performed' is normally well below the configured budget
2026-08-31 18:48:11,787 [Pipeline] AutoDock-GPU completed: receptor_step3_TEOS.dlg (seed (20260812, 1864881821, 1866995997))
2026-08-31 18:48:11,788 [Pipeline] Parsed 25 clusters from receptor_step3_TEOS.dlg
2026-08-31 18:48:11,789 [Pipeline] Parsed 25 clusters from receptor_step3_TEOS.dlg
2026-08-31 18:48:11,790 [Pipeline] Parsed 25 clusters from receptor_step3_TEOS.dlg
2026-08-31 18:48:11,790 [Pipeline]     XL TEOS: BE=-2.63
2026-08-31 18:48:11,792 [Pipeline] Custom AD4 parameters (B, Si) written: /home/chan/Research/Monomer_screening_in_Bio/results/phase3/CD9/NSGA_24_APBA/step4_TMOS/AD4_parameters_custom.dat
2026-08-31 18:48:11,792 [Pipeline] GPF written → /home/chan/Research/Monomer_screening_in_Bio/results/phase3/CD9/NSGA_24_APBA/step4_TMOS/receptor_step3_TMOS.gpf
2026-08-31 18:48:13,529 [Pipeline] DPF written → /home/chan/Research/Monomer_screening_in_Bio/results/phase3/CD9/NSGA_24_APBA/step4_TMOS/receptor_step3_TMOS.dpf
2026-08-31 18:48:13,529 [Pipeline] AutoDock-GPU settings not transferable from DPF: parameter_file: AD-GPU ignores it. Receptor-side Si/B parameters reach the run only through the AutoGrid maps; ligand-internal ones only through --modpair (applied) | ls_search_freq / set_psw1 / sw_*: AD-GPU uses ADADELTA local search at 100% rate; the DPF's Solis-Wets block does not apply and the GPU search protocol is NOT identical to AD4 CPU | ga_num_evals is a CEILING on the GPU: --autostop 1 ends a run on convergence, so the DLG's 'evaluations performed' is normally well below the configured budget
2026-08-31 18:48:13,064 [Pipeline] AutoDock-GPU completed: receptor_step3_TMOS.dlg (seed (20260812, 341728261, 379626389))
2026-08-31 18:48:13,065 [Pipeline] Parsed 25 clusters from receptor_step3_TMOS.dlg
2026-08-31 18:48:13,066 [Pipeline] Parsed 25 clusters from receptor_step3_TMOS.dlg
2026-08-31 18:48:13,066 [Pipeline] Parsed 25 clusters from receptor_step3_TMOS.dlg
2026-08-31 18:48:13,067 [Pipeline]     XL TMOS: BE=-2.74
2026-08-31 18:48:13,067 [Pipeline]     Best XL: TMOS (BE=-2.74)
2026-08-31 18:48:13,070 [Pipeline] Custom AD4 parameters (B, Si) written: /home/chan/Research/Monomer_screening_in_Bio/results/phase3/CD9/NSGA_24_APBA/cross_CD63/step0_FPBA/AD4_parameters_custom.dat
2026-08-31 18:48:13,070 [Pipeline] GPF written → /home/chan/Research/Monomer_screening_in_Bio/results/phase3/CD9/NSGA_24_APBA/cross_CD63/step0_FPBA/CD63_receptor_glyco_FPBA.gpf
2026-08-31 18:48:20,941 [Pipeline] DPF written → /home/chan/Research/Monomer_screening_in_Bio/results/phase3/CD9/NSGA_24_APBA/cross_CD63/step0_FPBA/CD63_receptor_glyco_FPBA.dpf
2026-08-31 18:48:20,942 [Pipeline] AutoDock-GPU settings not transferable from DPF: parameter_file: AD-GPU ignores it. Receptor-side Si/B parameters reach the run only through the AutoGrid maps; ligand-internal ones only through --modpair (applied) | ls_search_freq / set_psw1 / sw_*: AD-GPU uses ADADELTA local search at 100% rate; the DPF's Solis-Wets block does not apply and the GPU search protocol is NOT identical to AD4 CPU | ga_num_evals is a CEILING on the GPU: --autostop 1 ends a run on convergence, so the DLG's 'evaluations performed' is normally well below the configured budget
2026-08-31 18:48:24,297 [Pipeline] AutoDock-GPU completed: CD63_receptor_glyco_FPBA.dlg (seed (20260812, 329769312, 331869792))
2026-08-31 18:48:24,298 [Pipeline] Parsed 25 clusters from CD63_receptor_glyco_FPBA.dlg
2026-08-31 18:48:24,298 [Pipeline] Parsed 25 clusters from CD63_receptor_glyco_FPBA.dlg
2026-08-31 18:48:24,300 [Pipeline] Parsed 25 clusters from CD63_receptor_glyco_FPBA.dlg
2026-08-31 18:48:24,301 [Pipeline] Merged receptor+ligand → /home/chan/Research/Monomer_screening_in_Bio/results/phase3/CD9/NSGA_24_APBA/cross_CD63/receptor_step0.pdb
2026-08-31 18:48:24,625 [Pipeline] Receptor PDBQT [ADFR prepare_receptor4 (python2.7)] → /home/chan/Research/Monomer_screening_in_Bio/results/phase3/CD9/NSGA_24_APBA/cross_CD63/receptor_step0.pdbqt
2026-08-31 18:48:24,626 [Pipeline]   charge check skipped (indeterminate: non-standard residues ['UNL']); net=+2.023 e
2026-08-31 18:48:24,629 [Pipeline] Custom AD4 parameters (B, Si) written: /home/chan/Research/Monomer_screening_in_Bio/results/phase3/CD9/NSGA_24_APBA/cross_CD63/step1_APBA/AD4_parameters_custom.dat
2026-08-31 18:48:24,629 [Pipeline] GPF written → /home/chan/Research/Monomer_screening_in_Bio/results/phase3/CD9/NSGA_24_APBA/cross_CD63/step1_APBA/receptor_step0_APBA.gpf
2026-08-31 18:48:31,483 [Pipeline] DPF written → /home/chan/Research/Monomer_screening_in_Bio/results/phase3/CD9/NSGA_24_APBA/cross_CD63/step1_APBA/receptor_step0_APBA.dpf
2026-08-31 18:48:31,484 [Pipeline] AutoDock-GPU settings not transferable from DPF: parameter_file: AD-GPU ignores it. Receptor-side Si/B parameters reach the run only through the AutoGrid maps; ligand-internal ones only through --modpair (applied) | ls_search_freq / set_psw1 / sw_*: AD-GPU uses ADADELTA local search at 100% rate; the DPF's Solis-Wets block does not apply and the GPU search protocol is NOT identical to AD4 CPU | ga_num_evals is a CEILING on the GPU: --autostop 1 ends a run on convergence, so the DLG's 'evaluations performed' is normally well below the configured budget
2026-08-31 18:48:34,272 [Pipeline] AutoDock-GPU completed: receptor_step0_APBA.dlg (seed (20260812, 1559272050, 1593501066))
2026-08-31 18:48:34,273 [Pipeline] Parsed 25 clusters from receptor_step0_APBA.dlg
2026-08-31 18:48:34,273 [Pipeline] Parsed 25 clusters from receptor_step0_APBA.dlg
2026-08-31 18:48:34,274 [Pipeline] Parsed 25 clusters from receptor_step0_APBA.dlg
2026-08-31 18:48:34,275 [Pipeline] Merged receptor+ligand → /home/chan/Research/Monomer_screening_in_Bio/results/phase3/CD9/NSGA_24_APBA/cross_CD63/receptor_step1.pdb
2026-08-31 18:48:34,613 [Pipeline] Receptor PDBQT [ADFR prepare_receptor4 (python2.7)] → /home/chan/Research/Monomer_screening_in_Bio/results/phase3/CD9/NSGA_24_APBA/cross_CD63/receptor_step1.pdbqt
2026-08-31 18:48:34,615 [Pipeline]   charge check skipped (indeterminate: non-standard residues ['UNL']); net=+2.025 e
2026-08-31 18:48:34,618 [Pipeline] Custom AD4 parameters (B, Si) written: /home/chan/Research/Monomer_screening_in_Bio/results/phase3/CD9/NSGA_24_APBA/cross_CD63/step2_CETES/AD4_parameters_custom.dat
2026-08-31 18:48:34,618 [Pipeline] GPF written → /home/chan/Research/Monomer_screening_in_Bio/results/phase3/CD9/NSGA_24_APBA/cross_CD63/step2_CETES/receptor_step1_CETES.gpf
2026-08-31 18:48:41,146 [Pipeline] DPF written → /home/chan/Research/Monomer_screening_in_Bio/results/phase3/CD9/NSGA_24_APBA/cross_CD63/step2_CETES/receptor_step1_CETES.dpf
2026-08-31 18:48:41,147 [Pipeline] AutoDock-GPU settings not transferable from DPF: parameter_file: AD-GPU ignores it. Receptor-side Si/B parameters reach the run only through the AutoGrid maps; ligand-internal ones only through --modpair (applied) | ls_search_freq / set_psw1 / sw_*: AD-GPU uses ADADELTA local search at 100% rate; the DPF's Solis-Wets block does not apply and the GPU search protocol is NOT identical to AD4 CPU | ga_num_evals is a CEILING on the GPU: --autostop 1 ends a run on convergence, so the DLG's 'evaluations performed' is normally well below the configured budget
2026-08-31 18:48:43,709 [Pipeline] AutoDock-GPU completed: receptor_step1_CETES.dlg (seed (20260812, 1049973783, 1087740839))
2026-08-31 18:48:43,710 [Pipeline] Parsed 25 clusters from receptor_step1_CETES.dlg
2026-08-31 18:48:43,711 [Pipeline] Parsed 25 clusters from receptor_step1_CETES.dlg
2026-08-31 18:48:43,712 [Pipeline] Parsed 25 clusters from receptor_step1_CETES.dlg
2026-08-31 18:48:43,712 [Pipeline] Merged receptor+ligand → /home/chan/Research/Monomer_screening_in_Bio/results/phase3/CD9/NSGA_24_APBA/cross_CD63/receptor_step2.pdb
2026-08-31 18:48:43,991 [Pipeline] Receptor PDBQT [ADFR prepare_receptor4 (python2.7)] → /home/chan/Research/Monomer_screening_in_Bio/results/phase3/CD9/NSGA_24_APBA/cross_CD63/receptor_step2.pdbqt
2026-08-31 18:48:43,993 [Pipeline]   charge check skipped (indeterminate: non-standard residues ['UNL']); net=+2.026 e
2026-08-31 18:48:43,995 [Pipeline] Custom AD4 parameters (B, Si) written: /home/chan/Research/Monomer_screening_in_Bio/results/phase3/CD9/NSGA_24_APBA/cross_CD63/step3_IBTES/AD4_parameters_custom.dat
2026-08-31 18:48:43,995 [Pipeline] GPF written → /home/chan/Research/Monomer_screening_in_Bio/results/phase3/CD9/NSGA_24_APBA/cross_CD63/step3_IBTES/receptor_step2_IBTES.gpf
2026-08-31 18:48:48,472 [Pipeline] DPF written → /home/chan/Research/Monomer_screening_in_Bio/results/phase3/CD9/NSGA_24_APBA/cross_CD63/step3_IBTES/receptor_step2_IBTES.dpf
2026-08-31 18:48:48,472 [Pipeline] AutoDock-GPU settings not transferable from DPF: parameter_file: AD-GPU ignores it. Receptor-side Si/B parameters reach the run only through the AutoGrid maps; ligand-internal ones only through --modpair (applied) | ls_search_freq / set_psw1 / sw_*: AD-GPU uses ADADELTA local search at 100% rate; the DPF's Solis-Wets block does not apply and the GPU search protocol is NOT identical to AD4 CPU | ga_num_evals is a CEILING on the GPU: --autostop 1 ends a run on convergence, so the DLG's 'evaluations performed' is normally well below the configured budget
2026-08-31 18:48:50,355 [Pipeline] AutoDock-GPU completed: receptor_step2_IBTES.dlg (seed (20260812, 480102428, 517871524))
2026-08-31 18:48:50,356 [Pipeline] Parsed 25 clusters from receptor_step2_IBTES.dlg
2026-08-31 18:48:50,357 [Pipeline] Parsed 25 clusters from receptor_step2_IBTES.dlg
2026-08-31 18:48:50,357 [Pipeline] Parsed 25 clusters from receptor_step2_IBTES.dlg
2026-08-31 18:48:50,358 [Pipeline] Merged receptor+ligand → /home/chan/Research/Monomer_screening_in_Bio/results/phase3/CD9/NSGA_24_APBA/cross_CD63/receptor_step3.pdb
2026-08-31 18:48:50,630 [Pipeline] Receptor PDBQT [ADFR prepare_receptor4 (python2.7)] → /home/chan/Research/Monomer_screening_in_Bio/results/phase3/CD9/NSGA_24_APBA/cross_CD63/receptor_step3.pdbqt
2026-08-31 18:48:50,631 [Pipeline]   charge check skipped (indeterminate: non-standard residues ['UNL']); net=+2.025 e
2026-08-31 18:48:50,634 [Pipeline] Custom AD4 parameters (B, Si) written: /home/chan/Research/Monomer_screening_in_Bio/results/phase3/CD9/NSGA_24_APBA/cross_CD63/step4_TEOS/AD4_parameters_custom.dat
2026-08-31 18:48:50,634 [Pipeline] GPF written → /home/chan/Research/Monomer_screening_in_Bio/results/phase3/CD9/NSGA_24_APBA/cross_CD63/step4_TEOS/receptor_step3_TEOS.gpf
2026-08-31 18:48:57,461 [Pipeline] DPF written → /home/chan/Research/Monomer_screening_in_Bio/results/phase3/CD9/NSGA_24_APBA/cross_CD63/step4_TEOS/receptor_step3_TEOS.dpf
2026-08-31 18:48:57,462 [Pipeline] AutoDock-GPU settings not transferable from DPF: parameter_file: AD-GPU ignores it. Receptor-side Si/B parameters reach the run only through the AutoGrid maps; ligand-internal ones only through --modpair (applied) | ls_search_freq / set_psw1 / sw_*: AD-GPU uses ADADELTA local search at 100% rate; the DPF's Solis-Wets block does not apply and the GPU search protocol is NOT identical to AD4 CPU | ga_num_evals is a CEILING on the GPU: --autostop 1 ends a run on convergence, so the DLG's 'evaluations performed' is normally well below the configured budget
2026-08-31 18:48:59,385 [Pipeline] AutoDock-GPU completed: receptor_step3_TEOS.dlg (seed (20260812, 1864881821, 1866995997))
2026-08-31 18:48:59,386 [Pipeline] Parsed 25 clusters from receptor_step3_TEOS.dlg
2026-08-31 18:48:59,387 [Pipeline] Parsed 25 clusters from receptor_step3_TEOS.dlg
2026-08-31 18:48:59,388 [Pipeline] Parsed 25 clusters from receptor_step3_TEOS.dlg
2026-08-31 18:48:59,388 [Pipeline]     XL TEOS: BE=-3.02
2026-08-31 18:48:59,391 [Pipeline] Custom AD4 parameters (B, Si) written: /home/chan/Research/Monomer_screening_in_Bio/results/phase3/CD9/NSGA_24_APBA/cross_CD63/step4_TMOS/AD4_parameters_custom.dat
2026-08-31 18:48:59,391 [Pipeline] GPF written → /home/chan/Research/Monomer_screening_in_Bio/results/phase3/CD9/NSGA_24_APBA/cross_CD63/step4_TMOS/receptor_step3_TMOS.gpf
2026-08-31 18:49:06,460 [Pipeline] DPF written → /home/chan/Research/Monomer_screening_in_Bio/results/phase3/CD9/NSGA_24_APBA/cross_CD63/step4_TMOS/receptor_step3_TMOS.dpf
2026-08-31 18:49:06,460 [Pipeline] AutoDock-GPU settings not transferable from DPF: parameter_file: AD-GPU ignores it. Receptor-side Si/B parameters reach the run only through the AutoGrid maps; ligand-internal ones only through --modpair (applied) | ls_search_freq / set_psw1 / sw_*: AD-GPU uses ADADELTA local search at 100% rate; the DPF's Solis-Wets block does not apply and the GPU search protocol is NOT identical to AD4 CPU | ga_num_evals is a CEILING on the GPU: --autostop 1 ends a run on convergence, so the DLG's 'evaluations performed' is normally well below the configured budget
2026-08-31 18:49:08,558 [Pipeline] AutoDock-GPU completed: receptor_step3_TMOS.dlg (seed (20260812, 341728261, 379626389))
2026-08-31 18:49:08,559 [Pipeline] Parsed 25 clusters from receptor_step3_TMOS.dlg
2026-08-31 18:49:08,560 [Pipeline] Parsed 25 clusters from receptor_step3_TMOS.dlg
2026-08-31 18:49:08,561 [Pipeline] Parsed 25 clusters from receptor_step3_TMOS.dlg
2026-08-31 18:49:08,562 [Pipeline]     XL TMOS: BE=-2.90
2026-08-31 18:49:08,562 [Pipeline]     Best XL: TEOS (BE=-3.02)
2026-08-31 18:49:08,565 [Pipeline] Custom AD4 parameters (B, Si) written: /home/chan/Research/Monomer_screening_in_Bio/results/phase3/CD9/NSGA_24_APBA/cross_CD81/step0_FPBA/AD4_parameters_custom.dat
2026-08-31 18:49:08,566 [Pipeline] GPF written → /home/chan/Research/Monomer_screening_in_Bio/results/phase3/CD9/NSGA_24_APBA/cross_CD81/step0_FPBA/CD81_receptor_FPBA.gpf
2026-08-31 18:49:10,434 [Pipeline] DPF written → /home/chan/Research/Monomer_screening_in_Bio/results/phase3/CD9/NSGA_24_APBA/cross_CD81/step0_FPBA/CD81_receptor_FPBA.dpf
2026-08-31 18:49:10,434 [Pipeline] AutoDock-GPU settings not transferable from DPF: parameter_file: AD-GPU ignores it. Receptor-side Si/B parameters reach the run only through the AutoGrid maps; ligand-internal ones only through --modpair (applied) | ls_search_freq / set_psw1 / sw_*: AD-GPU uses ADADELTA local search at 100% rate; the DPF's Solis-Wets block does not apply and the GPU search protocol is NOT identical to AD4 CPU | ga_num_evals is a CEILING on the GPU: --autostop 1 ends a run on convergence, so the DLG's 'evaluations performed' is normally well below the configured budget
2026-08-31 18:49:11,581 [Pipeline] AutoDock-GPU completed: CD81_receptor_FPBA.dlg (seed (20260812, 1063573366, 1065818246))
2026-08-31 18:49:11,581 [Pipeline] Parsed 25 clusters from CD81_receptor_FPBA.dlg
2026-08-31 18:49:11,582 [Pipeline] Parsed 25 clusters from CD81_receptor_FPBA.dlg
2026-08-31 18:49:11,583 [Pipeline] Parsed 25 clusters from CD81_receptor_FPBA.dlg
2026-08-31 18:49:11,584 [Pipeline] Merged receptor+ligand → /home/chan/Research/Monomer_screening_in_Bio/results/phase3/CD9/NSGA_24_APBA/cross_CD81/receptor_step0.pdb
2026-08-31 18:49:11,911 [Pipeline] Receptor PDBQT [ADFR prepare_receptor4 (python2.7)] → /home/chan/Research/Monomer_screening_in_Bio/results/phase3/CD9/NSGA_24_APBA/cross_CD81/receptor_step0.pdbqt
2026-08-31 18:49:11,912 [Pipeline]   charge check skipped (indeterminate: non-standard residues ['UNL']); net=-1.964 e
2026-08-31 18:49:11,915 [Pipeline] Custom AD4 parameters (B, Si) written: /home/chan/Research/Monomer_screening_in_Bio/results/phase3/CD9/NSGA_24_APBA/cross_CD81/step1_APBA/AD4_parameters_custom.dat
2026-08-31 18:49:11,915 [Pipeline] GPF written → /home/chan/Research/Monomer_screening_in_Bio/results/phase3/CD9/NSGA_24_APBA/cross_CD81/step1_APBA/receptor_step0_APBA.gpf
2026-08-31 18:49:13,730 [Pipeline] DPF written → /home/chan/Research/Monomer_screening_in_Bio/results/phase3/CD9/NSGA_24_APBA/cross_CD81/step1_APBA/receptor_step0_APBA.dpf
2026-08-31 18:49:13,730 [Pipeline] AutoDock-GPU settings not transferable from DPF: parameter_file: AD-GPU ignores it. Receptor-side Si/B parameters reach the run only through the AutoGrid maps; ligand-internal ones only through --modpair (applied) | ls_search_freq / set_psw1 / sw_*: AD-GPU uses ADADELTA local search at 100% rate; the DPF's Solis-Wets block does not apply and the GPU search protocol is NOT identical to AD4 CPU | ga_num_evals is a CEILING on the GPU: --autostop 1 ends a run on convergence, so the DLG's 'evaluations performed' is normally well below the configured budget
2026-08-31 18:49:14,864 [Pipeline] AutoDock-GPU completed: receptor_step0_APBA.dlg (seed (20260812, 1559272050, 1593501066))
2026-08-31 18:49:14,865 [Pipeline] Parsed 25 clusters from receptor_step0_APBA.dlg
2026-08-31 18:49:14,866 [Pipeline] Parsed 25 clusters from receptor_step0_APBA.dlg
2026-08-31 18:49:14,866 [Pipeline] Parsed 25 clusters from receptor_step0_APBA.dlg
2026-08-31 18:49:14,867 [Pipeline] Merged receptor+ligand → /home/chan/Research/Monomer_screening_in_Bio/results/phase3/CD9/NSGA_24_APBA/cross_CD81/receptor_step1.pdb
2026-08-31 18:49:15,169 [Pipeline] Receptor PDBQT [ADFR prepare_receptor4 (python2.7)] → /home/chan/Research/Monomer_screening_in_Bio/results/phase3/CD9/NSGA_24_APBA/cross_CD81/receptor_step1.pdbqt
2026-08-31 18:49:15,170 [Pipeline]   charge check skipped (indeterminate: non-standard residues ['UNL']); net=-1.962 e
2026-08-31 18:49:15,173 [Pipeline] Custom AD4 parameters (B, Si) written: /home/chan/Research/Monomer_screening_in_Bio/results/phase3/CD9/NSGA_24_APBA/cross_CD81/step2_CETES/AD4_parameters_custom.dat
2026-08-31 18:49:15,173 [Pipeline] GPF written → /home/chan/Research/Monomer_screening_in_Bio/results/phase3/CD9/NSGA_24_APBA/cross_CD81/step2_CETES/receptor_step1_CETES.gpf
2026-08-31 18:49:15,576 [Pipeline] DPF written → /home/chan/Research/Monomer_screening_in_Bio/results/phase3/CD9/NSGA_24_APBA/cross_CD81/step2_CETES/receptor_step1_CETES.dpf
2026-08-31 18:49:15,576 [Pipeline] AutoDock-GPU settings not transferable from DPF: parameter_file: AD-GPU ignores it. Receptor-side Si/B parameters reach the run only through the AutoGrid maps; ligand-internal ones only through --modpair (applied) | ls_search_freq / set_psw1 / sw_*: AD-GPU uses ADADELTA local search at 100% rate; the DPF's Solis-Wets block does not apply and the GPU search protocol is NOT identical to AD4 CPU | ga_num_evals is a CEILING on the GPU: --autostop 1 ends a run on convergence, so the DLG's 'evaluations performed' is normally well below the configured budget
2026-08-31 18:49:16,896 [Pipeline] AutoDock-GPU completed: receptor_step1_CETES.dlg (seed (20260812, 1049973783, 1087740839))
2026-08-31 18:49:16,897 [Pipeline] Parsed 25 clusters from receptor_step1_CETES.dlg
2026-08-31 18:49:16,898 [Pipeline] Parsed 25 clusters from receptor_step1_CETES.dlg
2026-08-31 18:49:16,899 [Pipeline] Parsed 25 clusters from receptor_step1_CETES.dlg
2026-08-31 18:49:16,899 [Pipeline] Merged receptor+ligand → /home/chan/Research/Monomer_screening_in_Bio/results/phase3/CD9/NSGA_24_APBA/cross_CD81/receptor_step2.pdb
2026-08-31 18:49:17,196 [Pipeline] Receptor PDBQT [ADFR prepare_receptor4 (python2.7)] → /home/chan/Research/Monomer_screening_in_Bio/results/phase3/CD9/NSGA_24_APBA/cross_CD81/receptor_step2.pdbqt
2026-08-31 18:49:17,197 [Pipeline]   charge check skipped (indeterminate: non-standard residues ['UNL']); net=-1.961 e
2026-08-31 18:49:17,199 [Pipeline] Custom AD4 parameters (B, Si) written: /home/chan/Research/Monomer_screening_in_Bio/results/phase3/CD9/NSGA_24_APBA/cross_CD81/step3_IBTES/AD4_parameters_custom.dat
2026-08-31 18:49:17,199 [Pipeline] GPF written → /home/chan/Research/Monomer_screening_in_Bio/results/phase3/CD9/NSGA_24_APBA/cross_CD81/step3_IBTES/receptor_step2_IBTES.gpf
2026-08-31 18:49:18,993 [Pipeline] DPF written → /home/chan/Research/Monomer_screening_in_Bio/results/phase3/CD9/NSGA_24_APBA/cross_CD81/step3_IBTES/receptor_step2_IBTES.dpf
2026-08-31 18:49:18,993 [Pipeline] AutoDock-GPU settings not transferable from DPF: parameter_file: AD-GPU ignores it. Receptor-side Si/B parameters reach the run only through the AutoGrid maps; ligand-internal ones only through --modpair (applied) | ls_search_freq / set_psw1 / sw_*: AD-GPU uses ADADELTA local search at 100% rate; the DPF's Solis-Wets block does not apply and the GPU search protocol is NOT identical to AD4 CPU | ga_num_evals is a CEILING on the GPU: --autostop 1 ends a run on convergence, so the DLG's 'evaluations performed' is normally well below the configured budget
2026-08-31 18:49:20,008 [Pipeline] AutoDock-GPU completed: receptor_step2_IBTES.dlg (seed (20260812, 480102428, 517871524))
2026-08-31 18:49:20,009 [Pipeline] Parsed 25 clusters from receptor_step2_IBTES.dlg
2026-08-31 18:49:20,010 [Pipeline] Parsed 25 clusters from receptor_step2_IBTES.dlg
2026-08-31 18:49:20,011 [Pipeline] Parsed 25 clusters from receptor_step2_IBTES.dlg
2026-08-31 18:49:20,011 [Pipeline] Merged receptor+ligand → /home/chan/Research/Monomer_screening_in_Bio/results/phase3/CD9/NSGA_24_APBA/cross_CD81/receptor_step3.pdb
2026-08-31 18:49:20,268 [Pipeline] Receptor PDBQT [ADFR prepare_receptor4 (python2.7)] → /home/chan/Research/Monomer_screening_in_Bio/results/phase3/CD9/NSGA_24_APBA/cross_CD81/receptor_step3.pdbqt
2026-08-31 18:49:20,269 [Pipeline]   charge check skipped (indeterminate: non-standard residues ['UNL']); net=-1.962 e
2026-08-31 18:49:20,270 [Pipeline] Custom AD4 parameters (B, Si) written: /home/chan/Research/Monomer_screening_in_Bio/results/phase3/CD9/NSGA_24_APBA/cross_CD81/step4_TEOS/AD4_parameters_custom.dat
2026-08-31 18:49:20,271 [Pipeline] GPF written → /home/chan/Research/Monomer_screening_in_Bio/results/phase3/CD9/NSGA_24_APBA/cross_CD81/step4_TEOS/receptor_step3_TEOS.gpf
2026-08-31 18:49:22,053 [Pipeline] DPF written → /home/chan/Research/Monomer_screening_in_Bio/results/phase3/CD9/NSGA_24_APBA/cross_CD81/step4_TEOS/receptor_step3_TEOS.dpf
2026-08-31 18:49:22,053 [Pipeline] AutoDock-GPU settings not transferable from DPF: parameter_file: AD-GPU ignores it. Receptor-side Si/B parameters reach the run only through the AutoGrid maps; ligand-internal ones only through --modpair (applied) | ls_search_freq / set_psw1 / sw_*: AD-GPU uses ADADELTA local search at 100% rate; the DPF's Solis-Wets block does not apply and the GPU search protocol is NOT identical to AD4 CPU | ga_num_evals is a CEILING on the GPU: --autostop 1 ends a run on convergence, so the DLG's 'evaluations performed' is normally well below the configured budget
2026-08-31 18:49:23,051 [Pipeline] AutoDock-GPU completed: receptor_step3_TEOS.dlg (seed (20260812, 1864881821, 1866995997))
2026-08-31 18:49:23,053 [Pipeline] Parsed 25 clusters from receptor_step3_TEOS.dlg
2026-08-31 18:49:23,053 [Pipeline] Parsed 25 clusters from receptor_step3_TEOS.dlg
2026-08-31 18:49:23,054 [Pipeline] Parsed 25 clusters from receptor_step3_TEOS.dlg
2026-08-31 18:49:23,055 [Pipeline]     XL TEOS: BE=-3.19
2026-08-31 18:49:23,056 [Pipeline] Custom AD4 parameters (B, Si) written: /home/chan/Research/Monomer_screening_in_Bio/results/phase3/CD9/NSGA_24_APBA/cross_CD81/step4_TMOS/AD4_parameters_custom.dat
2026-08-31 18:49:23,057 [Pipeline] GPF written → /home/chan/Research/Monomer_screening_in_Bio/results/phase3/CD9/NSGA_24_APBA/cross_CD81/step4_TMOS/receptor_step3_TMOS.gpf
2026-08-31 18:49:25,009 [Pipeline] DPF written → /home/chan/Research/Monomer_screening_in_Bio/results/phase3/CD9/NSGA_24_APBA/cross_CD81/step4_TMOS/receptor_step3_TMOS.dpf
2026-08-31 18:49:25,009 [Pipeline] AutoDock-GPU settings not transferable from DPF: parameter_file: AD-GPU ignores it. Receptor-side Si/B parameters reach the run only through the AutoGrid maps; ligand-internal ones only through --modpair (applied) | ls_search_freq / set_psw1 / sw_*: AD-GPU uses ADADELTA local search at 100% rate; the DPF's Solis-Wets block does not apply and the GPU search protocol is NOT identical to AD4 CPU | ga_num_evals is a CEILING on the GPU: --autostop 1 ends a run on convergence, so the DLG's 'evaluations performed' is normally well below the configured budget
2026-08-31 18:49:25,895 [Pipeline] AutoDock-GPU completed: receptor_step3_TMOS.dlg (seed (20260812, 341728261, 379626389))
2026-08-31 18:49:25,896 [Pipeline] Parsed 25 clusters from receptor_step3_TMOS.dlg
2026-08-31 18:49:25,896 [Pipeline] Parsed 25 clusters from receptor_step3_TMOS.dlg
2026-08-31 18:49:25,897 [Pipeline] Parsed 25 clusters from receptor_step3_TMOS.dlg
2026-08-31 18:49:25,898 [Pipeline]     XL TMOS: BE=-3.03
2026-08-31 18:49:25,898 [Pipeline]     Best XL: TEOS (BE=-3.19)
2026-08-31 18:49:25,898 [Pipeline]     NSGA_24_APBA ΔΔG=+0.73 kcal/mol, penalty=0.86 → obj=-2.658
2026-08-31 18:49:25,899 [Pipeline]   NSGA[24]: ['APBA', 'FPBA', 'CETES', 'IBTES'] → aff=-4.15, sel=0.28, synth=9.2/10, ΔΔG=+0.72
2026-08-31 18:49:25,903 [Pipeline] Custom AD4 parameters (B, Si) written: /home/chan/Research/Monomer_screening_in_Bio/results/phase3/CD9/NSGA_25_APBA/step0_APBA/AD4_parameters_custom.dat
2026-08-31 18:49:25,903 [Pipeline] GPF written → /home/chan/Research/Monomer_screening_in_Bio/results/phase3/CD9/NSGA_25_APBA/step0_APBA/CD9_receptor_APBA.gpf
2026-08-31 18:49:27,553 [Pipeline] DPF written → /home/chan/Research/Monomer_screening_in_Bio/results/phase3/CD9/NSGA_25_APBA/step0_APBA/CD9_receptor_APBA.dpf
2026-08-31 18:49:27,554 [Pipeline] AutoDock-GPU settings not transferable from DPF: parameter_file: AD-GPU ignores it. Receptor-side Si/B parameters reach the run only through the AutoGrid maps; ligand-internal ones only through --modpair (applied) | ls_search_freq / set_psw1 / sw_*: AD-GPU uses ADADELTA local search at 100% rate; the DPF's Solis-Wets block does not apply and the GPU search protocol is NOT identical to AD4 CPU | ga_num_evals is a CEILING on the GPU: --autostop 1 ends a run on convergence, so the DLG's 'evaluations performed' is normally well below the configured budget
2026-08-31 18:49:28,651 [Pipeline] AutoDock-GPU completed: CD9_receptor_APBA.dlg (seed (20260812, 147247180, 187244364))
2026-08-31 18:49:28,652 [Pipeline] Parsed 25 clusters from CD9_receptor_APBA.dlg
2026-08-31 18:49:28,652 [Pipeline] Parsed 25 clusters from CD9_receptor_APBA.dlg
2026-08-31 18:49:28,653 [Pipeline] Parsed 25 clusters from CD9_receptor_APBA.dlg
2026-08-31 18:49:28,654 [Pipeline] Merged receptor+ligand → /home/chan/Research/Monomer_screening_in_Bio/results/phase3/CD9/NSGA_25_APBA/receptor_step0.pdb
2026-08-31 18:49:28,897 [Pipeline] Receptor PDBQT [ADFR prepare_receptor4 (python2.7)] → /home/chan/Research/Monomer_screening_in_Bio/results/phase3/CD9/NSGA_25_APBA/receptor_step0.pdbqt
2026-08-31 18:49:28,898 [Pipeline]   charge check skipped (indeterminate: non-standard residues ['UNL']); net=-0.970 e
2026-08-31 18:49:28,899 [Pipeline] Custom AD4 parameters (B, Si) written: /home/chan/Research/Monomer_screening_in_Bio/results/phase3/CD9/NSGA_25_APBA/step1_IBTES/AD4_parameters_custom.dat
2026-08-31 18:49:28,900 [Pipeline] GPF written → /home/chan/Research/Monomer_screening_in_Bio/results/phase3/CD9/NSGA_25_APBA/step1_IBTES/receptor_step0_IBTES.gpf
2026-08-31 18:49:30,472 [Pipeline] DPF written → /home/chan/Research/Monomer_screening_in_Bio/results/phase3/CD9/NSGA_25_APBA/step1_IBTES/receptor_step0_IBTES.dpf
2026-08-31 18:49:30,473 [Pipeline] AutoDock-GPU settings not transferable from DPF: parameter_file: AD-GPU ignores it. Receptor-side Si/B parameters reach the run only through the AutoGrid maps; ligand-internal ones only through --modpair (applied) | ls_search_freq / set_psw1 / sw_*: AD-GPU uses ADADELTA local search at 100% rate; the DPF's Solis-Wets block does not apply and the GPU search protocol is NOT identical to AD4 CPU | ga_num_evals is a CEILING on the GPU: --autostop 1 ends a run on convergence, so the DLG's 'evaluations performed' is normally well below the configured budget
2026-08-31 18:49:31,578 [Pipeline] AutoDock-GPU completed: receptor_step0_IBTES.dlg (seed (20260812, 559108663, 563846599))
2026-08-31 18:49:31,579 [Pipeline] Parsed 25 clusters from receptor_step0_IBTES.dlg
2026-08-31 18:49:31,580 [Pipeline] Parsed 25 clusters from receptor_step0_IBTES.dlg
2026-08-31 18:49:31,580 [Pipeline] Parsed 25 clusters from receptor_step0_IBTES.dlg
2026-08-31 18:49:31,581 [Pipeline] Merged receptor+ligand → /home/chan/Research/Monomer_screening_in_Bio/results/phase3/CD9/NSGA_25_APBA/receptor_step1.pdb
2026-08-31 18:49:31,843 [Pipeline] Receptor PDBQT [ADFR prepare_receptor4 (python2.7)] → /home/chan/Research/Monomer_screening_in_Bio/results/phase3/CD9/NSGA_25_APBA/receptor_step1.pdbqt
2026-08-31 18:49:31,843 [Pipeline]   charge check skipped (indeterminate: non-standard residues ['UNL']); net=-0.971 e
2026-08-31 18:49:31,845 [Pipeline] Custom AD4 parameters (B, Si) written: /home/chan/Research/Monomer_screening_in_Bio/results/phase3/CD9/NSGA_25_APBA/step2_TEOS/AD4_parameters_custom.dat
2026-08-31 18:49:31,846 [Pipeline] GPF written → /home/chan/Research/Monomer_screening_in_Bio/results/phase3/CD9/NSGA_25_APBA/step2_TEOS/receptor_step1_TEOS.gpf
2026-08-31 18:49:33,440 [Pipeline] DPF written → /home/chan/Research/Monomer_screening_in_Bio/results/phase3/CD9/NSGA_25_APBA/step2_TEOS/receptor_step1_TEOS.dpf
2026-08-31 18:49:33,440 [Pipeline] AutoDock-GPU settings not transferable from DPF: parameter_file: AD-GPU ignores it. Receptor-side Si/B parameters reach the run only through the AutoGrid maps; ligand-internal ones only through --modpair (applied) | ls_search_freq / set_psw1 / sw_*: AD-GPU uses ADADELTA local search at 100% rate; the DPF's Solis-Wets block does not apply and the GPU search protocol is NOT identical to AD4 CPU | ga_num_evals is a CEILING on the GPU: --autostop 1 ends a run on convergence, so the DLG's 'evaluations performed' is normally well below the configured budget
2026-08-31 18:49:34,468 [Pipeline] AutoDock-GPU completed: receptor_step1_TEOS.dlg (seed (20260812, 2085961281, 2123710809))
2026-08-31 18:49:34,469 [Pipeline] Parsed 25 clusters from receptor_step1_TEOS.dlg
2026-08-31 18:49:34,470 [Pipeline] Parsed 25 clusters from receptor_step1_TEOS.dlg
2026-08-31 18:49:34,471 [Pipeline] Parsed 25 clusters from receptor_step1_TEOS.dlg
2026-08-31 18:49:34,471 [Pipeline]     XL TEOS: BE=-3.42
2026-08-31 18:49:34,473 [Pipeline] Custom AD4 parameters (B, Si) written: /home/chan/Research/Monomer_screening_in_Bio/results/phase3/CD9/NSGA_25_APBA/step2_TMOS/AD4_parameters_custom.dat
2026-08-31 18:49:34,473 [Pipeline] GPF written → /home/chan/Research/Monomer_screening_in_Bio/results/phase3/CD9/NSGA_25_APBA/step2_TMOS/receptor_step1_TMOS.gpf
2026-08-31 18:49:36,101 [Pipeline] DPF written → /home/chan/Research/Monomer_screening_in_Bio/results/phase3/CD9/NSGA_25_APBA/step2_TMOS/receptor_step1_TMOS.dpf
2026-08-31 18:49:36,101 [Pipeline] AutoDock-GPU settings not transferable from DPF: parameter_file: AD-GPU ignores it. Receptor-side Si/B parameters reach the run only through the AutoGrid maps; ligand-internal ones only through --modpair (applied) | ls_search_freq / set_psw1 / sw_*: AD-GPU uses ADADELTA local search at 100% rate; the DPF's Solis-Wets block does not apply and the GPU search protocol is NOT identical to AD4 CPU | ga_num_evals is a CEILING on the GPU: --autostop 1 ends a run on convergence, so the DLG's 'evaluations performed' is normally well below the configured budget
2026-08-31 18:49:36,998 [Pipeline] AutoDock-GPU completed: receptor_step1_TMOS.dlg (seed (20260812, 703698410, 704240114))
2026-08-31 18:49:36,999 [Pipeline] Parsed 25 clusters from receptor_step1_TMOS.dlg
2026-08-31 18:49:37,000 [Pipeline] Parsed 25 clusters from receptor_step1_TMOS.dlg
2026-08-31 18:49:37,001 [Pipeline] Parsed 25 clusters from receptor_step1_TMOS.dlg
2026-08-31 18:49:37,001 [Pipeline]     XL TMOS: BE=-3.36
2026-08-31 18:49:37,001 [Pipeline]     Best XL: TEOS (BE=-3.42)
2026-08-31 18:49:37,005 [Pipeline] Custom AD4 parameters (B, Si) written: /home/chan/Research/Monomer_screening_in_Bio/results/phase3/CD9/NSGA_25_APBA/cross_CD63/step0_APBA/AD4_parameters_custom.dat
2026-08-31 18:49:37,005 [Pipeline] GPF written → /home/chan/Research/Monomer_screening_in_Bio/results/phase3/CD9/NSGA_25_APBA/cross_CD63/step0_APBA/CD63_receptor_glyco_APBA.gpf
2026-08-31 18:49:44,723 [Pipeline] DPF written → /home/chan/Research/Monomer_screening_in_Bio/results/phase3/CD9/NSGA_25_APBA/cross_CD63/step0_APBA/CD63_receptor_glyco_APBA.dpf
2026-08-31 18:49:44,723 [Pipeline] AutoDock-GPU settings not transferable from DPF: parameter_file: AD-GPU ignores it. Receptor-side Si/B parameters reach the run only through the AutoGrid maps; ligand-internal ones only through --modpair (applied) | ls_search_freq / set_psw1 / sw_*: AD-GPU uses ADADELTA local search at 100% rate; the DPF's Solis-Wets block does not apply and the GPU search protocol is NOT identical to AD4 CPU | ga_num_evals is a CEILING on the GPU: --autostop 1 ends a run on convergence, so the DLG's 'evaluations performed' is normally well below the configured budget
2026-08-31 18:49:46,834 [Pipeline] AutoDock-GPU completed: CD63_receptor_glyco_APBA.dlg (seed (20260812, 1866055401, 1866580209))
2026-08-31 18:49:46,835 [Pipeline] Parsed 25 clusters from CD63_receptor_glyco_APBA.dlg
2026-08-31 18:49:46,836 [Pipeline] Parsed 25 clusters from CD63_receptor_glyco_APBA.dlg
2026-08-31 18:49:46,837 [Pipeline] Parsed 25 clusters from CD63_receptor_glyco_APBA.dlg
2026-08-31 18:49:46,838 [Pipeline] Merged receptor+ligand → /home/chan/Research/Monomer_screening_in_Bio/results/phase3/CD9/NSGA_25_APBA/cross_CD63/receptor_step0.pdb
2026-08-31 18:49:47,184 [Pipeline] Receptor PDBQT [ADFR prepare_receptor4 (python2.7)] → /home/chan/Research/Monomer_screening_in_Bio/results/phase3/CD9/NSGA_25_APBA/cross_CD63/receptor_step0.pdbqt
2026-08-31 18:49:47,185 [Pipeline]   charge check skipped (indeterminate: non-standard residues ['UNL']); net=+2.024 e
2026-08-31 18:49:47,187 [Pipeline] Custom AD4 parameters (B, Si) written: /home/chan/Research/Monomer_screening_in_Bio/results/phase3/CD9/NSGA_25_APBA/cross_CD63/step1_IBTES/AD4_parameters_custom.dat
2026-08-31 18:49:47,187 [Pipeline] GPF written → /home/chan/Research/Monomer_screening_in_Bio/results/phase3/CD9/NSGA_25_APBA/cross_CD63/step1_IBTES/receptor_step0_IBTES.gpf
2026-08-31 18:49:53,603 [Pipeline] DPF written → /home/chan/Research/Monomer_screening_in_Bio/results/phase3/CD9/NSGA_25_APBA/cross_CD63/step1_IBTES/receptor_step0_IBTES.dpf
2026-08-31 18:49:53,603 [Pipeline] AutoDock-GPU settings not transferable from DPF: parameter_file: AD-GPU ignores it. Receptor-side Si/B parameters reach the run only through the AutoGrid maps; ligand-internal ones only through --modpair (applied) | ls_search_freq / set_psw1 / sw_*: AD-GPU uses ADADELTA local search at 100% rate; the DPF's Solis-Wets block does not apply and the GPU search protocol is NOT identical to AD4 CPU | ga_num_evals is a CEILING on the GPU: --autostop 1 ends a run on convergence, so the DLG's 'evaluations performed' is normally well below the configured budget
2026-08-31 18:49:55,999 [Pipeline] AutoDock-GPU completed: receptor_step0_IBTES.dlg (seed (20260812, 559108663, 563846599))
2026-08-31 18:49:56,000 [Pipeline] Parsed 25 clusters from receptor_step0_IBTES.dlg
2026-08-31 18:49:56,001 [Pipeline] Parsed 25 clusters from receptor_step0_IBTES.dlg
2026-08-31 18:49:56,002 [Pipeline] Parsed 25 clusters from receptor_step0_IBTES.dlg
2026-08-31 18:49:56,003 [Pipeline] Merged receptor+ligand → /home/chan/Research/Monomer_screening_in_Bio/results/phase3/CD9/NSGA_25_APBA/cross_CD63/receptor_step1.pdb
2026-08-31 18:49:56,335 [Pipeline] Receptor PDBQT [ADFR prepare_receptor4 (python2.7)] → /home/chan/Research/Monomer_screening_in_Bio/results/phase3/CD9/NSGA_25_APBA/cross_CD63/receptor_step1.pdbqt
2026-08-31 18:49:56,336 [Pipeline]   charge check skipped (indeterminate: non-standard residues ['UNL']); net=+2.023 e
2026-08-31 18:49:56,338 [Pipeline] Custom AD4 parameters (B, Si) written: /home/chan/Research/Monomer_screening_in_Bio/results/phase3/CD9/NSGA_25_APBA/cross_CD63/step2_TEOS/AD4_parameters_custom.dat
2026-08-31 18:49:56,339 [Pipeline] GPF written → /home/chan/Research/Monomer_screening_in_Bio/results/phase3/CD9/NSGA_25_APBA/cross_CD63/step2_TEOS/receptor_step1_TEOS.gpf
2026-08-31 18:50:02,954 [Pipeline] DPF written → /home/chan/Research/Monomer_screening_in_Bio/results/phase3/CD9/NSGA_25_APBA/cross_CD63/step2_TEOS/receptor_step1_TEOS.dpf
2026-08-31 18:50:02,954 [Pipeline] AutoDock-GPU settings not transferable from DPF: parameter_file: AD-GPU ignores it. Receptor-side Si/B parameters reach the run only through the AutoGrid maps; ligand-internal ones only through --modpair (applied) | ls_search_freq / set_psw1 / sw_*: AD-GPU uses ADADELTA local search at 100% rate; the DPF's Solis-Wets block does not apply and the GPU search protocol is NOT identical to AD4 CPU | ga_num_evals is a CEILING on the GPU: --autostop 1 ends a run on convergence, so the DLG's 'evaluations performed' is normally well below the configured budget
2026-08-31 18:50:04,847 [Pipeline] AutoDock-GPU completed: receptor_step1_TEOS.dlg (seed (20260812, 2085961281, 2123710809))
2026-08-31 18:50:04,848 [Pipeline] Parsed 25 clusters from receptor_step1_TEOS.dlg
2026-08-31 18:50:04,849 [Pipeline] Parsed 25 clusters from receptor_step1_TEOS.dlg
2026-08-31 18:50:04,850 [Pipeline] Parsed 25 clusters from receptor_step1_TEOS.dlg
2026-08-31 18:50:04,850 [Pipeline]     XL TEOS: BE=-3.06
2026-08-31 18:50:04,852 [Pipeline] Custom AD4 parameters (B, Si) written: /home/chan/Research/Monomer_screening_in_Bio/results/phase3/CD9/NSGA_25_APBA/cross_CD63/step2_TMOS/AD4_parameters_custom.dat
2026-08-31 18:50:04,853 [Pipeline] GPF written → /home/chan/Research/Monomer_screening_in_Bio/results/phase3/CD9/NSGA_25_APBA/cross_CD63/step2_TMOS/receptor_step1_TMOS.gpf
2026-08-31 18:50:12,051 [Pipeline] DPF written → /home/chan/Research/Monomer_screening_in_Bio/results/phase3/CD9/NSGA_25_APBA/cross_CD63/step2_TMOS/receptor_step1_TMOS.dpf
2026-08-31 18:50:12,051 [Pipeline] AutoDock-GPU settings not transferable from DPF: parameter_file: AD-GPU ignores it. Receptor-side Si/B parameters reach the run only through the AutoGrid maps; ligand-internal ones only through --modpair (applied) | ls_search_freq / set_psw1 / sw_*: AD-GPU uses ADADELTA local search at 100% rate; the DPF's Solis-Wets block does not apply and the GPU search protocol is NOT identical to AD4 CPU | ga_num_evals is a CEILING on the GPU: --autostop 1 ends a run on convergence, so the DLG's 'evaluations performed' is normally well below the configured budget
2026-08-31 18:50:14,316 [Pipeline] AutoDock-GPU completed: receptor_step1_TMOS.dlg (seed (20260812, 703698410, 704240114))
2026-08-31 18:50:14,317 [Pipeline] Parsed 25 clusters from receptor_step1_TMOS.dlg
2026-08-31 18:50:14,318 [Pipeline] Parsed 25 clusters from receptor_step1_TMOS.dlg
2026-08-31 18:50:14,318 [Pipeline] Parsed 25 clusters from receptor_step1_TMOS.dlg
2026-08-31 18:50:14,319 [Pipeline]     XL TMOS: BE=-2.89
2026-08-31 18:50:14,319 [Pipeline]     Best XL: TEOS (BE=-3.06)
2026-08-31 18:50:14,321 [Pipeline] Custom AD4 parameters (B, Si) written: /home/chan/Research/Monomer_screening_in_Bio/results/phase3/CD9/NSGA_25_APBA/cross_CD81/step0_APBA/AD4_parameters_custom.dat
2026-08-31 18:50:14,321 [Pipeline] GPF written → /home/chan/Research/Monomer_screening_in_Bio/results/phase3/CD9/NSGA_25_APBA/cross_CD81/step0_APBA/CD81_receptor_APBA.gpf
2026-08-31 18:50:16,197 [Pipeline] DPF written → /home/chan/Research/Monomer_screening_in_Bio/results/phase3/CD9/NSGA_25_APBA/cross_CD81/step0_APBA/CD81_receptor_APBA.dpf
2026-08-31 18:50:16,198 [Pipeline] AutoDock-GPU settings not transferable from DPF: parameter_file: AD-GPU ignores it. Receptor-side Si/B parameters reach the run only through the AutoGrid maps; ligand-internal ones only through --modpair (applied) | ls_search_freq / set_psw1 / sw_*: AD-GPU uses ADADELTA local search at 100% rate; the DPF's Solis-Wets block does not apply and the GPU search protocol is NOT identical to AD4 CPU | ga_num_evals is a CEILING on the GPU: --autostop 1 ends a run on convergence, so the DLG's 'evaluations performed' is normally well below the configured budget
2026-08-31 18:50:17,300 [Pipeline] AutoDock-GPU completed: CD81_receptor_APBA.dlg (seed (20260812, 2100230507, 2102462067))
2026-08-31 18:50:17,301 [Pipeline] Parsed 25 clusters from CD81_receptor_APBA.dlg
2026-08-31 18:50:17,302 [Pipeline] Parsed 25 clusters from CD81_receptor_APBA.dlg
2026-08-31 18:50:17,303 [Pipeline] Parsed 25 clusters from CD81_receptor_APBA.dlg
2026-08-31 18:50:17,303 [Pipeline] Merged receptor+ligand → /home/chan/Research/Monomer_screening_in_Bio/results/phase3/CD9/NSGA_25_APBA/cross_CD81/receptor_step0.pdb
2026-08-31 18:50:17,539 [Pipeline] Receptor PDBQT [ADFR prepare_receptor4 (python2.7)] → /home/chan/Research/Monomer_screening_in_Bio/results/phase3/CD9/NSGA_25_APBA/cross_CD81/receptor_step0.pdbqt
2026-08-31 18:50:17,540 [Pipeline]   charge check skipped (indeterminate: non-standard residues ['UNL']); net=-1.963 e
2026-08-31 18:50:17,541 [Pipeline] Custom AD4 parameters (B, Si) written: /home/chan/Research/Monomer_screening_in_Bio/results/phase3/CD9/NSGA_25_APBA/cross_CD81/step1_IBTES/AD4_parameters_custom.dat
2026-08-31 18:50:17,542 [Pipeline] GPF written → /home/chan/Research/Monomer_screening_in_Bio/results/phase3/CD9/NSGA_25_APBA/cross_CD81/step1_IBTES/receptor_step0_IBTES.gpf
2026-08-31 18:50:17,966 [Pipeline] DPF written → /home/chan/Research/Monomer_screening_in_Bio/results/phase3/CD9/NSGA_25_APBA/cross_CD81/step1_IBTES/receptor_step0_IBTES.dpf
2026-08-31 18:50:17,966 [Pipeline] AutoDock-GPU settings not transferable from DPF: parameter_file: AD-GPU ignores it. Receptor-side Si/B parameters reach the run only through the AutoGrid maps; ligand-internal ones only through --modpair (applied) | ls_search_freq / set_psw1 / sw_*: AD-GPU uses ADADELTA local search at 100% rate; the DPF's Solis-Wets block does not apply and the GPU search protocol is NOT identical to AD4 CPU | ga_num_evals is a CEILING on the GPU: --autostop 1 ends a run on convergence, so the DLG's 'evaluations performed' is normally well below the configured budget
2026-08-31 18:50:19,166 [Pipeline] AutoDock-GPU completed: receptor_step0_IBTES.dlg (seed (20260812, 559108663, 563846599))
2026-08-31 18:50:19,167 [Pipeline] Parsed 25 clusters from receptor_step0_IBTES.dlg
2026-08-31 18:50:19,168 [Pipeline] Parsed 25 clusters from receptor_step0_IBTES.dlg
2026-08-31 18:50:19,169 [Pipeline] Parsed 25 clusters from receptor_step0_IBTES.dlg
2026-08-31 18:50:19,170 [Pipeline] Merged receptor+ligand → /home/chan/Research/Monomer_screening_in_Bio/results/phase3/CD9/NSGA_25_APBA/cross_CD81/receptor_step1.pdb
2026-08-31 18:50:19,460 [Pipeline] Receptor PDBQT [ADFR prepare_receptor4 (python2.7)] → /home/chan/Research/Monomer_screening_in_Bio/results/phase3/CD9/NSGA_25_APBA/cross_CD81/receptor_step1.pdbqt
2026-08-31 18:50:19,461 [Pipeline]   charge check skipped (indeterminate: non-standard residues ['UNL']); net=-1.964 e
2026-08-31 18:50:19,463 [Pipeline] Custom AD4 parameters (B, Si) written: /home/chan/Research/Monomer_screening_in_Bio/results/phase3/CD9/NSGA_25_APBA/cross_CD81/step2_TEOS/AD4_parameters_custom.dat
2026-08-31 18:50:19,463 [Pipeline] GPF written → /home/chan/Research/Monomer_screening_in_Bio/results/phase3/CD9/NSGA_25_APBA/cross_CD81/step2_TEOS/receptor_step1_TEOS.gpf
2026-08-31 18:50:21,132 [Pipeline] DPF written → /home/chan/Research/Monomer_screening_in_Bio/results/phase3/CD9/NSGA_25_APBA/cross_CD81/step2_TEOS/receptor_step1_TEOS.dpf
2026-08-31 18:50:21,132 [Pipeline] AutoDock-GPU settings not transferable from DPF: parameter_file: AD-GPU ignores it. Receptor-side Si/B parameters reach the run only through the AutoGrid maps; ligand-internal ones only through --modpair (applied) | ls_search_freq / set_psw1 / sw_*: AD-GPU uses ADADELTA local search at 100% rate; the DPF's Solis-Wets block does not apply and the GPU search protocol is NOT identical to AD4 CPU | ga_num_evals is a CEILING on the GPU: --autostop 1 ends a run on convergence, so the DLG's 'evaluations performed' is normally well below the configured budget
2026-08-31 18:50:22,060 [Pipeline] AutoDock-GPU completed: receptor_step1_TEOS.dlg (seed (20260812, 2085961281, 2123710809))
2026-08-31 18:50:22,060 [Pipeline] Parsed 25 clusters from receptor_step1_TEOS.dlg
2026-08-31 18:50:22,061 [Pipeline] Parsed 25 clusters from receptor_step1_TEOS.dlg
2026-08-31 18:50:22,062 [Pipeline] Parsed 25 clusters from receptor_step1_TEOS.dlg
2026-08-31 18:50:22,062 [Pipeline]     XL TEOS: BE=-3.22
2026-08-31 18:50:22,064 [Pipeline] Custom AD4 parameters (B, Si) written: /home/chan/Research/Monomer_screening_in_Bio/results/phase3/CD9/NSGA_25_APBA/cross_CD81/step2_TMOS/AD4_parameters_custom.dat
2026-08-31 18:50:22,064 [Pipeline] GPF written → /home/chan/Research/Monomer_screening_in_Bio/results/phase3/CD9/NSGA_25_APBA/cross_CD81/step2_TMOS/receptor_step1_TMOS.gpf
2026-08-31 18:50:23,865 [Pipeline] DPF written → /home/chan/Research/Monomer_screening_in_Bio/results/phase3/CD9/NSGA_25_APBA/cross_CD81/step2_TMOS/receptor_step1_TMOS.dpf
2026-08-31 18:50:23,865 [Pipeline] AutoDock-GPU settings not transferable from DPF: parameter_file: AD-GPU ignores it. Receptor-side Si/B parameters reach the run only through the AutoGrid maps; ligand-internal ones only through --modpair (applied) | ls_search_freq / set_psw1 / sw_*: AD-GPU uses ADADELTA local search at 100% rate; the DPF's Solis-Wets block does not apply and the GPU search protocol is NOT identical to AD4 CPU | ga_num_evals is a CEILING on the GPU: --autostop 1 ends a run on convergence, so the DLG's 'evaluations performed' is normally well below the configured budget
2026-08-31 18:50:24,793 [Pipeline] AutoDock-GPU completed: receptor_step1_TMOS.dlg (seed (20260812, 703698410, 704240114))
2026-08-31 18:50:24,794 [Pipeline] Parsed 25 clusters from receptor_step1_TMOS.dlg
2026-08-31 18:50:24,795 [Pipeline] Parsed 25 clusters from receptor_step1_TMOS.dlg
2026-08-31 18:50:24,795 [Pipeline] Parsed 25 clusters from receptor_step1_TMOS.dlg
2026-08-31 18:50:24,796 [Pipeline]     XL TMOS: BE=-3.13
2026-08-31 18:50:24,796 [Pipeline]     Best XL: TEOS (BE=-3.22)
2026-08-31 18:50:24,796 [Pipeline]     NSGA_25_APBA ΔΔG=-0.51 kcal/mol, penalty=0.25 → obj=-4.155
2026-08-31 18:50:24,796 [Pipeline]   NSGA[25]: ['APBA', 'IBTES'] → aff=-4.40, sel=0.81, synth=9.2/10, ΔΔG=-0.51
2026-08-31 18:50:24,799 [Pipeline] Custom AD4 parameters (B, Si) written: /home/chan/Research/Monomer_screening_in_Bio/results/phase3/CD9/NSGA_26_CETES/step0_CETES/AD4_parameters_custom.dat
2026-08-31 18:50:24,799 [Pipeline] GPF written → /home/chan/Research/Monomer_screening_in_Bio/results/phase3/CD9/NSGA_26_CETES/step0_CETES/CD9_receptor_CETES.gpf
2026-08-31 18:50:26,460 [Pipeline] DPF written → /home/chan/Research/Monomer_screening_in_Bio/results/phase3/CD9/NSGA_26_CETES/step0_CETES/CD9_receptor_CETES.dpf
2026-08-31 18:50:26,460 [Pipeline] AutoDock-GPU settings not transferable from DPF: parameter_file: AD-GPU ignores it. Receptor-side Si/B parameters reach the run only through the AutoGrid maps; ligand-internal ones only through --modpair (applied) | ls_search_freq / set_psw1 / sw_*: AD-GPU uses ADADELTA local search at 100% rate; the DPF's Solis-Wets block does not apply and the GPU search protocol is NOT identical to AD4 CPU | ga_num_evals is a CEILING on the GPU: --autostop 1 ends a run on convergence, so the DLG's 'evaluations performed' is normally well below the configured budget
2026-08-31 18:50:28,071 [Pipeline] AutoDock-GPU completed: CD9_receptor_CETES.dlg (seed (20260812, 1465188387, 1469403067))
2026-08-31 18:50:28,072 [Pipeline] Parsed 25 clusters from CD9_receptor_CETES.dlg
2026-08-31 18:50:28,072 [Pipeline] Parsed 25 clusters from CD9_receptor_CETES.dlg
2026-08-31 18:50:28,073 [Pipeline] Parsed 25 clusters from CD9_receptor_CETES.dlg
2026-08-31 18:50:28,074 [Pipeline] Merged receptor+ligand → /home/chan/Research/Monomer_screening_in_Bio/results/phase3/CD9/NSGA_26_CETES/receptor_step0.pdb
2026-08-31 18:50:28,282 [Pipeline] Receptor PDBQT [ADFR prepare_receptor4 (python2.7)] → /home/chan/Research/Monomer_screening_in_Bio/results/phase3/CD9/NSGA_26_CETES/receptor_step0.pdbqt
2026-08-31 18:50:28,283 [Pipeline]   charge check skipped (indeterminate: non-standard residues ['UNL']); net=-0.971 e
2026-08-31 18:50:28,284 [Pipeline] Custom AD4 parameters (B, Si) written: /home/chan/Research/Monomer_screening_in_Bio/results/phase3/CD9/NSGA_26_CETES/step1_TTMS/AD4_parameters_custom.dat
2026-08-31 18:50:28,285 [Pipeline] GPF written → /home/chan/Research/Monomer_screening_in_Bio/results/phase3/CD9/NSGA_26_CETES/step1_TTMS/receptor_step0_TTMS.gpf
2026-08-31 18:50:29,711 [Pipeline] DPF written → /home/chan/Research/Monomer_screening_in_Bio/results/phase3/CD9/NSGA_26_CETES/step1_TTMS/receptor_step0_TTMS.dpf
2026-08-31 18:50:29,711 [Pipeline] AutoDock-GPU settings not transferable from DPF: parameter_file: AD-GPU ignores it. Receptor-side Si/B parameters reach the run only through the AutoGrid maps; ligand-internal ones only through --modpair (applied) | ls_search_freq / set_psw1 / sw_*: AD-GPU uses ADADELTA local search at 100% rate; the DPF's Solis-Wets block does not apply and the GPU search protocol is NOT identical to AD4 CPU | ga_num_evals is a CEILING on the GPU: --autostop 1 ends a run on convergence, so the DLG's 'evaluations performed' is normally well below the configured budget
2026-08-31 18:50:30,608 [Pipeline] AutoDock-GPU completed: receptor_step0_TTMS.dlg (seed (20260812, 404614536, 442364440))
2026-08-31 18:50:30,609 [Pipeline] Parsed 25 clusters from receptor_step0_TTMS.dlg
2026-08-31 18:50:30,609 [Pipeline] Parsed 25 clusters from receptor_step0_TTMS.dlg
2026-08-31 18:50:30,610 [Pipeline] Parsed 25 clusters from receptor_step0_TTMS.dlg
2026-08-31 18:50:30,611 [Pipeline] Merged receptor+ligand → /home/chan/Research/Monomer_screening_in_Bio/results/phase3/CD9/NSGA_26_CETES/receptor_step1.pdb
2026-08-31 18:50:30,816 [Pipeline] Receptor PDBQT [ADFR prepare_receptor4 (python2.7)] → /home/chan/Research/Monomer_screening_in_Bio/results/phase3/CD9/NSGA_26_CETES/receptor_step1.pdbqt
2026-08-31 18:50:30,817 [Pipeline]   charge check skipped (indeterminate: non-standard residues ['UNL']); net=-0.971 e
2026-08-31 18:50:30,819 [Pipeline] Custom AD4 parameters (B, Si) written: /home/chan/Research/Monomer_screening_in_Bio/results/phase3/CD9/NSGA_26_CETES/step2_IBTES/AD4_parameters_custom.dat
2026-08-31 18:50:30,819 [Pipeline] GPF written → /home/chan/Research/Monomer_screening_in_Bio/results/phase3/CD9/NSGA_26_CETES/step2_IBTES/receptor_step1_IBTES.gpf
2026-08-31 18:50:32,285 [Pipeline] DPF written → /home/chan/Research/Monomer_screening_in_Bio/results/phase3/CD9/NSGA_26_CETES/step2_IBTES/receptor_step1_IBTES.dpf
2026-08-31 18:50:32,286 [Pipeline] AutoDock-GPU settings not transferable from DPF: parameter_file: AD-GPU ignores it. Receptor-side Si/B parameters reach the run only through the AutoGrid maps; ligand-internal ones only through --modpair (applied) | ls_search_freq / set_psw1 / sw_*: AD-GPU uses ADADELTA local search at 100% rate; the DPF's Solis-Wets block does not apply and the GPU search protocol is NOT identical to AD4 CPU | ga_num_evals is a CEILING on the GPU: --autostop 1 ends a run on convergence, so the DLG's 'evaluations performed' is normally well below the configured budget
2026-08-31 18:50:33,330 [Pipeline] AutoDock-GPU completed: receptor_step1_IBTES.dlg (seed (20260812, 958535893, 961308389))
2026-08-31 18:50:33,331 [Pipeline] Parsed 25 clusters from receptor_step1_IBTES.dlg
2026-08-31 18:50:33,332 [Pipeline] Parsed 25 clusters from receptor_step1_IBTES.dlg
2026-08-31 18:50:33,333 [Pipeline] Parsed 25 clusters from receptor_step1_IBTES.dlg
2026-08-31 18:50:33,333 [Pipeline] Merged receptor+ligand → /home/chan/Research/Monomer_screening_in_Bio/results/phase3/CD9/NSGA_26_CETES/receptor_step2.pdb
2026-08-31 18:50:33,548 [Pipeline] Receptor PDBQT [ADFR prepare_receptor4 (python2.7)] → /home/chan/Research/Monomer_screening_in_Bio/results/phase3/CD9/NSGA_26_CETES/receptor_step2.pdbqt
2026-08-31 18:50:33,548 [Pipeline]   charge check skipped (indeterminate: non-standard residues ['UNL']); net=-0.972 e
2026-08-31 18:50:33,550 [Pipeline] Custom AD4 parameters (B, Si) written: /home/chan/Research/Monomer_screening_in_Bio/results/phase3/CD9/NSGA_26_CETES/step3_TEOS/AD4_parameters_custom.dat
2026-08-31 18:50:33,550 [Pipeline] GPF written → /home/chan/Research/Monomer_screening_in_Bio/results/phase3/CD9/NSGA_26_CETES/step3_TEOS/receptor_step2_TEOS.gpf
2026-08-31 18:50:35,068 [Pipeline] DPF written → /home/chan/Research/Monomer_screening_in_Bio/results/phase3/CD9/NSGA_26_CETES/step3_TEOS/receptor_step2_TEOS.dpf
2026-08-31 18:50:35,068 [Pipeline] AutoDock-GPU settings not transferable from DPF: parameter_file: AD-GPU ignores it. Receptor-side Si/B parameters reach the run only through the AutoGrid maps; ligand-internal ones only through --modpair (applied) | ls_search_freq / set_psw1 / sw_*: AD-GPU uses ADADELTA local search at 100% rate; the DPF's Solis-Wets block does not apply and the GPU search protocol is NOT identical to AD4 CPU | ga_num_evals is a CEILING on the GPU: --autostop 1 ends a run on convergence, so the DLG's 'evaluations performed' is normally well below the configured budget
2026-08-31 18:50:35,941 [Pipeline] AutoDock-GPU completed: receptor_step2_TEOS.dlg (seed (20260812, 727588156, 731931324))
2026-08-31 18:50:35,942 [Pipeline] Parsed 25 clusters from receptor_step2_TEOS.dlg
2026-08-31 18:50:35,943 [Pipeline] Parsed 25 clusters from receptor_step2_TEOS.dlg
2026-08-31 18:50:35,944 [Pipeline] Parsed 25 clusters from receptor_step2_TEOS.dlg
2026-08-31 18:50:35,944 [Pipeline]     XL TEOS: BE=-3.42
2026-08-31 18:50:35,946 [Pipeline] Custom AD4 parameters (B, Si) written: /home/chan/Research/Monomer_screening_in_Bio/results/phase3/CD9/NSGA_26_CETES/step3_TMOS/AD4_parameters_custom.dat
2026-08-31 18:50:35,946 [Pipeline] GPF written → /home/chan/Research/Monomer_screening_in_Bio/results/phase3/CD9/NSGA_26_CETES/step3_TMOS/receptor_step2_TMOS.gpf
2026-08-31 18:50:37,369 [Pipeline] DPF written → /home/chan/Research/Monomer_screening_in_Bio/results/phase3/CD9/NSGA_26_CETES/step3_TMOS/receptor_step2_TMOS.dpf
2026-08-31 18:50:37,369 [Pipeline] AutoDock-GPU settings not transferable from DPF: parameter_file: AD-GPU ignores it. Receptor-side Si/B parameters reach the run only through the AutoGrid maps; ligand-internal ones only through --modpair (applied) | ls_search_freq / set_psw1 / sw_*: AD-GPU uses ADADELTA local search at 100% rate; the DPF's Solis-Wets block does not apply and the GPU search protocol is NOT identical to AD4 CPU | ga_num_evals is a CEILING on the GPU: --autostop 1 ends a run on convergence, so the DLG's 'evaluations performed' is normally well below the configured budget
2026-08-31 18:50:38,195 [Pipeline] AutoDock-GPU completed: receptor_step2_TMOS.dlg (seed (20260812, 709148884, 749145836))
2026-08-31 18:50:38,196 [Pipeline] Parsed 25 clusters from receptor_step2_TMOS.dlg
2026-08-31 18:50:38,197 [Pipeline] Parsed 25 clusters from receptor_step2_TMOS.dlg
2026-08-31 18:50:38,197 [Pipeline] Parsed 25 clusters from receptor_step2_TMOS.dlg
2026-08-31 18:50:38,198 [Pipeline]     XL TMOS: BE=-3.35
2026-08-31 18:50:38,198 [Pipeline]     Best XL: TEOS (BE=-3.42)
2026-08-31 18:50:38,200 [Pipeline] Custom AD4 parameters (B, Si) written: /home/chan/Research/Monomer_screening_in_Bio/results/phase3/CD9/NSGA_26_CETES/cross_CD63/step0_CETES/AD4_parameters_custom.dat
2026-08-31 18:50:38,200 [Pipeline] GPF written → /home/chan/Research/Monomer_screening_in_Bio/results/phase3/CD9/NSGA_26_CETES/cross_CD63/step0_CETES/CD63_receptor_glyco_CETES.gpf
2026-08-31 18:50:44,998 [Pipeline] DPF written → /home/chan/Research/Monomer_screening_in_Bio/results/phase3/CD9/NSGA_26_CETES/cross_CD63/step0_CETES/CD63_receptor_glyco_CETES.dpf
2026-08-31 18:50:44,998 [Pipeline] AutoDock-GPU settings not transferable from DPF: parameter_file: AD-GPU ignores it. Receptor-side Si/B parameters reach the run only through the AutoGrid maps; ligand-internal ones only through --modpair (applied) | ls_search_freq / set_psw1 / sw_*: AD-GPU uses ADADELTA local search at 100% rate; the DPF's Solis-Wets block does not apply and the GPU search protocol is NOT identical to AD4 CPU | ga_num_evals is a CEILING on the GPU: --autostop 1 ends a run on convergence, so the DLG's 'evaluations performed' is normally well below the configured budget
2026-08-31 18:50:47,946 [Pipeline] AutoDock-GPU completed: CD63_receptor_glyco_CETES.dlg (seed (20260812, 1438726406, 1445545622))
2026-08-31 18:50:47,947 [Pipeline] Parsed 25 clusters from CD63_receptor_glyco_CETES.dlg
2026-08-31 18:50:47,948 [Pipeline] Parsed 25 clusters from CD63_receptor_glyco_CETES.dlg
2026-08-31 18:50:47,949 [Pipeline] Parsed 25 clusters from CD63_receptor_glyco_CETES.dlg
2026-08-31 18:50:47,949 [Pipeline] Merged receptor+ligand → /home/chan/Research/Monomer_screening_in_Bio/results/phase3/CD9/NSGA_26_CETES/cross_CD63/receptor_step0.pdb
2026-08-31 18:50:48,213 [Pipeline] Receptor PDBQT [ADFR prepare_receptor4 (python2.7)] → /home/chan/Research/Monomer_screening_in_Bio/results/phase3/CD9/NSGA_26_CETES/cross_CD63/receptor_step0.pdbqt
2026-08-31 18:50:48,214 [Pipeline]   charge check skipped (indeterminate: non-standard residues ['UNL']); net=+2.023 e
2026-08-31 18:50:48,216 [Pipeline] Custom AD4 parameters (B, Si) written: /home/chan/Research/Monomer_screening_in_Bio/results/phase3/CD9/NSGA_26_CETES/cross_CD63/step1_TTMS/AD4_parameters_custom.dat
2026-08-31 18:50:48,216 [Pipeline] GPF written → /home/chan/Research/Monomer_screening_in_Bio/results/phase3/CD9/NSGA_26_CETES/cross_CD63/step1_TTMS/receptor_step0_TTMS.gpf
2026-08-31 18:50:52,597 [Pipeline] DPF written → /home/chan/Research/Monomer_screening_in_Bio/results/phase3/CD9/NSGA_26_CETES/cross_CD63/step1_TTMS/receptor_step0_TTMS.dpf
2026-08-31 18:50:52,598 [Pipeline] AutoDock-GPU settings not transferable from DPF: parameter_file: AD-GPU ignores it. Receptor-side Si/B parameters reach the run only through the AutoGrid maps; ligand-internal ones only through --modpair (applied) | ls_search_freq / set_psw1 / sw_*: AD-GPU uses ADADELTA local search at 100% rate; the DPF's Solis-Wets block does not apply and the GPU search protocol is NOT identical to AD4 CPU | ga_num_evals is a CEILING on the GPU: --autostop 1 ends a run on convergence, so the DLG's 'evaluations performed' is normally well below the configured budget
2026-08-31 18:50:54,641 [Pipeline] AutoDock-GPU completed: receptor_step0_TTMS.dlg (seed (20260812, 404614536, 442364440))
2026-08-31 18:50:54,642 [Pipeline] Parsed 25 clusters from receptor_step0_TTMS.dlg
2026-08-31 18:50:54,643 [Pipeline] Parsed 25 clusters from receptor_step0_TTMS.dlg
2026-08-31 18:50:54,643 [Pipeline] Parsed 25 clusters from receptor_step0_TTMS.dlg
2026-08-31 18:50:54,644 [Pipeline] Merged receptor+ligand → /home/chan/Research/Monomer_screening_in_Bio/results/phase3/CD9/NSGA_26_CETES/cross_CD63/receptor_step1.pdb
2026-08-31 18:50:54,898 [Pipeline] Receptor PDBQT [ADFR prepare_receptor4 (python2.7)] → /home/chan/Research/Monomer_screening_in_Bio/results/phase3/CD9/NSGA_26_CETES/cross_CD63/receptor_step1.pdbqt
2026-08-31 18:50:54,899 [Pipeline]   charge check skipped (indeterminate: non-standard residues ['UNL']); net=+2.023 e
2026-08-31 18:50:54,901 [Pipeline] Custom AD4 parameters (B, Si) written: /home/chan/Research/Monomer_screening_in_Bio/results/phase3/CD9/NSGA_26_CETES/cross_CD63/step2_IBTES/AD4_parameters_custom.dat
2026-08-31 18:50:54,901 [Pipeline] GPF written → /home/chan/Research/Monomer_screening_in_Bio/results/phase3/CD9/NSGA_26_CETES/cross_CD63/step2_IBTES/receptor_step1_IBTES.gpf
2026-08-31 18:51:00,718 [Pipeline] DPF written → /home/chan/Research/Monomer_screening_in_Bio/results/phase3/CD9/NSGA_26_CETES/cross_CD63/step2_IBTES/receptor_step1_IBTES.dpf
2026-08-31 18:51:00,718 [Pipeline] AutoDock-GPU settings not transferable from DPF: parameter_file: AD-GPU ignores it. Receptor-side Si/B parameters reach the run only through the AutoGrid maps; ligand-internal ones only through --modpair (applied) | ls_search_freq / set_psw1 / sw_*: AD-GPU uses ADADELTA local search at 100% rate; the DPF's Solis-Wets block does not apply and the GPU search protocol is NOT identical to AD4 CPU | ga_num_evals is a CEILING on the GPU: --autostop 1 ends a run on convergence, so the DLG's 'evaluations performed' is normally well below the configured budget
2026-08-31 18:51:02,500 [Pipeline] AutoDock-GPU completed: receptor_step1_IBTES.dlg (seed (20260812, 958535893, 961308389))
2026-08-31 18:51:02,501 [Pipeline] Parsed 25 clusters from receptor_step1_IBTES.dlg
2026-08-31 18:51:02,502 [Pipeline] Parsed 25 clusters from receptor_step1_IBTES.dlg
2026-08-31 18:51:02,503 [Pipeline] Parsed 25 clusters from receptor_step1_IBTES.dlg
2026-08-31 18:51:02,504 [Pipeline] Merged receptor+ligand → /home/chan/Research/Monomer_screening_in_Bio/results/phase3/CD9/NSGA_26_CETES/cross_CD63/receptor_step2.pdb
2026-08-31 18:51:02,764 [Pipeline] Receptor PDBQT [ADFR prepare_receptor4 (python2.7)] → /home/chan/Research/Monomer_screening_in_Bio/results/phase3/CD9/NSGA_26_CETES/cross_CD63/receptor_step2.pdbqt
2026-08-31 18:51:02,765 [Pipeline]   charge check skipped (indeterminate: non-standard residues ['UNL']); net=+2.022 e
2026-08-31 18:51:02,768 [Pipeline] Custom AD4 parameters (B, Si) written: /home/chan/Research/Monomer_screening_in_Bio/results/phase3/CD9/NSGA_26_CETES/cross_CD63/step3_TEOS/AD4_parameters_custom.dat
2026-08-31 18:51:02,768 [Pipeline] GPF written → /home/chan/Research/Monomer_screening_in_Bio/results/phase3/CD9/NSGA_26_CETES/cross_CD63/step3_TEOS/receptor_step2_TEOS.gpf
2026-08-31 18:51:08,464 [Pipeline] DPF written → /home/chan/Research/Monomer_screening_in_Bio/results/phase3/CD9/NSGA_26_CETES/cross_CD63/step3_TEOS/receptor_step2_TEOS.dpf
2026-08-31 18:51:08,464 [Pipeline] AutoDock-GPU settings not transferable from DPF: parameter_file: AD-GPU ignores it. Receptor-side Si/B parameters reach the run only through the AutoGrid maps; ligand-internal ones only through --modpair (applied) | ls_search_freq / set_psw1 / sw_*: AD-GPU uses ADADELTA local search at 100% rate; the DPF's Solis-Wets block does not apply and the GPU search protocol is NOT identical to AD4 CPU | ga_num_evals is a CEILING on the GPU: --autostop 1 ends a run on convergence, so the DLG's 'evaluations performed' is normally well below the configured budget
2026-08-31 18:51:10,293 [Pipeline] AutoDock-GPU completed: receptor_step2_TEOS.dlg (seed (20260812, 727588156, 731931324))
2026-08-31 18:51:10,294 [Pipeline] Parsed 25 clusters from receptor_step2_TEOS.dlg
2026-08-31 18:51:10,295 [Pipeline] Parsed 25 clusters from receptor_step2_TEOS.dlg
2026-08-31 18:51:10,295 [Pipeline] Parsed 25 clusters from receptor_step2_TEOS.dlg
2026-08-31 18:51:10,296 [Pipeline]     XL TEOS: BE=-3.01
2026-08-31 18:51:10,298 [Pipeline] Custom AD4 parameters (B, Si) written: /home/chan/Research/Monomer_screening_in_Bio/results/phase3/CD9/NSGA_26_CETES/cross_CD63/step3_TMOS/AD4_parameters_custom.dat
2026-08-31 18:51:10,298 [Pipeline] GPF written → /home/chan/Research/Monomer_screening_in_Bio/results/phase3/CD9/NSGA_26_CETES/cross_CD63/step3_TMOS/receptor_step2_TMOS.gpf
